search_method,scenario_name,topK,coarse_az_step,coarse_el_step,fine_az_step,fine_el_step,config_name,coarse_config_name,refine_config_name,sweep_phase,local_az_half_width,local_el_center_half_width,az_center_bias_deg,el_center_bias_deg,rho,phase_deg,beta,az_sep_deg,el_sep_deg,snr_db,B,W_method,search_param_mode,full_el_sep_deg_list_text,coarse_el_sep_deg_list_text,fine_el_sep_deg_list_text,joint_success_rate,az_rmse_mean,el_rmse_mean,combined_rmse_mean,boundary_hit_rate,mean_num_pairs,mean_full_num_pairs,mean_coarse_num_pairs,mean_refine_num_pairs,mean_reduction_ratio_vs_full,full_grid_match_rate,topK_miss_rate,full_success_test_fail_rate,el_sep_match_rate_vs_full,max_score_mean,cond_best_GHG_mean,n_trials,overall_joint_success_rate,overall_az_rmse_mean,overall_el_rmse_mean,overall_combined_rmse_mean,worst_case_success,overall_boundary_hit_rate,overall_mean_num_pairs,overall_mean_reduction_ratio_vs_full,overall_full_grid_match_rate,overall_topK_miss_rate,overall_el_sep_match_rate_vs_full
coarse_to_fine,easy_noncoherent,3,0.16,0.24,0.08,0.12,default_config,default_coarse,default_refine,single,0.32,0.48,0,0,0,0,1,1.27,0.67,30,7,greedy_combined_B7,degree_based_el_sep,"[0,0.24,0.36,0.48,0.6,0.72]","[0,0.36,0.72]","[0,0.24,0.36,0.48,0.6,0.72]",1,0.0206155281280884,0.0559016994374943,0.0595818764390646,0,17883,131461,7353,10530,7.36340788948177,1,0,0,1,203984.369752767,1.34414817558841,10,1,0.0366556110726745,0.06678628377114,0.0765589261213527,1,0,19161.9,6.89563144212141,1,0,1
coarse_to_fine,hard_phase,3,0.16,0.24,0.08,0.12,default_config,default_coarse,default_refine,single,0.32,0.48,0,0,0.99,150,1,0.83,0.37,30,7,greedy_combined_B7,degree_based_el_sep,"[0,0.24,0.36,0.48,0.6,0.72]","[0,0.36,0.72]","[0,0.24,0.36,0.48,0.6,0.72]",1,0.0250000000000002,0.0502493781056035,0.0561248608016083,0,18774,131461,7353,11421,7.00281182302762,1,0,0,1,159921.136578551,2.26808431829936,10,1,0.0366556110726745,0.06678628377114,0.0765589261213527,1,0,19161.9,6.89563144212141,1,0,1
coarse_to_fine,low_snr_hard,3,0.16,0.24,0.08,0.12,default_config,default_coarse,default_refine,single,0.32,0.48,0,0,1,150,0.3,0.83,0.37,20,7,greedy_combined_B7,degree_based_el_sep,"[0,0.24,0.36,0.48,0.6,0.72]","[0,0.36,0.72]","[0,0.24,0.36,0.48,0.6,0.72]",1,0.0585234995535977,0.0887654816034995,0.106386995455045,0,20641.5,131461,7353,13288.5,6.43722002635046,1,0,0,1,96125.8619762708,2.76561604059513,10,1,0.0366556110726745,0.06678628377114,0.0765589261213527,1,0,19161.9,6.89563144212141,1,0,1
coarse_to_fine,strong_coherent,3,0.16,0.24,0.08,0.12,default_config,default_coarse,default_refine,single,0.32,0.48,0,0,0.99,5,1,1.27,0.37,30,7,greedy_combined_B7,degree_based_el_sep,"[0,0.24,0.36,0.48,0.6,0.72]","[0,0.36,0.72]","[0,0.24,0.36,0.48,0.6,0.72]",1,0.0206155281280884,0.0502493781056035,0.0543139024560002,0,19998,131461,7353,12645,6.57370737073707,1,0,0,1,195874.664776659,1.29607512490738,10,1,0.0366556110726745,0.06678628377114,0.0765589261213527,1,0,19161.9,6.89563144212141,1,0,1
coarse_to_fine,weak_secondary,3,0.16,0.24,0.08,0.12,default_config,default_coarse,default_refine,single,0.32,0.48,0,0,0.99,150,0.3,0.83,0.37,30,7,greedy_combined_B7,degree_based_el_sep,"[0,0.24,0.36,0.48,0.6,0.72]","[0,0.36,0.72]","[0,0.24,0.36,0.48,0.6,0.72]",1,0.0585234995535977,0.0887654816034995,0.106386995455045,0,18513,131461,7353,11160,7.1010101010101,1,0,0,1,96270.9642462619,2.76561604059513,10,1,0.0366556110726745,0.06678628377114,0.0765589261213527,1,0,19161.9,6.89563144212141,1,0,1
full_fine,easy_noncoherent,3,0.16,0.24,0.08,0.12,default_config,default_coarse,default_refine,single,0.32,0.48,0,0,0,0,1,1.27,0.67,30,7,greedy_combined_B7,degree_based_el_sep,"[0,0.24,0.36,0.48,0.6,0.72]","[0,0.36,0.72]","[0,0.24,0.36,0.48,0.6,0.72]",1,0.0206155281280884,0.0559016994374931,0.0595818764390635,0,131461,131461,0,0,1,1,0,0,1,203984.369752767,1.34414817558841,10,1,0.0366556110726745,0.0667862837711398,0.0765589261213525,1,0,131461,1,1,0,1
full_fine,hard_phase,3,0.16,0.24,0.08,0.12,default_config,default_coarse,default_refine,single,0.32,0.48,0,0,0.99,150,1,0.83,0.37,30,7,greedy_combined_B7,degree_based_el_sep,"[0,0.24,0.36,0.48,0.6,0.72]","[0,0.36,0.72]","[0,0.24,0.36,0.48,0.6,0.72]",1,0.0250000000000002,0.0502493781056035,0.0561248608016083,0,131461,131461,0,0,1,1,0,0,1,159921.136578551,2.26808431829936,10,1,0.0366556110726745,0.0667862837711398,0.0765589261213525,1,0,131461,1,1,0,1
full_fine,low_snr_hard,3,0.16,0.24,0.08,0.12,default_config,default_coarse,default_refine,single,0.32,0.48,0,0,1,150,0.3,0.83,0.37,20,7,greedy_combined_B7,degree_based_el_sep,"[0,0.24,0.36,0.48,0.6,0.72]","[0,0.36,0.72]","[0,0.24,0.36,0.48,0.6,0.72]",1,0.0585234995535977,0.0887654816034995,0.106386995455045,0,131461,131461,0,0,1,1,0,0,1,96125.8619762708,2.76561604059513,10,1,0.0366556110726745,0.0667862837711398,0.0765589261213525,1,0,131461,1,1,0,1
full_fine,strong_coherent,3,0.16,0.24,0.08,0.12,default_config,default_coarse,default_refine,single,0.32,0.48,0,0,0.99,5,1,1.27,0.37,30,7,greedy_combined_B7,degree_based_el_sep,"[0,0.24,0.36,0.48,0.6,0.72]","[0,0.36,0.72]","[0,0.24,0.36,0.48,0.6,0.72]",1,0.0206155281280884,0.0502493781056035,0.0543139024560002,0,131461,131461,0,0,1,1,0,0,1,195874.664776659,1.29607512490738,10,1,0.0366556110726745,0.0667862837711398,0.0765589261213525,1,0,131461,1,1,0,1
full_fine,weak_secondary,3,0.16,0.24,0.08,0.12,default_config,default_coarse,default_refine,single,0.32,0.48,0,0,0.99,150,0.3,0.83,0.37,30,7,greedy_combined_B7,degree_based_el_sep,"[0,0.24,0.36,0.48,0.6,0.72]","[0,0.36,0.72]","[0,0.24,0.36,0.48,0.6,0.72]",1,0.0585234995535977,0.0887654816034995,0.106386995455045,0,131461,131461,0,0,1,1,0,0,1,96270.9642462619,2.76561604059513,10,1,0.0366556110726745,0.0667862837711398,0.0765589261213525,1,0,131461,1,1,0,1
coarse_to_fine,easy_noncoherent,3,0.16,0.24,0.08,0.12,default_config,default_coarse,default_refine,single,0.32,0.48,0.2,0,0,0,1,1.27,0.67,30,7,greedy_combined_B7,degree_based_el_sep,"[0,0.24,0.36,0.48,0.6,0.72]","[0,0.36,0.72]","[0,0.24,0.36,0.48,0.6,0.72]",1,0.0206155281280887,0.0559016994374943,0.0595818764390647,0,16830,131461,7353,9477,7.81111111111111,1,0,0,1,203482.763201229,1.36524913305289,10,1,0.0267540218448181,0.0561960354981793,0.0624526188471318,1,0,17926.2,7.35689648765386,1,0,1
coarse_to_fine,hard_phase,3,0.16,0.24,0.08,0.12,default_config,default_coarse,default_refine,single,0.32,0.48,0.2,0,0.99,150,1,0.83,0.37,30,7,greedy_combined_B7,degree_based_el_sep,"[0,0.24,0.36,0.48,0.6,0.72]","[0,0.36,0.72]","[0,0.24,0.36,0.48,0.6,0.72]",1,0.0285078105935821,0.0502493781056035,0.0578533686203362,0,19359,131461,7353,12006,6.7956325564726,1,0,0,1,159403.79527669,2.02384020990422,10,1,0.0267540218448181,0.0561960354981793,0.0624526188471318,1,0,17926.2,7.35689648765386,1,0,1
coarse_to_fine,low_snr_hard,3,0.16,0.24,0.08,0.12,default_config,default_coarse,default_refine,single,0.32,0.48,0.2,0,1,150,0.3,0.83,0.37,20,7,greedy_combined_B7,degree_based_el_sep,"[0,0.24,0.36,0.48,0.6,0.72]","[0,0.36,0.72]","[0,0.24,0.36,0.48,0.6,0.72]",1,0.0320156211871654,0.0622898609210975,0.0702569733601288,0,18306,131461,7353,10953,7.18331382978724,1,0,0,1,96136.0912918215,1.84220472417942,10,1,0.0267540218448181,0.0561960354981793,0.0624526188471318,1,0,17926.2,7.35689648765386,1,0,1
coarse_to_fine,strong_coherent,3,0.16,0.24,0.08,0.12,default_config,default_coarse,default_refine,single,0.32,0.48,0.2,0,0.99,5,1,1.27,0.37,30,7,greedy_combined_B7,degree_based_el_sep,"[0,0.24,0.36,0.48,0.6,0.72]","[0,0.36,0.72]","[0,0.24,0.36,0.48,0.6,0.72]",1,0.0206155281280887,0.0502493781056035,0.0543139024560003,0,16830,131461,7353,9477,7.81111111111111,1,0,0,1,195711.722054368,1.31854245985507,10,1,0.0267540218448181,0.0561960354981793,0.0624526188471318,1,0,17926.2,7.35689648765386,1,0,1
coarse_to_fine,weak_secondary,3,0.16,0.24,0.08,0.12,default_config,default_coarse,default_refine,single,0.32,0.48,0.2,0,0.99,150,0.3,0.83,0.37,30,7,greedy_combined_B7,degree_based_el_sep,"[0,0.24,0.36,0.48,0.6,0.72]","[0,0.36,0.72]","[0,0.24,0.36,0.48,0.6,0.72]",1,0.0320156211871654,0.0622898609210975,0.0702569733601288,0,18306,131461,7353,10953,7.18331382978724,1,0,0,1,96313.3238149658,1.84220472417942,10,1,0.0267540218448181,0.0561960354981793,0.0624526188471318,1,0,17926.2,7.35689648765386,1,0,1
full_fine,easy_noncoherent,3,0.16,0.24,0.08,0.12,default_config,default_coarse,default_refine,single,0.32,0.48,0.2,0,0,0,1,1.27,0.67,30,7,greedy_combined_B7,degree_based_el_sep,"[0,0.24,0.36,0.48,0.6,0.72]","[0,0.36,0.72]","[0,0.24,0.36,0.48,0.6,0.72]",1,0.0206155281280887,0.0559016994374931,0.0595818764390636,0,131461,131461,0,0,1,1,0,0,1,203482.763201229,1.36524913305289,10,1,0.0267540218448181,0.056196035498179,0.0624526188471315,1,0,131461,1,1,0,1
full_fine,hard_phase,3,0.16,0.24,0.08,0.12,default_config,default_coarse,default_refine,single,0.32,0.48,0.2,0,0.99,150,1,0.83,0.37,30,7,greedy_combined_B7,degree_based_el_sep,"[0,0.24,0.36,0.48,0.6,0.72]","[0,0.36,0.72]","[0,0.24,0.36,0.48,0.6,0.72]",1,0.0285078105935821,0.0502493781056035,0.0578533686203362,0,131461,131461,0,0,1,1,0,0,1,159403.79527669,2.02384020990422,10,1,0.0267540218448181,0.056196035498179,0.0624526188471315,1,0,131461,1,1,0,1
full_fine,low_snr_hard,3,0.16,0.24,0.08,0.12,default_config,default_coarse,default_refine,single,0.32,0.48,0.2,0,1,150,0.3,0.83,0.37,20,7,greedy_combined_B7,degree_based_el_sep,"[0,0.24,0.36,0.48,0.6,0.72]","[0,0.36,0.72]","[0,0.24,0.36,0.48,0.6,0.72]",1,0.0320156211871654,0.0622898609210975,0.0702569733601288,0,131461,131461,0,0,1,1,0,0,1,96136.0912918215,1.84220472417942,10,1,0.0267540218448181,0.056196035498179,0.0624526188471315,1,0,131461,1,1,0,1
full_fine,strong_coherent,3,0.16,0.24,0.08,0.12,default_config,default_coarse,default_refine,single,0.32,0.48,0.2,0,0.99,5,1,1.27,0.37,30,7,greedy_combined_B7,degree_based_el_sep,"[0,0.24,0.36,0.48,0.6,0.72]","[0,0.36,0.72]","[0,0.24,0.36,0.48,0.6,0.72]",1,0.0206155281280887,0.0502493781056035,0.0543139024560003,0,131461,131461,0,0,1,1,0,0,1,195711.722054368,1.31854245985507,10,1,0.0267540218448181,0.056196035498179,0.0624526188471315,1,0,131461,1,1,0,1
full_fine,weak_secondary,3,0.16,0.24,0.08,0.12,default_config,default_coarse,default_refine,single,0.32,0.48,0.2,0,0.99,150,0.3,0.83,0.37,30,7,greedy_combined_B7,degree_based_el_sep,"[0,0.24,0.36,0.48,0.6,0.72]","[0,0.36,0.72]","[0,0.24,0.36,0.48,0.6,0.72]",1,0.0320156211871654,0.0622898609210975,0.0702569733601288,0,131461,131461,0,0,1,1,0,0,1,96313.3238149658,1.84220472417942,10,1,0.0267540218448181,0.056196035498179,0.0624526188471315,1,0,131461,1,1,0,1
coarse_to_fine,easy_noncoherent,3,0.16,0.24,0.08,0.12,default_config,default_coarse,default_refine,single,0.32,0.48,0,0.2,0,0,1,1.27,0.67,30,7,greedy_combined_B7,degree_based_el_sep,"[0,0.24,0.36,0.48,0.6,0.72]","[0,0.36,0.72]","[0,0.24,0.36,0.48,0.6,0.72]",1,0.0206155281280884,0.0269258240356711,0.0339116499156253,0,18045,131461,7353,10692,7.30298094182381,1,0,0,1,204688.661234837,1.31885274544957,10,1,0.0366556110726745,0.0143294367171335,0.040782721893626,1,0,18401.4,7.16365679416402,1,0,1
coarse_to_fine,hard_phase,3,0.16,0.24,0.08,0.12,default_config,default_coarse,default_refine,single,0.32,0.48,0,0.2,0.99,150,1,0.83,0.37,30,7,greedy_combined_B7,degree_based_el_sep,"[0,0.24,0.36,0.48,0.6,0.72]","[0,0.36,0.72]","[0,0.24,0.36,0.48,0.6,0.72]",1,0.0250000000000002,0.0111803398874991,0.0273861278752585,0,19629,131461,7353,12276,6.7056427870599,1,0,0,1,159524.031936011,2.25494094255844,10,1,0.0366556110726745,0.0143294367171335,0.040782721893626,1,0,18401.4,7.16365679416402,1,0,1
coarse_to_fine,low_snr_hard,3,0.16,0.24,0.08,0.12,default_config,default_coarse,default_refine,single,0.32,0.48,0,0.2,1,150,0.3,0.83,0.37,20,7,greedy_combined_B7,degree_based_el_sep,"[0,0.24,0.36,0.48,0.6,0.72]","[0,0.36,0.72]","[0,0.24,0.36,0.48,0.6,0.72]",1,0.0585234995535977,0.0111803398874991,0.0595818764390646,0,18589.5,131461,7353,11236.5,7.07304161682922,1,0,0,1,96130.6071735223,2.74965438168986,10,1,0.0366556110726745,0.0143294367171335,0.040782721893626,1,0,18401.4,7.16365679416402,1,0,1
coarse_to_fine,strong_coherent,3,0.16,0.24,0.08,0.12,default_config,default_coarse,default_refine,single,0.32,0.48,0,0.2,0.99,5,1,1.27,0.37,30,7,greedy_combined_B7,degree_based_el_sep,"[0,0.24,0.36,0.48,0.6,0.72]","[0,0.36,0.72]","[0,0.24,0.36,0.48,0.6,0.72]",1,0.0206155281280884,0.0111803398874991,0.0234520787991173,0,17154,131461,7353,9801,7.66357700827795,1,0,0,1,195831.661691505,1.29208848286135,10,1,0.0366556110726745,0.0143294367171335,0.040782721893626,1,0,18401.4,7.16365679416402,1,0,1
coarse_to_fine,weak_secondary,3,0.16,0.24,0.08,0.12,default_config,default_coarse,default_refine,single,0.32,0.48,0,0.2,0.99,150,0.3,0.83,0.37,30,7,greedy_combined_B7,degree_based_el_sep,"[0,0.24,0.36,0.48,0.6,0.72]","[0,0.36,0.72]","[0,0.24,0.36,0.48,0.6,0.72]",1,0.0585234995535977,0.0111803398874991,0.0595818764390646,0,18589.5,131461,7353,11236.5,7.07304161682922,1,0,0,1,96329.4882488412,2.74965438168986,10,1,0.0366556110726745,0.0143294367171335,0.040782721893626,1,0,18401.4,7.16365679416402,1,0,1
full_fine,easy_noncoherent,3,0.16,0.24,0.08,0.12,default_config,default_coarse,default_refine,single,0.32,0.48,0,0.2,0,0,1,1.27,0.67,30,7,greedy_combined_B7,degree_based_el_sep,"[0,0.24,0.36,0.48,0.6,0.72]","[0,0.36,0.72]","[0,0.24,0.36,0.48,0.6,0.72]",1,0.0206155281280884,0.0269258240356711,0.0339116499156253,0,131461,131461,0,0,1,1,0,0,1,204688.661234837,1.31885274544957,10,1,0.0366556110726745,0.0143294367171335,0.040782721893626,1,0,131461,1,1,0,1
full_fine,hard_phase,3,0.16,0.24,0.08,0.12,default_config,default_coarse,default_refine,single,0.32,0.48,0,0.2,0.99,150,1,0.83,0.37,30,7,greedy_combined_B7,degree_based_el_sep,"[0,0.24,0.36,0.48,0.6,0.72]","[0,0.36,0.72]","[0,0.24,0.36,0.48,0.6,0.72]",1,0.0250000000000002,0.0111803398874991,0.0273861278752585,0,131461,131461,0,0,1,1,0,0,1,159524.031936011,2.25494094255844,10,1,0.0366556110726745,0.0143294367171335,0.040782721893626,1,0,131461,1,1,0,1
full_fine,low_snr_hard,3,0.16,0.24,0.08,0.12,default_config,default_coarse,default_refine,single,0.32,0.48,0,0.2,1,150,0.3,0.83,0.37,20,7,greedy_combined_B7,degree_based_el_sep,"[0,0.24,0.36,0.48,0.6,0.72]","[0,0.36,0.72]","[0,0.24,0.36,0.48,0.6,0.72]",1,0.0585234995535977,0.0111803398874991,0.0595818764390646,0,131461,131461,0,0,1,1,0,0,1,96130.6071735223,2.74965438168986,10,1,0.0366556110726745,0.0143294367171335,0.040782721893626,1,0,131461,1,1,0,1
full_fine,strong_coherent,3,0.16,0.24,0.08,0.12,default_config,default_coarse,default_refine,single,0.32,0.48,0,0.2,0.99,5,1,1.27,0.37,30,7,greedy_combined_B7,degree_based_el_sep,"[0,0.24,0.36,0.48,0.6,0.72]","[0,0.36,0.72]","[0,0.24,0.36,0.48,0.6,0.72]",1,0.0206155281280884,0.0111803398874991,0.0234520787991173,0,131461,131461,0,0,1,1,0,0,1,195831.661691505,1.29208848286135,10,1,0.0366556110726745,0.0143294367171335,0.040782721893626,1,0,131461,1,1,0,1
full_fine,weak_secondary,3,0.16,0.24,0.08,0.12,default_config,default_coarse,default_refine,single,0.32,0.48,0,0.2,0.99,150,0.3,0.83,0.37,30,7,greedy_combined_B7,degree_based_el_sep,"[0,0.24,0.36,0.48,0.6,0.72]","[0,0.36,0.72]","[0,0.24,0.36,0.48,0.6,0.72]",1,0.0585234995535977,0.0111803398874991,0.0595818764390646,0,131461,131461,0,0,1,1,0,0,1,96329.4882488412,2.74965438168986,10,1,0.0366556110726745,0.0143294367171335,0.040782721893626,1,0,131461,1,1,0,1
coarse_to_fine,easy_noncoherent,3,0.16,0.24,0.08,0.12,default_config,default_coarse,default_refine,single,0.32,0.48,0.2,0.2,0,0,1,1.27,0.67,30,7,greedy_combined_B7,degree_based_el_sep,"[0,0.24,0.36,0.48,0.6,0.72]","[0,0.36,0.72]","[0,0.24,0.36,0.48,0.6,0.72]",1,0.0206155281280887,0.0269258240356711,0.0339116499156255,0,17154,131461,7353,9801,7.66357700827795,1,0,0,1,205867.729908082,1.34002318000778,10,1,0.0246493354886681,0.0143294367171335,0.029209526876177,1,0,18941.5,7.0134321344736,1,0,1
coarse_to_fine,hard_phase,3,0.16,0.24,0.08,0.12,default_config,default_coarse,default_refine,single,0.32,0.48,0.2,0.2,0.99,150,1,0.83,0.37,30,7,greedy_combined_B7,degree_based_el_sep,"[0,0.24,0.36,0.48,0.6,0.72]","[0,0.36,0.72]","[0,0.24,0.36,0.48,0.6,0.72]",1,0.0249999999999988,0.0111803398874991,0.0273861278752573,0,19579.5,131461,7353,12226.5,6.72147676740841,1,0,0,1,159771.872481611,2.19235726786678,10,1,0.0246493354886681,0.0143294367171335,0.029209526876177,1,0,18941.5,7.0134321344736,1,0,1
coarse_to_fine,low_snr_hard,3,0.16,0.24,0.08,0.12,default_config,default_coarse,default_refine,single,0.32,0.48,0.2,0.2,1,150,0.3,0.83,0.37,20,7,greedy_combined_B7,degree_based_el_sep,"[0,0.24,0.36,0.48,0.6,0.72]","[0,0.36,0.72]","[0,0.24,0.36,0.48,0.6,0.72]",1,0.0285078105935821,0.0111803398874991,0.0306488888954424,0,20410,131461,7353,13057,6.50926494420184,1,0,0,1,96157.9214603254,2.01198636148368,10,1,0.0246493354886681,0.0143294367171335,0.029209526876177,1,0,18941.5,7.0134321344736,1,0,1
coarse_to_fine,strong_coherent,3,0.16,0.24,0.08,0.12,default_config,default_coarse,default_refine,single,0.32,0.48,0.2,0.2,0.99,5,1,1.27,0.37,30,7,greedy_combined_B7,degree_based_el_sep,"[0,0.24,0.36,0.48,0.6,0.72]","[0,0.36,0.72]","[0,0.24,0.36,0.48,0.6,0.72]",1,0.0206155281280887,0.0111803398874991,0.0234520787991176,0,17154,131461,7353,9801,7.66357700827795,1,0,0,1,195903.800551136,1.3143928632119,10,1,0.0246493354886681,0.0143294367171335,0.029209526876177,1,0,18941.5,7.0134321344736,1,0,1
coarse_to_fine,weak_secondary,3,0.16,0.24,0.08,0.12,default_config,default_coarse,default_refine,single,0.32,0.48,0.2,0.2,0.99,150,0.3,0.83,0.37,30,7,greedy_combined_B7,degree_based_el_sep,"[0,0.24,0.36,0.48,0.6,0.72]","[0,0.36,0.72]","[0,0.24,0.36,0.48,0.6,0.72]",1,0.0285078105935821,0.0111803398874991,0.0306488888954424,0,20410,131461,7353,13057,6.50926494420184,1,0,0,1,96431.3315798874,2.01198636148368,10,1,0.0246493354886681,0.0143294367171335,0.029209526876177,1,0,18941.5,7.0134321344736,1,0,1
full_fine,easy_noncoherent,3,0.16,0.24,0.08,0.12,default_config,default_coarse,default_refine,single,0.32,0.48,0.2,0.2,0,0,1,1.27,0.67,30,7,greedy_combined_B7,degree_based_el_sep,"[0,0.24,0.36,0.48,0.6,0.72]","[0,0.36,0.72]","[0,0.24,0.36,0.48,0.6,0.72]",1,0.0206155281280887,0.0269258240356711,0.0339116499156255,0,131461,131461,0,0,1,1,0,0,1,205867.729908082,1.34002318000778,10,1,0.0246493354886681,0.0143294367171335,0.029209526876177,1,0,131461,1,1,0,1
full_fine,hard_phase,3,0.16,0.24,0.08,0.12,default_config,default_coarse,default_refine,single,0.32,0.48,0.2,0.2,0.99,150,1,0.83,0.37,30,7,greedy_combined_B7,degree_based_el_sep,"[0,0.24,0.36,0.48,0.6,0.72]","[0,0.36,0.72]","[0,0.24,0.36,0.48,0.6,0.72]",1,0.0249999999999988,0.0111803398874991,0.0273861278752573,0,131461,131461,0,0,1,1,0,0,1,159771.872481611,2.19235726786678,10,1,0.0246493354886681,0.0143294367171335,0.029209526876177,1,0,131461,1,1,0,1
full_fine,low_snr_hard,3,0.16,0.24,0.08,0.12,default_config,default_coarse,default_refine,single,0.32,0.48,0.2,0.2,1,150,0.3,0.83,0.37,20,7,greedy_combined_B7,degree_based_el_sep,"[0,0.24,0.36,0.48,0.6,0.72]","[0,0.36,0.72]","[0,0.24,0.36,0.48,0.6,0.72]",1,0.0285078105935821,0.0111803398874991,0.0306488888954424,0,131461,131461,0,0,1,1,0,0,1,96157.9214603254,2.01198636148368,10,1,0.0246493354886681,0.0143294367171335,0.029209526876177,1,0,131461,1,1,0,1
full_fine,strong_coherent,3,0.16,0.24,0.08,0.12,default_config,default_coarse,default_refine,single,0.32,0.48,0.2,0.2,0.99,5,1,1.27,0.37,30,7,greedy_combined_B7,degree_based_el_sep,"[0,0.24,0.36,0.48,0.6,0.72]","[0,0.36,0.72]","[0,0.24,0.36,0.48,0.6,0.72]",1,0.0206155281280887,0.0111803398874991,0.0234520787991176,0,131461,131461,0,0,1,1,0,0,1,195903.800551136,1.3143928632119,10,1,0.0246493354886681,0.0143294367171335,0.029209526876177,1,0,131461,1,1,0,1
full_fine,weak_secondary,3,0.16,0.24,0.08,0.12,default_config,default_coarse,default_refine,single,0.32,0.48,0.2,0.2,0.99,150,0.3,0.83,0.37,30,7,greedy_combined_B7,degree_based_el_sep,"[0,0.24,0.36,0.48,0.6,0.72]","[0,0.36,0.72]","[0,0.24,0.36,0.48,0.6,0.72]",1,0.0285078105935821,0.0111803398874991,0.0306488888954424,0,131461,131461,0,0,1,1,0,0,1,96431.3315798874,2.01198636148368,10,1,0.0246493354886681,0.0143294367171335,0.029209526876177,1,0,131461,1,1,0,1
coarse_to_fine,easy_noncoherent,3,0.16,0.24,0.08,0.12,default_config,default_coarse,default_refine,single,0.32,0.48,-0.2,0,0,0,1,1.27,0.67,30,7,greedy_combined_B7,degree_based_el_sep,"[0,0.24,0.36,0.48,0.6,0.72]","[0,0.36,0.72]","[0,0.24,0.36,0.48,0.6,0.72]",1,0.0206155281280887,0.0559016994374943,0.0595818764390647,0,17883,131461,7353,10530,7.36340788948177,1,0,0,1,203788.377051468,1.36524913305289,10,1,0.0267540218448181,0.0561960354981793,0.0624526188471318,1,0,18917.1,6.96331682739074,1,0,1
coarse_to_fine,hard_phase,3,0.16,0.24,0.08,0.12,default_config,default_coarse,default_refine,single,0.32,0.48,-0.2,0,0.99,150,1,0.83,0.37,30,7,greedy_combined_B7,degree_based_el_sep,"[0,0.24,0.36,0.48,0.6,0.72]","[0,0.36,0.72]","[0,0.24,0.36,0.48,0.6,0.72]",1,0.0285078105935821,0.0502493781056035,0.0578533686203362,0,19255.5,131461,7353,11902.5,6.83735873587359,1,0,0,1,159525.613430952,2.02384020990422,10,1,0.0267540218448181,0.0561960354981793,0.0624526188471318,1,0,18917.1,6.96331682739074,1,0,1
coarse_to_fine,low_snr_hard,3,0.16,0.24,0.08,0.12,default_config,default_coarse,default_refine,single,0.32,0.48,-0.2,0,1,150,0.3,0.83,0.37,20,7,greedy_combined_B7,degree_based_el_sep,"[0,0.24,0.36,0.48,0.6,0.72]","[0,0.36,0.72]","[0,0.24,0.36,0.48,0.6,0.72]",1,0.0320156211871654,0.0622898609210975,0.0702569733601288,0,18724.5,131461,7353,11371.5,7.02105507043065,1,0,0,1,96149.0318715565,1.84220472417942,10,1,0.0267540218448181,0.0561960354981793,0.0624526188471318,1,0,18917.1,6.96331682739074,1,0,1
coarse_to_fine,strong_coherent,3,0.16,0.24,0.08,0.12,default_config,default_coarse,default_refine,single,0.32,0.48,-0.2,0,0.99,5,1,1.27,0.37,30,7,greedy_combined_B7,degree_based_el_sep,"[0,0.24,0.36,0.48,0.6,0.72]","[0,0.36,0.72]","[0,0.24,0.36,0.48,0.6,0.72]",1,0.0206155281280887,0.0502493781056035,0.0543139024560003,0,19998,131461,7353,12645,6.57370737073707,1,0,0,1,195799.184059727,1.31854245985507,10,1,0.0267540218448181,0.0561960354981793,0.0624526188471318,1,0,18917.1,6.96331682739074,1,0,1
coarse_to_fine,weak_secondary,3,0.16,0.24,0.08,0.12,default_config,default_coarse,default_refine,single,0.32,0.48,-0.2,0,0.99,150,0.3,0.83,0.37,30,7,greedy_combined_B7,degree_based_el_sep,"[0,0.24,0.36,0.48,0.6,0.72]","[0,0.36,0.72]","[0,0.24,0.36,0.48,0.6,0.72]",1,0.0320156211871654,0.0622898609210975,0.0702569733601288,0,18724.5,131461,7353,11371.5,7.02105507043065,1,0,0,1,96235.9456227776,1.84220472417942,10,1,0.0267540218448181,0.0561960354981793,0.0624526188471318,1,0,18917.1,6.96331682739074,1,0,1
full_fine,easy_noncoherent,3,0.16,0.24,0.08,0.12,default_config,default_coarse,default_refine,single,0.32,0.48,-0.2,0,0,0,1,1.27,0.67,30,7,greedy_combined_B7,degree_based_el_sep,"[0,0.24,0.36,0.48,0.6,0.72]","[0,0.36,0.72]","[0,0.24,0.36,0.48,0.6,0.72]",1,0.0206155281280887,0.0559016994374931,0.0595818764390636,0,131461,131461,0,0,1,1,0,0,1,203788.377051468,1.36524913305289,10,1,0.0267540218448181,0.056196035498179,0.0624526188471315,1,0,131461,1,1,0,1
full_fine,hard_phase,3,0.16,0.24,0.08,0.12,default_config,default_coarse,default_refine,single,0.32,0.48,-0.2,0,0.99,150,1,0.83,0.37,30,7,greedy_combined_B7,degree_based_el_sep,"[0,0.24,0.36,0.48,0.6,0.72]","[0,0.36,0.72]","[0,0.24,0.36,0.48,0.6,0.72]",1,0.0285078105935821,0.0502493781056035,0.0578533686203362,0,131461,131461,0,0,1,1,0,0,1,159525.613430952,2.02384020990422,10,1,0.0267540218448181,0.056196035498179,0.0624526188471315,1,0,131461,1,1,0,1
full_fine,low_snr_hard,3,0.16,0.24,0.08,0.12,default_config,default_coarse,default_refine,single,0.32,0.48,-0.2,0,1,150,0.3,0.83,0.37,20,7,greedy_combined_B7,degree_based_el_sep,"[0,0.24,0.36,0.48,0.6,0.72]","[0,0.36,0.72]","[0,0.24,0.36,0.48,0.6,0.72]",1,0.0320156211871654,0.0622898609210975,0.0702569733601288,0,131461,131461,0,0,1,1,0,0,1,96149.0318715565,1.84220472417942,10,1,0.0267540218448181,0.056196035498179,0.0624526188471315,1,0,131461,1,1,0,1
full_fine,strong_coherent,3,0.16,0.24,0.08,0.12,default_config,default_coarse,default_refine,single,0.32,0.48,-0.2,0,0.99,5,1,1.27,0.37,30,7,greedy_combined_B7,degree_based_el_sep,"[0,0.24,0.36,0.48,0.6,0.72]","[0,0.36,0.72]","[0,0.24,0.36,0.48,0.6,0.72]",1,0.0206155281280887,0.0502493781056035,0.0543139024560003,0,131461,131461,0,0,1,1,0,0,1,195799.184059727,1.31854245985507,10,1,0.0267540218448181,0.056196035498179,0.0624526188471315,1,0,131461,1,1,0,1
full_fine,weak_secondary,3,0.16,0.24,0.08,0.12,default_config,default_coarse,default_refine,single,0.32,0.48,-0.2,0,0.99,150,0.3,0.83,0.37,30,7,greedy_combined_B7,degree_based_el_sep,"[0,0.24,0.36,0.48,0.6,0.72]","[0,0.36,0.72]","[0,0.24,0.36,0.48,0.6,0.72]",1,0.0320156211871654,0.0622898609210975,0.0702569733601288,0,131461,131461,0,0,1,1,0,0,1,96235.9456227776,1.84220472417942,10,1,0.0267540218448181,0.056196035498179,0.0624526188471315,1,0,131461,1,1,0,1
coarse_to_fine,easy_noncoherent,3,0.16,0.24,0.08,0.12,default_config,default_coarse,default_refine,single,0.32,0.48,0,-0.2,0,0,1,1.27,0.67,30,7,greedy_combined_B7,degree_based_el_sep,"[0,0.24,0.36,0.48,0.6,0.72]","[0,0.36,0.72]","[0,0.24,0.36,0.48,0.6,0.72]",1,0.0206155281280884,0.0460977222864654,0.0504975246918113,0,16758,131461,7353,9405,7.84467120181406,1,0,0,1,204144.799423352,1.29522106897832,10,0.94,0.0405874247344483,0.0417856531114643,0.059930781458074,0.7,0,17512.9,7.51983722049265,1,0,1
coarse_to_fine,hard_phase,3,0.16,0.24,0.08,0.12,default_config,default_coarse,default_refine,single,0.32,0.48,0,-0.2,0.99,150,1,0.83,0.37,30,7,greedy_combined_B7,degree_based_el_sep,"[0,0.24,0.36,0.48,0.6,0.72]","[0,0.36,0.72]","[0,0.24,0.36,0.48,0.6,0.72]",1,0.0285078105935822,0.0304138126514913,0.0417644218508494,0,18420.5,131461,7353,11067.5,7.13671584085522,1,0,0,1,159283.777397277,2.00258166423271,10,0.94,0.0405874247344483,0.0417856531114643,0.059930781458074,0.7,0,17512.9,7.51983722049265,1,0,1
coarse_to_fine,low_snr_hard,3,0.16,0.24,0.08,0.12,default_config,default_coarse,default_refine,single,0.32,0.48,0,-0.2,1,150,0.3,0.83,0.37,20,7,greedy_combined_B7,degree_based_el_sep,"[0,0.24,0.36,0.48,0.6,0.72]","[0,0.36,0.72]","[0,0.24,0.36,0.48,0.6,0.72]",0.7,0.0746747572688846,0.0510014589839368,0.0914392446880118,0,16987,131461,7353,9634,7.73891799611468,1,0,0,1,96114.0306807618,2.95133466605363,10,0.94,0.0405874247344483,0.0417856531114643,0.059930781458074,0.7,0,17512.9,7.51983722049265,1,0,1
coarse_to_fine,strong_coherent,3,0.16,0.24,0.08,0.12,default_config,default_coarse,default_refine,single,0.32,0.48,0,-0.2,0.99,5,1,1.27,0.37,30,7,greedy_combined_B7,degree_based_el_sep,"[0,0.24,0.36,0.48,0.6,0.72]","[0,0.36,0.72]","[0,0.24,0.36,0.48,0.6,0.72]",1,0.0206155281280884,0.0304138126514913,0.0367423461417479,0,18412,131461,7353,11059,7.13996306756463,1,0,0,1,195856.024572676,1.29026564561608,10,0.94,0.0405874247344483,0.0417856531114643,0.059930781458074,0.7,0,17512.9,7.51983722049265,1,0,1
coarse_to_fine,weak_secondary,3,0.16,0.24,0.08,0.12,default_config,default_coarse,default_refine,single,0.32,0.48,0,-0.2,0.99,150,0.3,0.83,0.37,30,7,greedy_combined_B7,degree_based_el_sep,"[0,0.24,0.36,0.48,0.6,0.72]","[0,0.36,0.72]","[0,0.24,0.36,0.48,0.6,0.72]",1,0.0585234995535977,0.0510014589839368,0.0792103699179495,0,16987,131461,7353,9634,7.73891799611468,1,0,0,1,96178.5080007177,2.74092484685869,10,0.94,0.0405874247344483,0.0417856531114643,0.059930781458074,0.7,0,17512.9,7.51983722049265,1,0,1
full_fine,easy_noncoherent,3,0.16,0.24,0.08,0.12,default_config,default_coarse,default_refine,single,0.32,0.48,0,-0.2,0,0,1,1.27,0.67,30,7,greedy_combined_B7,degree_based_el_sep,"[0,0.24,0.36,0.48,0.6,0.72]","[0,0.36,0.72]","[0,0.24,0.36,0.48,0.6,0.72]",1,0.0206155281280884,0.0460977222864653,0.0504975246918112,0,131461,131461,0,0,1,1,0,0,1,204144.799423352,1.29522106897832,10,0.94,0.0405874247344483,0.0417856531114651,0.0599307814580745,0.7,0,131461,1,1,0,1
full_fine,hard_phase,3,0.16,0.24,0.08,0.12,default_config,default_coarse,default_refine,single,0.32,0.48,0,-0.2,0.99,150,1,0.83,0.37,30,7,greedy_combined_B7,degree_based_el_sep,"[0,0.24,0.36,0.48,0.6,0.72]","[0,0.36,0.72]","[0,0.24,0.36,0.48,0.6,0.72]",1,0.0285078105935822,0.0304138126514924,0.0417644218508501,0,131461,131461,0,0,1,1,0,0,1,159283.777397277,2.00258166423271,10,0.94,0.0405874247344483,0.0417856531114651,0.0599307814580745,0.7,0,131461,1,1,0,1
full_fine,low_snr_hard,3,0.16,0.24,0.08,0.12,default_config,default_coarse,default_refine,single,0.32,0.48,0,-0.2,1,150,0.3,0.83,0.37,20,7,greedy_combined_B7,degree_based_el_sep,"[0,0.24,0.36,0.48,0.6,0.72]","[0,0.36,0.72]","[0,0.24,0.36,0.48,0.6,0.72]",0.7,0.0746747572688846,0.0510014589839379,0.0914392446880124,0,131461,131461,0,0,1,1,0,0,1,96114.0306807618,2.95133466605363,10,0.94,0.0405874247344483,0.0417856531114651,0.0599307814580745,0.7,0,131461,1,1,0,1
full_fine,strong_coherent,3,0.16,0.24,0.08,0.12,default_config,default_coarse,default_refine,single,0.32,0.48,0,-0.2,0.99,5,1,1.27,0.37,30,7,greedy_combined_B7,degree_based_el_sep,"[0,0.24,0.36,0.48,0.6,0.72]","[0,0.36,0.72]","[0,0.24,0.36,0.48,0.6,0.72]",1,0.0206155281280884,0.0304138126514924,0.0367423461417488,0,131461,131461,0,0,1,1,0,0,1,195856.024572676,1.29026564561608,10,0.94,0.0405874247344483,0.0417856531114651,0.0599307814580745,0.7,0,131461,1,1,0,1
full_fine,weak_secondary,3,0.16,0.24,0.08,0.12,default_config,default_coarse,default_refine,single,0.32,0.48,0,-0.2,0.99,150,0.3,0.83,0.37,30,7,greedy_combined_B7,degree_based_el_sep,"[0,0.24,0.36,0.48,0.6,0.72]","[0,0.36,0.72]","[0,0.24,0.36,0.48,0.6,0.72]",1,0.0585234995535977,0.0510014589839379,0.0792103699179502,0,131461,131461,0,0,1,1,0,0,1,96178.5080007177,2.74092484685869,10,0.94,0.0405874247344483,0.0417856531114651,0.0599307814580745,0.7,0,131461,1,1,0,1
