sep_factor,theta_sep_deg,theta_a_deg,theta_b_deg,snr_db,raw_success_count,tol_success_count,raw_success_rate,tol_success_rate,rmse_deg,rmse_valid_count,mean_num_peaks,snr90_db
1,2.800000,11.600000,14.400000,-4,200,200,1.000000,1.000000,0.026768,200,4.000000,-4.000000
1,2.800000,11.600000,14.400000,-2,200,200,1.000000,1.000000,0.019320,200,4.000000,-4.000000
1,2.800000,11.600000,14.400000,0,200,200,1.000000,1.000000,0.015313,200,4.000000,-4.000000
1,2.800000,11.600000,14.400000,2,200,200,1.000000,1.000000,0.011906,200,4.000000,-4.000000
1,2.800000,11.600000,14.400000,4,200,200,1.000000,1.000000,0.009785,200,4.000000,-4.000000
1,2.800000,11.600000,14.400000,6,200,200,1.000000,1.000000,0.007874,200,4.000000,-4.000000
1,2.800000,11.600000,14.400000,8,200,200,1.000000,1.000000,0.006423,200,4.000000,-4.000000
1,2.800000,11.600000,14.400000,10,200,200,1.000000,1.000000,0.005292,200,4.000000,-4.000000
1,2.800000,11.600000,14.400000,12,200,200,1.000000,1.000000,0.004062,200,4.000000,-4.000000
1,2.800000,11.600000,14.400000,14,200,200,1.000000,1.000000,0.002693,200,4.000000,-4.000000
1,2.800000,11.600000,14.400000,16,200,200,1.000000,1.000000,0.001658,200,4.000000,-4.000000
1,2.800000,11.600000,14.400000,18,200,200,1.000000,1.000000,0.000707,200,4.000000,-4.000000
1,2.800000,11.600000,14.400000,20,200,200,1.000000,1.000000,0.000500,200,4.000000,-4.000000
1,2.800000,11.600000,14.400000,22,200,200,1.000000,1.000000,0.000000,200,4.000000,-4.000000
1,2.800000,11.600000,14.400000,24,200,200,1.000000,1.000000,0.000000,200,4.000000,-4.000000
1,2.800000,11.600000,14.400000,26,200,200,1.000000,1.000000,0.000000,200,4.000000,-4.000000
1,2.800000,11.600000,14.400000,28,200,200,1.000000,1.000000,0.000000,200,4.000000,-4.000000
1,2.800000,11.600000,14.400000,30,200,200,1.000000,1.000000,0.000000,200,4.000000,-4.000000
2,1.400000,12.300000,13.700000,-4,200,199,1.000000,0.995000,0.034103,200,2.000000,-4.000000
2,1.400000,12.300000,13.700000,-2,200,200,1.000000,1.000000,0.027395,200,2.000000,-4.000000
2,1.400000,12.300000,13.700000,0,200,200,1.000000,1.000000,0.021178,200,2.000000,-4.000000
2,1.400000,12.300000,13.700000,2,200,200,1.000000,1.000000,0.016462,200,2.000000,-4.000000
2,1.400000,12.300000,13.700000,4,200,200,1.000000,1.000000,0.012757,200,2.000000,-4.000000
2,1.400000,12.300000,13.700000,6,200,200,1.000000,1.000000,0.010989,200,2.000000,-4.000000
2,1.400000,12.300000,13.700000,8,200,200,1.000000,1.000000,0.008515,200,2.000000,-4.000000
2,1.400000,12.300000,13.700000,10,200,200,1.000000,1.000000,0.007483,200,2.000000,-4.000000
2,1.400000,12.300000,13.700000,12,200,200,1.000000,1.000000,0.005895,200,2.000000,-4.000000
2,1.400000,12.300000,13.700000,14,200,200,1.000000,1.000000,0.004848,200,2.000000,-4.000000
2,1.400000,12.300000,13.700000,16,200,200,1.000000,1.000000,0.003606,200,2.000000,-4.000000
2,1.400000,12.300000,13.700000,18,200,200,1.000000,1.000000,0.002121,200,2.000000,-4.000000
2,1.400000,12.300000,13.700000,20,200,200,1.000000,1.000000,0.001414,200,2.000000,-4.000000
2,1.400000,12.300000,13.700000,22,200,200,1.000000,1.000000,0.000000,200,2.000000,-4.000000
2,1.400000,12.300000,13.700000,24,200,200,1.000000,1.000000,0.000000,200,2.000000,-4.000000
2,1.400000,12.300000,13.700000,26,200,200,1.000000,1.000000,0.000000,200,2.000000,-4.000000
2,1.400000,12.300000,13.700000,28,200,200,1.000000,1.000000,0.000000,200,2.000000,-4.000000
2,1.400000,12.300000,13.700000,30,200,200,1.000000,1.000000,0.000000,200,2.000000,-4.000000
3,0.933333,12.533333,13.466667,-4,200,143,1.000000,0.715000,0.075540,200,2.000000,-2.000000
3,0.933333,12.533333,13.466667,-2,200,184,1.000000,0.920000,0.050248,200,2.000000,-2.000000
3,0.933333,12.533333,13.466667,0,200,198,1.000000,0.990000,0.038101,200,2.000000,-2.000000
3,0.933333,12.533333,13.466667,2,200,200,1.000000,1.000000,0.031751,200,2.000000,-2.000000
3,0.933333,12.533333,13.466667,4,200,200,1.000000,1.000000,0.023750,200,2.000000,-2.000000
3,0.933333,12.533333,13.466667,6,200,200,1.000000,1.000000,0.017473,200,2.000000,-2.000000
3,0.933333,12.533333,13.466667,8,200,200,1.000000,1.000000,0.014485,200,2.000000,-2.000000
3,0.933333,12.533333,13.466667,10,200,200,1.000000,1.000000,0.011922,200,2.000000,-2.000000
3,0.933333,12.533333,13.466667,12,200,200,1.000000,1.000000,0.009715,200,2.000000,-2.000000
3,0.933333,12.533333,13.466667,14,200,200,1.000000,1.000000,0.007782,200,2.000000,-2.000000
3,0.933333,12.533333,13.466667,16,200,200,1.000000,1.000000,0.006309,200,2.000000,-2.000000
3,0.933333,12.533333,13.466667,18,200,200,1.000000,1.000000,0.005390,200,2.000000,-2.000000
3,0.933333,12.533333,13.466667,20,200,200,1.000000,1.000000,0.004552,200,2.000000,-2.000000
3,0.933333,12.533333,13.466667,22,200,200,1.000000,1.000000,0.003578,200,2.000000,-2.000000
3,0.933333,12.533333,13.466667,24,200,200,1.000000,1.000000,0.003412,200,2.000000,-2.000000
3,0.933333,12.533333,13.466667,26,200,200,1.000000,1.000000,0.002882,200,2.000000,-2.000000
3,0.933333,12.533333,13.466667,28,200,200,1.000000,1.000000,0.002853,200,2.000000,-2.000000
3,0.933333,12.533333,13.466667,30,200,200,1.000000,1.000000,0.002528,200,2.000000,-2.000000
4,0.700000,12.650000,13.350000,-4,7,0,0.035000,0.000000,0.151563,7,1.035000,4.000000
4,0.700000,12.650000,13.350000,-2,69,19,0.345000,0.095000,0.123825,69,1.345000,4.000000
4,0.700000,12.650000,13.350000,0,148,74,0.740000,0.370000,0.096629,148,1.740000,4.000000
4,0.700000,12.650000,13.350000,2,199,157,0.995000,0.785000,0.068542,199,1.995000,4.000000
4,0.700000,12.650000,13.350000,4,200,191,1.000000,0.955000,0.048234,200,2.000000,4.000000
4,0.700000,12.650000,13.350000,6,200,200,1.000000,1.000000,0.033875,200,2.000000,4.000000
4,0.700000,12.650000,13.350000,8,200,200,1.000000,1.000000,0.024804,200,2.000000,4.000000
4,0.700000,12.650000,13.350000,10,200,200,1.000000,1.000000,0.020958,200,2.000000,4.000000
4,0.700000,12.650000,13.350000,12,200,200,1.000000,1.000000,0.016000,200,2.000000,4.000000
4,0.700000,12.650000,13.350000,14,200,200,1.000000,1.000000,0.013238,200,2.000000,4.000000
4,0.700000,12.650000,13.350000,16,200,200,1.000000,1.000000,0.010050,200,2.000000,4.000000
4,0.700000,12.650000,13.350000,18,200,200,1.000000,1.000000,0.008485,200,2.000000,4.000000
4,0.700000,12.650000,13.350000,20,200,200,1.000000,1.000000,0.007000,200,2.000000,4.000000
4,0.700000,12.650000,13.350000,22,200,200,1.000000,1.000000,0.005408,200,2.000000,4.000000
4,0.700000,12.650000,13.350000,24,200,200,1.000000,1.000000,0.004899,200,2.000000,4.000000
4,0.700000,12.650000,13.350000,26,200,200,1.000000,1.000000,0.003041,200,2.000000,4.000000
4,0.700000,12.650000,13.350000,28,200,200,1.000000,1.000000,0.002121,200,2.000000,4.000000
4,0.700000,12.650000,13.350000,30,200,200,1.000000,1.000000,0.000500,200,2.000000,4.000000
5,0.560000,12.720000,13.280000,-4,0,0,0.000000,0.000000,NaN,0,1.000000,8.000000
5,0.560000,12.720000,13.280000,-2,0,0,0.000000,0.000000,NaN,0,1.000000,8.000000
5,0.560000,12.720000,13.280000,0,1,1,0.005000,0.005000,0.047434,1,1.005000,8.000000
5,0.560000,12.720000,13.280000,2,13,6,0.065000,0.030000,0.097626,13,1.065000,8.000000
5,0.560000,12.720000,13.280000,4,90,35,0.450000,0.175000,0.098796,90,1.450000,8.000000
5,0.560000,12.720000,13.280000,6,178,135,0.890000,0.675000,0.070258,178,1.890000,8.000000
5,0.560000,12.720000,13.280000,8,198,189,0.990000,0.945000,0.052211,198,1.990000,8.000000
5,0.560000,12.720000,13.280000,10,200,199,1.000000,0.995000,0.036107,200,2.000000,8.000000
5,0.560000,12.720000,13.280000,12,200,200,1.000000,1.000000,0.024890,200,2.000000,8.000000
5,0.560000,12.720000,13.280000,14,200,200,1.000000,1.000000,0.019641,200,2.000000,8.000000
5,0.560000,12.720000,13.280000,16,200,200,1.000000,1.000000,0.017450,200,2.000000,8.000000
5,0.560000,12.720000,13.280000,18,200,200,1.000000,1.000000,0.012580,200,2.000000,8.000000
5,0.560000,12.720000,13.280000,20,200,200,1.000000,1.000000,0.009327,200,2.000000,8.000000
5,0.560000,12.720000,13.280000,22,200,200,1.000000,1.000000,0.008093,200,2.000000,8.000000
5,0.560000,12.720000,13.280000,24,200,200,1.000000,1.000000,0.006690,200,2.000000,8.000000
5,0.560000,12.720000,13.280000,26,200,200,1.000000,1.000000,0.005385,200,2.000000,8.000000
5,0.560000,12.720000,13.280000,28,200,200,1.000000,1.000000,0.004213,200,2.000000,8.000000
5,0.560000,12.720000,13.280000,30,200,200,1.000000,1.000000,0.002915,200,2.000000,8.000000
6,0.466667,12.766667,13.233333,-4,0,0,0.000000,0.000000,NaN,0,1.000000,12.000000
6,0.466667,12.766667,13.233333,-2,0,0,0.000000,0.000000,NaN,0,1.000000,12.000000
6,0.466667,12.766667,13.233333,0,0,0,0.000000,0.000000,NaN,0,1.000000,12.000000
6,0.466667,12.766667,13.233333,2,0,0,0.000000,0.000000,NaN,0,1.000000,12.000000
6,0.466667,12.766667,13.233333,4,0,0,0.000000,0.000000,NaN,0,1.000000,12.000000
6,0.466667,12.766667,13.233333,6,10,7,0.050000,0.035000,0.079805,10,1.050000,12.000000
6,0.466667,12.766667,13.233333,8,65,50,0.325000,0.250000,0.077240,65,1.325000,12.000000
6,0.466667,12.766667,13.233333,10,162,139,0.810000,0.695000,0.063774,162,1.810000,12.000000
6,0.466667,12.766667,13.233333,12,198,194,0.990000,0.970000,0.043701,198,1.990000,12.000000
6,0.466667,12.766667,13.233333,14,200,200,1.000000,1.000000,0.034238,200,2.000000,12.000000
6,0.466667,12.766667,13.233333,16,200,200,1.000000,1.000000,0.023738,200,2.000000,12.000000
6,0.466667,12.766667,13.233333,18,200,200,1.000000,1.000000,0.016645,200,2.000000,12.000000
6,0.466667,12.766667,13.233333,20,200,200,1.000000,1.000000,0.014516,200,2.000000,12.000000
6,0.466667,12.766667,13.233333,22,200,200,1.000000,1.000000,0.011988,200,2.000000,12.000000
6,0.466667,12.766667,13.233333,24,200,200,1.000000,1.000000,0.008375,200,2.000000,12.000000
6,0.466667,12.766667,13.233333,26,200,200,1.000000,1.000000,0.007608,200,2.000000,12.000000
6,0.466667,12.766667,13.233333,28,200,200,1.000000,1.000000,0.006176,200,2.000000,12.000000
6,0.466667,12.766667,13.233333,30,200,200,1.000000,1.000000,0.005088,200,2.000000,12.000000
7,0.400000,12.800000,13.200000,-4,0,0,0.000000,0.000000,NaN,0,1.000000,16.000000
7,0.400000,12.800000,13.200000,-2,0,0,0.000000,0.000000,NaN,0,1.000000,16.000000
7,0.400000,12.800000,13.200000,0,0,0,0.000000,0.000000,NaN,0,1.000000,16.000000
7,0.400000,12.800000,13.200000,2,0,0,0.000000,0.000000,NaN,0,1.000000,16.000000
7,0.400000,12.800000,13.200000,4,0,0,0.000000,0.000000,NaN,0,1.000000,16.000000
7,0.400000,12.800000,13.200000,6,0,0,0.000000,0.000000,NaN,0,1.000000,16.000000
7,0.400000,12.800000,13.200000,8,1,1,0.005000,0.005000,0.080623,1,1.005000,16.000000
7,0.400000,12.800000,13.200000,10,18,16,0.090000,0.080000,0.074647,18,1.090000,16.000000
7,0.400000,12.800000,13.200000,12,91,82,0.455000,0.410000,0.065545,91,1.455000,16.000000
7,0.400000,12.800000,13.200000,14,169,160,0.845000,0.800000,0.055911,169,1.845000,16.000000
7,0.400000,12.800000,13.200000,16,198,198,0.990000,0.990000,0.038553,198,1.990000,16.000000
7,0.400000,12.800000,13.200000,18,200,200,1.000000,1.000000,0.028909,200,2.000000,16.000000
7,0.400000,12.800000,13.200000,20,200,200,1.000000,1.000000,0.019761,200,2.000000,16.000000
7,0.400000,12.800000,13.200000,22,200,200,1.000000,1.000000,0.015240,200,2.000000,16.000000
7,0.400000,12.800000,13.200000,24,200,200,1.000000,1.000000,0.013266,200,2.000000,16.000000
7,0.400000,12.800000,13.200000,26,200,200,1.000000,1.000000,0.009925,200,2.000000,16.000000
7,0.400000,12.800000,13.200000,28,200,200,1.000000,1.000000,0.008426,200,2.000000,16.000000
7,0.400000,12.800000,13.200000,30,200,200,1.000000,1.000000,0.006856,200,2.000000,16.000000
8,0.350000,12.825000,13.175000,-4,0,0,0.000000,0.000000,NaN,0,1.000000,18.000000
8,0.350000,12.825000,13.175000,-2,0,0,0.000000,0.000000,NaN,0,1.000000,18.000000
8,0.350000,12.825000,13.175000,0,0,0,0.000000,0.000000,NaN,0,1.000000,18.000000
8,0.350000,12.825000,13.175000,2,0,0,0.000000,0.000000,NaN,0,1.000000,18.000000
8,0.350000,12.825000,13.175000,4,0,0,0.000000,0.000000,NaN,0,1.000000,18.000000
8,0.350000,12.825000,13.175000,6,0,0,0.000000,0.000000,NaN,0,1.000000,18.000000
8,0.350000,12.825000,13.175000,8,0,0,0.000000,0.000000,NaN,0,1.000000,18.000000
8,0.350000,12.825000,13.175000,10,0,0,0.000000,0.000000,NaN,0,1.000000,18.000000
8,0.350000,12.825000,13.175000,12,3,3,0.015000,0.015000,0.060759,3,1.015000,18.000000
8,0.350000,12.825000,13.175000,14,30,25,0.150000,0.125000,0.065891,30,1.150000,18.000000
8,0.350000,12.825000,13.175000,16,113,108,0.565000,0.540000,0.056633,113,1.565000,18.000000
8,0.350000,12.825000,13.175000,18,187,186,0.935000,0.930000,0.042801,187,1.935000,18.000000
8,0.350000,12.825000,13.175000,20,200,200,1.000000,1.000000,0.029198,200,2.000000,18.000000
8,0.350000,12.825000,13.175000,22,200,200,1.000000,1.000000,0.022572,200,2.000000,18.000000
8,0.350000,12.825000,13.175000,24,200,200,1.000000,1.000000,0.016926,200,2.000000,18.000000
8,0.350000,12.825000,13.175000,26,200,200,1.000000,1.000000,0.012748,200,2.000000,18.000000
8,0.350000,12.825000,13.175000,28,200,200,1.000000,1.000000,0.010247,200,2.000000,18.000000
8,0.350000,12.825000,13.175000,30,200,200,1.000000,1.000000,0.008185,200,2.000000,18.000000
9,0.311111,12.844444,13.155556,-4,0,0,0.000000,0.000000,NaN,0,1.000000,22.000000
9,0.311111,12.844444,13.155556,-2,0,0,0.000000,0.000000,NaN,0,1.000000,22.000000
9,0.311111,12.844444,13.155556,0,0,0,0.000000,0.000000,NaN,0,1.000000,22.000000
9,0.311111,12.844444,13.155556,2,0,0,0.000000,0.000000,NaN,0,1.000000,22.000000
9,0.311111,12.844444,13.155556,4,0,0,0.000000,0.000000,NaN,0,1.000000,22.000000
9,0.311111,12.844444,13.155556,6,0,0,0.000000,0.000000,NaN,0,1.000000,22.000000
9,0.311111,12.844444,13.155556,8,0,0,0.000000,0.000000,NaN,0,1.000000,22.000000
9,0.311111,12.844444,13.155556,10,0,0,0.000000,0.000000,NaN,0,1.000000,22.000000
9,0.311111,12.844444,13.155556,12,0,0,0.000000,0.000000,NaN,0,1.000000,22.000000
9,0.311111,12.844444,13.155556,14,0,0,0.000000,0.000000,NaN,0,1.000000,22.000000
9,0.311111,12.844444,13.155556,16,15,13,0.075000,0.065000,0.073496,15,1.075000,22.000000
9,0.311111,12.844444,13.155556,18,88,86,0.440000,0.430000,0.048665,88,1.440000,22.000000
9,0.311111,12.844444,13.155556,20,158,158,0.790000,0.790000,0.041152,158,1.790000,22.000000
9,0.311111,12.844444,13.155556,22,197,197,0.985000,0.985000,0.032160,197,1.985000,22.000000
9,0.311111,12.844444,13.155556,24,200,200,1.000000,1.000000,0.022847,200,2.000000,22.000000
9,0.311111,12.844444,13.155556,26,200,200,1.000000,1.000000,0.017232,200,2.000000,22.000000
9,0.311111,12.844444,13.155556,28,200,200,1.000000,1.000000,0.013228,200,2.000000,22.000000
9,0.311111,12.844444,13.155556,30,200,200,1.000000,1.000000,0.009923,200,2.000000,22.000000
10,0.280000,12.860000,13.140000,-4,0,0,0.000000,0.000000,NaN,0,1.000000,24.000000
10,0.280000,12.860000,13.140000,-2,0,0,0.000000,0.000000,NaN,0,1.000000,24.000000
10,0.280000,12.860000,13.140000,0,0,0,0.000000,0.000000,NaN,0,1.000000,24.000000
10,0.280000,12.860000,13.140000,2,0,0,0.000000,0.000000,NaN,0,1.000000,24.000000
10,0.280000,12.860000,13.140000,4,0,0,0.000000,0.000000,NaN,0,1.000000,24.000000
10,0.280000,12.860000,13.140000,6,0,0,0.000000,0.000000,NaN,0,1.000000,24.000000
10,0.280000,12.860000,13.140000,8,0,0,0.000000,0.000000,NaN,0,1.000000,24.000000
10,0.280000,12.860000,13.140000,10,0,0,0.000000,0.000000,NaN,0,1.000000,24.000000
10,0.280000,12.860000,13.140000,12,0,0,0.000000,0.000000,NaN,0,1.000000,24.000000
10,0.280000,12.860000,13.140000,14,0,0,0.000000,0.000000,NaN,0,1.000000,24.000000
10,0.280000,12.860000,13.140000,16,1,1,0.005000,0.005000,0.035355,1,1.005000,24.000000
10,0.280000,12.860000,13.140000,18,6,6,0.030000,0.030000,0.056421,6,1.030000,24.000000
10,0.280000,12.860000,13.140000,20,57,57,0.285000,0.285000,0.049559,57,1.285000,24.000000
10,0.280000,12.860000,13.140000,22,142,141,0.710000,0.705000,0.042235,142,1.710000,24.000000
10,0.280000,12.860000,13.140000,24,185,185,0.925000,0.925000,0.031400,185,1.925000,24.000000
10,0.280000,12.860000,13.140000,26,200,200,1.000000,1.000000,0.022091,200,2.000000,24.000000
10,0.280000,12.860000,13.140000,28,200,200,1.000000,1.000000,0.017190,200,2.000000,24.000000
10,0.280000,12.860000,13.140000,30,200,200,1.000000,1.000000,0.012777,200,2.000000,24.000000
