method_name,method_type,B,beam_count,scenario_name,rho,phase_deg,beta,az_sep_deg,el_sep_deg,snr_db,raw_success_rate,az_tol_success_rate,el_pair_tol_success_rate,joint_success_rate,az_rmse_deg,el_rmse_deg,mean_abs_el_sep_error_deg,false_el_split_rate,boundary_hit_rate,projection_loss,mean_corr,max_corr,cond_WHW,cond_best_GHG,mean_num_pairs,mean_truth_manifold_corr,n_trials,overall_joint_success_rate,overall_az_rmse_deg,overall_el_rmse_deg,worst_case_success
greedy_combined,greedy_combined,5,5,easy_noncoherent,0,0,1,1.27,0.67,30,1,1,1,1,0.0403112887414925,0.118004237212061,0.190000000000003,0,0,0.628122614859027,0.229145888235483,0.236915646943025,4.52634973524694,1.26390476591602,65379,0.080125511290954,3,0.6,0.0707312439911395,0.091542931286135,0
greedy_combined,greedy_combined,5,5,hard_phase,0.99,150,1,0.83,0.37,30,1,1,1,1,0.0680073525436777,0.0743303437365916,0.109999999999999,0,0,0.628122614859027,0.229145888235483,0.236915646943025,4.52634973524694,1.85493142945791,65379,0.407534472920107,3,0.6,0.0707312439911395,0.091542931286135,0
greedy_combined,greedy_combined,5,5,low_snr_hard,1,150,0.3,0.83,0.37,20,1,0,1,0,0.11236102527122,0.0955248658727151,0.130000000000001,0,0,0.628122614859027,0.229145888235483,0.236915646943025,4.52634973524694,3.94115607041785,65379,0.407534472920107,3,0.6,0.0707312439911395,0.091542931286135,0
greedy_combined,greedy_combined,5,5,strong_coherent,0.99,5,1,1.27,0.37,30,1,1,1,1,0.0206155281280884,0.0743303437365916,0.109999999999999,0,0,0.628122614859027,0.229145888235483,0.236915646943025,4.52634973524694,1.53021140952528,65379,0.0729441343207773,3,0.6,0.0707312439911395,0.091542931286135,0
greedy_combined,greedy_combined,5,5,weak_secondary,0.99,150,0.3,0.83,0.37,30,1,0,1,0,0.11236102527122,0.0955248658727151,0.130000000000001,0,0,0.628122614859027,0.229145888235483,0.236915646943025,4.52634973524694,3.94115607041785,65379,0.407534472920107,3,0.6,0.0707312439911395,0.091542931286135,0
greedy_combined,greedy_combined,7,7,easy_noncoherent,0,0,1,1.27,0.67,30,1,1,1,1,0.0206155281280884,0.118004237212061,0.190000000000003,0,0,0.55678569477829,0.23631945265696,0.253388567370866,8.32058176539474,1.26743151358734,65379,0.106970433403977,3,1,0.0380587353101073,0.091542931286135,1
greedy_combined,greedy_combined,7,7,hard_phase,0.99,150,1,0.83,0.37,30,1,1,1,1,0.0320156211871644,0.0743303437365916,0.109999999999999,0,0,0.55678569477829,0.23631945265696,0.253388567370866,8.32058176539474,1.80865542184705,65379,0.348352256811632,3,1,0.0380587353101073,0.091542931286135,1
greedy_combined,greedy_combined,7,7,low_snr_hard,1,150,0.3,0.83,0.37,20,1,1,1,1,0.0585234995535977,0.0955248658727151,0.130000000000001,0,0,0.55678569477829,0.23631945265696,0.253388567370866,8.32058176539474,2.77083697576869,65379,0.348352256811632,3,1,0.0380587353101073,0.091542931286135,1
greedy_combined,greedy_combined,7,7,strong_coherent,0.99,5,1,1.27,0.37,30,1,1,1,1,0.0206155281280884,0.0743303437365916,0.109999999999999,0,0,0.55678569477829,0.23631945265696,0.253388567370866,8.32058176539474,1.28750892641291,65379,0.113023151106789,3,1,0.0380587353101073,0.091542931286135,1
greedy_combined,greedy_combined,7,7,weak_secondary,0.99,150,0.3,0.83,0.37,30,1,1,1,1,0.0585234995535977,0.0955248658727151,0.130000000000001,0,0,0.55678569477829,0.23631945265696,0.253388567370866,8.32058176539474,2.77083697576869,65379,0.348352256811632,3,1,0.0380587353101073,0.091542931286135,1
greedy_combined,greedy_combined,9,9,easy_noncoherent,0,0,1,1.27,0.67,30,1,1,1,1,0.0206155281280884,0.118004237212061,0.190000000000003,0,0,0.526167737478049,0.243033547406603,0.251544614610716,9.19378568099996,1.29408323351808,65379,0.114581304303198,3,1,0.0380587353101073,0.091542931286135,1
greedy_combined,greedy_combined,9,9,hard_phase,0.99,150,1,0.83,0.37,30,1,1,1,1,0.0320156211871644,0.0743303437365916,0.109999999999999,0,0,0.526167737478049,0.243033547406603,0.251544614610716,9.19378568099996,1.81307914655648,65379,0.345890956996228,3,1,0.0380587353101073,0.091542931286135,1
greedy_combined,greedy_combined,9,9,low_snr_hard,1,150,0.3,0.83,0.37,20,1,1,1,1,0.0585234995535977,0.0955248658727151,0.130000000000001,0,0,0.526167737478049,0.243033547406603,0.251544614610716,9.19378568099996,2.75680002838396,65379,0.345890956996228,3,1,0.0380587353101073,0.091542931286135,1
greedy_combined,greedy_combined,9,9,strong_coherent,0.99,5,1,1.27,0.37,30,1,1,1,1,0.0206155281280884,0.0743303437365916,0.109999999999999,0,0,0.526167737478049,0.243033547406603,0.251544614610716,9.19378568099996,1.31036372333519,65379,0.121474611504677,3,1,0.0380587353101073,0.091542931286135,1
greedy_combined,greedy_combined,9,9,weak_secondary,0.99,150,0.3,0.83,0.37,30,1,1,1,1,0.0585234995535977,0.0955248658727151,0.130000000000001,0,0,0.526167737478049,0.243033547406603,0.251544614610716,9.19378568099996,2.75680002838396,65379,0.345890956996228,3,1,0.0380587353101073,0.091542931286135,1
greedy_combined,greedy_combined,11,11,easy_noncoherent,0,0,1,1.27,0.67,30,1,1,1,1,0.0206155281280884,0.10735455276792,0.190000000000001,0,0,0.501973743551175,0.243859309550282,0.254889909769914,20.0431918562385,1.28558900183969,65379,0.103897090038236,3,1,0.0380587353101073,0.0909481451168448,1
greedy_combined,greedy_combined,11,11,hard_phase,0.99,150,1,0.83,0.37,30,1,1,1,1,0.0320156211871644,0.0743303437365916,0.109999999999999,0,0,0.501973743551175,0.243859309550282,0.254889909769914,20.0431918562385,1.80578090466434,65379,0.344933233037428,3,1,0.0380587353101073,0.0909481451168448,1
greedy_combined,greedy_combined,11,11,low_snr_hard,1,150,0.3,0.83,0.37,20,1,1,1,1,0.0585234995535977,0.0955248658727151,0.130000000000001,0,0,0.501973743551175,0.243859309550282,0.254889909769914,20.0431918562385,2.76527638483448,65379,0.344933233037428,3,1,0.0380587353101073,0.0909481451168448,1
greedy_combined,greedy_combined,11,11,strong_coherent,0.99,5,1,1.27,0.37,30,1,1,1,1,0.0206155281280884,0.0820060973342827,0.130000000000001,0,0,0.501973743551175,0.243859309550282,0.254889909769914,20.0431918562385,1.29835274781719,65379,0.117903007810386,3,1,0.0380587353101073,0.0909481451168448,1
greedy_combined,greedy_combined,11,11,weak_secondary,0.99,150,0.3,0.83,0.37,30,1,1,1,1,0.0585234995535977,0.0955248658727151,0.130000000000001,0,0,0.501973743551175,0.243859309550282,0.254889909769914,20.0431918562385,2.76527638483448,65379,0.344933233037428,3,1,0.0380587353101073,0.0909481451168448,1
greedy_combined,greedy_combined,15,15,easy_noncoherent,0,0,1,1.27,0.67,30,1,1,1,1,0.0206155281280884,0.118004237212061,0.190000000000003,0,0,0.328144616383204,0.242297872911306,0.270235756744828,554.376781392181,1.30045245789117,65379,0.107876742889722,3,0.866666666666667,0.0557799857664588,0.084088556244711,0.333333333333333
greedy_combined,greedy_combined,15,15,hard_phase,0.99,150,1,0.83,0.37,30,1,0.333333333333333,1,0.333333333333333,0.101654167488762,0.079447512801719,0.123333333333334,0,0,0.328144616383204,0.242297872911306,0.270235756744828,554.376781392181,3.53658295753172,65379,0.310427984129304,3,0.866666666666667,0.0557799857664588,0.084088556244711,0.333333333333333
greedy_combined,greedy_combined,15,15,low_snr_hard,1,150,0.3,0.83,0.37,20,1,1,1,1,0.0680073525436777,0.0743303437365916,0.109999999999999,0,0,0.328144616383204,0.242297872911306,0.270235756744828,554.376781392181,1.40299788196141,65379,0.310427984129304,3,0.866666666666667,0.0557799857664588,0.084088556244711,0.333333333333333
greedy_combined,greedy_combined,15,15,strong_coherent,0.99,5,1,1.27,0.37,30,1,1,1,1,0.0206155281280884,0.0743303437365916,0.109999999999999,0,0,0.328144616383204,0.242297872911306,0.270235756744828,554.376781392181,1.28942818555064,65379,0.127977644385882,3,0.866666666666667,0.0557799857664588,0.084088556244711,0.333333333333333
greedy_combined,greedy_combined,15,15,weak_secondary,0.99,150,0.3,0.83,0.37,30,1,1,1,1,0.0680073525436777,0.0743303437365916,0.109999999999999,0,0,0.328144616383204,0.242297872911306,0.270235756744828,554.376781392181,1.40299788196141,65379,0.310427984129304,3,0.866666666666667,0.0557799857664588,0.084088556244711,0.333333333333333
greedy_combined,greedy_combined,19,19,easy_noncoherent,0,0,1,1.27,0.67,30,1,1,1,1,0.0206155281280884,0.10735455276792,0.190000000000001,0,0,0.255804995526021,0.233195454854435,0.256715355415562,703.08421135379,1.27318670442636,65379,0.103353316571944,3,0.8,0.0627438403966186,0.0824703362623954,0
greedy_combined,greedy_combined,19,19,hard_phase,0.99,150,1,0.83,0.37,30,1,0,1,0,0.136473440639561,0.0820060973342827,0.130000000000001,0,0,0.255804995526021,0.233195454854435,0.256715355415562,703.08421135379,4.56693415909337,65379,0.319581512931864,3,0.8,0.0627438403966186,0.0824703362623954,0
greedy_combined,greedy_combined,19,19,low_snr_hard,1,150,0.3,0.83,0.37,20,1,1,1,1,0.0680073525436777,0.0743303437365916,0.109999999999999,0,0,0.255804995526021,0.233195454854435,0.256715355415562,703.08421135379,1.40922392472439,65379,0.319581512931864,3,0.8,0.0627438403966186,0.0824703362623954,0
greedy_combined,greedy_combined,19,19,strong_coherent,0.99,5,1,1.27,0.37,30,1,1,1,1,0.0206155281280884,0.0743303437365916,0.109999999999999,0,0,0.255804995526021,0.233195454854435,0.256715355415562,703.08421135379,1.27318670442636,65379,0.118916716400379,3,0.8,0.0627438403966186,0.0824703362623954,0
greedy_combined,greedy_combined,19,19,weak_secondary,0.99,150,0.3,0.83,0.37,30,1,1,1,1,0.0680073525436777,0.0743303437365916,0.109999999999999,0,0,0.255804995526021,0.233195454854435,0.256715355415562,703.08421135379,1.40922392472439,65379,0.319581512931864,3,0.8,0.0627438403966186,0.0824703362623954,0
greedy_combined,greedy_combined,21,21,easy_noncoherent,0,0,1,1.27,0.67,30,1,1,1,1,0.0206155281280884,0.10735455276792,0.190000000000001,0,0,0.238090146265002,0.23300419190305,0.269814465376602,1000.50111953995,1.28442137406447,65379,0.105341855070515,3,0.8,0.0627438403966186,0.0824703362623954,0
greedy_combined,greedy_combined,21,21,hard_phase,0.99,150,1,0.83,0.37,30,1,0,1,0,0.136473440639561,0.0820060973342827,0.130000000000001,0,0,0.238090146265002,0.23300419190305,0.269814465376602,1000.50111953995,4.51785016437046,65379,0.313379640264411,3,0.8,0.0627438403966186,0.0824703362623954,0
greedy_combined,greedy_combined,21,21,low_snr_hard,1,150,0.3,0.83,0.37,20,1,1,1,1,0.0680073525436777,0.0743303437365916,0.109999999999999,0,0,0.238090146265002,0.23300419190305,0.269814465376602,1000.50111953995,1.38728107297703,65379,0.313379640264411,3,0.8,0.0627438403966186,0.0824703362623954,0
greedy_combined,greedy_combined,21,21,strong_coherent,0.99,5,1,1.27,0.37,30,1,1,1,1,0.0206155281280884,0.0743303437365916,0.109999999999999,0,0,0.238090146265002,0.23300419190305,0.269814465376602,1000.50111953995,1.28442137406447,65379,0.123371405914096,3,0.8,0.0627438403966186,0.0824703362623954,0
greedy_combined,greedy_combined,21,21,weak_secondary,0.99,150,0.3,0.83,0.37,30,1,1,1,1,0.0680073525436777,0.0743303437365916,0.109999999999999,0,0,0.238090146265002,0.23300419190305,0.269814465376602,1000.50111953995,1.38728107297703,65379,0.313379640264411,3,0.8,0.0627438403966186,0.0824703362623954,0
greedy_combined,greedy_combined,25,25,easy_noncoherent,0,0,1,1.27,0.67,30,1,1,1,1,0.0206155281280884,0.10735455276792,0.190000000000001,0,0,0.214896060872821,0.23437193895026,0.253290059817721,4096.252116804,1.29546514209133,65379,0.108486458680247,3,0.8,0.0627438403966186,0.0824703362623954,0
greedy_combined,greedy_combined,25,25,hard_phase,0.99,150,1,0.83,0.37,30,1,0,1,0,0.136473440639561,0.0820060973342827,0.130000000000001,0,0,0.214896060872821,0.23437193895026,0.253290059817721,4096.252116804,4.46836212063732,65379,0.308597504854796,3,0.8,0.0627438403966186,0.0824703362623954,0
greedy_combined,greedy_combined,25,25,low_snr_hard,1,150,0.3,0.83,0.37,20,1,1,1,1,0.0680073525436777,0.0743303437365916,0.109999999999999,0,0,0.214896060872821,0.23437193895026,0.253290059817721,4096.252116804,1.3749693811225,65379,0.308597504854796,3,0.8,0.0627438403966186,0.0824703362623954,0
greedy_combined,greedy_combined,25,25,strong_coherent,0.99,5,1,1.27,0.37,30,1,1,1,1,0.0206155281280884,0.0743303437365916,0.109999999999999,0,0,0.214896060872821,0.23437193895026,0.253290059817721,4096.252116804,1.29546514209133,65379,0.128350724930469,3,0.8,0.0627438403966186,0.0824703362623954,0
greedy_combined,greedy_combined,25,25,weak_secondary,0.99,150,0.3,0.83,0.37,30,1,1,1,1,0.0680073525436777,0.0743303437365916,0.109999999999999,0,0,0.214896060872821,0.23437193895026,0.253290059817721,4096.252116804,1.3749693811225,65379,0.308597504854796,3,0.8,0.0627438403966186,0.0824703362623954,0
greedy_combined,greedy_combined,31,31,easy_noncoherent,0,0,1,1.27,0.67,30,1,1,1,1,0.0206155281280884,0.10735455276792,0.190000000000001,0,0,0.15995774465196,0.229502437509627,0.248295251588751,15733.689217795,1.29308198498925,65379,0.106668322958165,3,0.8,0.0627438403966186,0.0824703362623954,0
greedy_combined,greedy_combined,31,31,hard_phase,0.99,150,1,0.83,0.37,30,1,0,1,0,0.136473440639561,0.0820060973342827,0.130000000000001,0,0,0.15995774465196,0.229502437509627,0.248295251588751,15733.689217795,4.40827121560729,65379,0.30386187479787,3,0.8,0.0627438403966186,0.0824703362623954,0
greedy_combined,greedy_combined,31,31,low_snr_hard,1,150,0.3,0.83,0.37,20,1,1,1,1,0.0680073525436777,0.0743303437365916,0.109999999999999,0,0,0.15995774465196,0.229502437509627,0.248295251588751,15733.689217795,1.35723528621876,65379,0.30386187479787,3,0.8,0.0627438403966186,0.0824703362623954,0
greedy_combined,greedy_combined,31,31,strong_coherent,0.99,5,1,1.27,0.37,30,1,1,1,1,0.0206155281280884,0.0743303437365916,0.109999999999999,0,0,0.15995774465196,0.229502437509627,0.248295251588751,15733.689217795,1.29308198498925,65379,0.1277144620709,3,0.8,0.0627438403966186,0.0824703362623954,0
greedy_combined,greedy_combined,31,31,weak_secondary,0.99,150,0.3,0.83,0.37,30,1,1,1,1,0.0680073525436777,0.0743303437365916,0.109999999999999,0,0,0.15995774465196,0.229502437509627,0.248295251588751,15733.689217795,1.35723528621876,65379,0.30386187479787,3,0.8,0.0627438403966186,0.0824703362623954,0
greedy_lowcorr,greedy_lowcorr,5,5,easy_noncoherent,0,0,1,1.27,0.67,30,1,1,1,1,0.0588898136814925,0.118004237212061,0.190000000000003,0,0,0.891545496715419,0.254187716341376,0.369399751258863,2.11913854451967,4.32091786728059,65379,0.181138165959613,3,0.4,0.0920793187209969,0.100020740140584,0
greedy_lowcorr,greedy_lowcorr,5,5,hard_phase,0.99,150,1,0.83,0.37,30,1,0,1,0,0.136473440639561,0.0955248658727151,0.130000000000001,0,0,0.891545496715419,0.254187716341376,0.369399751258863,2.11913854451967,4.67886443200234,65379,0.312084816721416,3,0.4,0.0920793187209969,0.100020740140584,0
greedy_lowcorr,greedy_lowcorr,5,5,low_snr_hard,1,150,0.3,0.83,0.37,20,1,0,1,0,0.11236102527122,0.0955248658727151,0.130000000000001,0,0,0.891545496715419,0.254187716341376,0.369399751258863,2.11913854451967,3.28989246373336,65379,0.312084816721416,3,0.4,0.0920793187209969,0.100020740140584,0
greedy_lowcorr,greedy_lowcorr,5,5,strong_coherent,0.99,5,1,1.27,0.37,30,1,1,1,1,0.0403112887414925,0.0955248658727151,0.130000000000001,0,0,0.891545496715419,0.254187716341376,0.369399751258863,2.11913854451967,2.32035970374617,65379,0.208507609910557,3,0.4,0.0920793187209969,0.100020740140584,0
greedy_lowcorr,greedy_lowcorr,5,5,weak_secondary,0.99,150,0.3,0.83,0.37,30,1,0,1,0,0.11236102527122,0.0955248658727151,0.130000000000001,0,0,0.891545496715419,0.254187716341376,0.369399751258863,2.11913854451967,3.28989246373336,65379,0.312084816721416,3,0.4,0.0920793187209969,0.100020740140584,0
greedy_lowcorr,greedy_lowcorr,7,7,easy_noncoherent,0,0,1,1.27,0.67,30,1,1,1,1,0.0403112887414925,0.118004237212061,0.190000000000003,0,0,0.879021821104546,0.258143559454305,0.31875125212908,57.2957076030831,4.62762827754301,65379,0.194845613337333,3,0.6,0.0733573454062601,0.0943688675709514,0
greedy_lowcorr,greedy_lowcorr,7,7,hard_phase,0.99,150,1,0.83,0.37,30,1,1,1,1,0.0680073525436777,0.0743303437365916,0.109999999999999,0,0,0.879021821104546,0.258143559454305,0.31875125212908,57.2957076030831,3.70430079361576,65379,0.305382235654614,3,0.6,0.0733573454062601,0.0943688675709514,0
greedy_lowcorr,greedy_lowcorr,7,7,low_snr_hard,1,150,0.3,0.83,0.37,20,1,0,1,0,0.11236102527122,0.0955248658727151,0.130000000000001,0,0,0.879021821104546,0.258143559454305,0.31875125212908,57.2957076030831,3.47934473121837,65379,0.305382235654614,3,0.6,0.0733573454062601,0.0943688675709514,0
greedy_lowcorr,greedy_lowcorr,7,7,strong_coherent,0.99,5,1,1.27,0.37,30,1,1,1,1,0.0337460352036911,0.088460025160674,0.123333333333334,0,0,0.879021821104546,0.258143559454305,0.31875125212908,57.2957076030831,3.66830289871314,65379,0.223765264162109,3,0.6,0.0733573454062601,0.0943688675709514,0
greedy_lowcorr,greedy_lowcorr,7,7,weak_secondary,0.99,150,0.3,0.83,0.37,30,1,0,1,0,0.11236102527122,0.0955248658727151,0.130000000000001,0,0,0.879021821104546,0.258143559454305,0.31875125212908,57.2957076030831,3.47934473121837,65379,0.305382235654614,3,0.6,0.0733573454062601,0.0943688675709514,0
greedy_lowcorr,greedy_lowcorr,9,9,easy_noncoherent,0,0,1,1.27,0.67,30,1,1,1,1,0.0271807816658898,0.118004237212061,0.190000000000003,0,0,0.827687329440523,0.273469295681514,0.313763981303999,92.5431880963329,5.62232145255816,65379,0.515916715204907,3,0.6,0.0679229401686548,0.0888391775784485,0
greedy_lowcorr,greedy_lowcorr,9,9,hard_phase,0.99,150,1,0.83,0.37,30,1,1,1,1,0.0585234995535977,0.0820060973342827,0.130000000000001,0,0,0.827687329440523,0.273469295681514,0.313763981303999,92.5431880963329,2.32536525293042,65379,0.103470471205098,3,0.6,0.0679229401686548,0.0888391775784485,0
greedy_lowcorr,greedy_lowcorr,9,9,low_snr_hard,1,150,0.3,0.83,0.37,20,1,0,1,0,0.120933866224479,0.0743303437365916,0.109999999999999,0,0,0.827687329440523,0.273469295681514,0.313763981303999,92.5431880963329,5.12718695412713,65379,0.103470471205098,3,0.6,0.0679229401686548,0.0888391775784485,0
greedy_lowcorr,greedy_lowcorr,9,9,strong_coherent,0.99,5,1,1.27,0.37,30,1,1,1,1,0.0206155281280884,0.0743303437365916,0.109999999999999,0,0,0.827687329440523,0.273469295681514,0.313763981303999,92.5431880963329,6.92669462362983,65379,0.551657445551365,3,0.6,0.0679229401686548,0.0888391775784485,0
greedy_lowcorr,greedy_lowcorr,9,9,weak_secondary,0.99,150,0.3,0.83,0.37,30,1,0,1,0,0.11236102527122,0.0955248658727151,0.130000000000001,0,0,0.827687329440523,0.273469295681514,0.313763981303999,92.5431880963329,2.88063569241837,65379,0.103470471205098,3,0.6,0.0679229401686548,0.0888391775784485,0
greedy_lowcorr,greedy_lowcorr,11,11,easy_noncoherent,0,0,1,1.27,0.67,30,1,1,1,1,0.0206155281280884,0.10735455276792,0.190000000000001,0,0,0.777828074233891,0.301985079548984,0.360887321152919,122.165729706716,5.93490003569725,65379,0.549243879953821,3,0.6,0.0648953212704427,0.0909481451168448,0
greedy_lowcorr,greedy_lowcorr,11,11,hard_phase,0.99,150,1,0.83,0.37,30,1,1,1,1,0.0585234995535977,0.0820060973342827,0.130000000000001,0,0,0.777828074233891,0.301985079548984,0.360887321152919,122.165729706716,1.52323536237797,65379,0.109042718487026,3,0.6,0.0648953212704427,0.0909481451168448,0
greedy_lowcorr,greedy_lowcorr,11,11,low_snr_hard,1,150,0.3,0.83,0.37,20,1,0,1,0,0.11236102527122,0.0955248658727151,0.130000000000001,0,0,0.777828074233891,0.301985079548984,0.360887321152919,122.165729706716,1.89013672876329,65379,0.109042718487026,3,0.6,0.0648953212704427,0.0909481451168448,0
greedy_lowcorr,greedy_lowcorr,11,11,strong_coherent,0.99,5,1,1.27,0.37,30,1,1,1,1,0.0206155281280884,0.0743303437365916,0.109999999999999,0,0,0.777828074233891,0.301985079548984,0.360887321152919,122.165729706716,5.93490003569725,65379,0.62280543921658,3,0.6,0.0648953212704427,0.0909481451168448,0
greedy_lowcorr,greedy_lowcorr,11,11,weak_secondary,0.99,150,0.3,0.83,0.37,30,1,0,1,0,0.11236102527122,0.0955248658727151,0.130000000000001,0,0,0.777828074233891,0.301985079548984,0.360887321152919,122.165729706716,1.89013672876329,65379,0.109042718487026,3,0.6,0.0648953212704427,0.0909481451168448,0
greedy_lowcorr,greedy_lowcorr,15,15,easy_noncoherent,0,0,1,1.27,0.67,30,1,1,1,1,0.0206155281280884,0.10735455276792,0.190000000000001,0,0,0.553880487805514,0.256848661884906,0.295881727633359,220.393275950759,1.6900963233625,65379,0.111235554866415,3,0.6,0.0683244576517464,0.085408761329842,0
greedy_lowcorr,greedy_lowcorr,15,15,hard_phase,0.99,150,1,0.83,0.37,30,1,1,1,1,0.0585234995535977,0.0820060973342827,0.130000000000001,0,0,0.553880487805514,0.256848661884906,0.295881727633359,220.393275950759,2.66282751030483,65379,0.321838892545576,3,0.6,0.0683244576517464,0.085408761329842,0
greedy_lowcorr,greedy_lowcorr,15,15,low_snr_hard,1,150,0.3,0.83,0.37,20,1,0,1,0,0.120933866224479,0.0743303437365916,0.109999999999999,0,0,0.553880487805514,0.256848661884906,0.295881727633359,220.393275950759,1.56341365404595,65379,0.321838892545576,3,0.6,0.0683244576517464,0.085408761329842,0
greedy_lowcorr,greedy_lowcorr,15,15,strong_coherent,0.99,5,1,1.27,0.37,30,1,1,1,1,0.0206155281280884,0.0890224690738245,0.109999999999998,0,0,0.553880487805514,0.256848661884906,0.295881727633359,220.393275950759,1.6533591999717,65379,0.146924271773481,3,0.6,0.0683244576517464,0.085408761329842,0
greedy_lowcorr,greedy_lowcorr,15,15,weak_secondary,0.99,150,0.3,0.83,0.37,30,1,0,1,0,0.120933866224479,0.0743303437365916,0.109999999999999,0,0,0.553880487805514,0.256848661884906,0.295881727633359,220.393275950759,1.56341365404595,65379,0.321838892545576,3,0.6,0.0683244576517464,0.085408761329842,0
greedy_lowcorr,greedy_lowcorr,19,19,easy_noncoherent,0,0,1,1.27,0.67,30,1,1,1,1,0.0206155281280884,0.10735455276792,0.190000000000001,0,0,0.471200068569132,0.255952773273782,0.369196685125847,327.914497818342,1.37836194861404,65379,0.0992996004633083,3,0.8,0.0627438403966186,0.0840054869819336,0
greedy_lowcorr,greedy_lowcorr,19,19,hard_phase,0.99,150,1,0.83,0.37,30,1,0,1,0,0.136473440639561,0.0820060973342827,0.130000000000001,0,0,0.471200068569132,0.255952773273782,0.369196685125847,327.914497818342,4.8224559199678,65379,0.330555396865295,3,0.8,0.0627438403966186,0.0840054869819336,0
greedy_lowcorr,greedy_lowcorr,19,19,low_snr_hard,1,150,0.3,0.83,0.37,20,1,1,1,1,0.0680073525436777,0.0743303437365916,0.109999999999999,0,0,0.471200068569132,0.255952773273782,0.369196685125847,327.914497818342,1.49661017041504,65379,0.330555396865295,3,0.8,0.0627438403966186,0.0840054869819336,0
greedy_lowcorr,greedy_lowcorr,19,19,strong_coherent,0.99,5,1,1.27,0.37,30,1,1,1,1,0.0206155281280884,0.0820060973342827,0.130000000000001,0,0,0.471200068569132,0.255952773273782,0.369196685125847,327.914497818342,1.3487539914289,65379,0.124429474959785,3,0.8,0.0627438403966186,0.0840054869819336,0
greedy_lowcorr,greedy_lowcorr,19,19,weak_secondary,0.99,150,0.3,0.83,0.37,30,1,1,1,1,0.0680073525436777,0.0743303437365916,0.109999999999999,0,0,0.471200068569132,0.255952773273782,0.369196685125847,327.914497818342,1.49661017041504,65379,0.330555396865295,3,0.8,0.0627438403966186,0.0840054869819336,0
greedy_lowcorr,greedy_lowcorr,21,21,easy_noncoherent,0,0,1,1.27,0.67,30,1,1,1,1,0.0206155281280884,0.10735455276792,0.190000000000001,0,0,0.449581645872331,0.247043646809277,0.306807167875802,965.10647591826,1.47983978942413,65379,0.133542135502227,3,0.8,0.0627438403966186,0.0824703362623954,0
greedy_lowcorr,greedy_lowcorr,21,21,hard_phase,0.99,150,1,0.83,0.37,30,1,0,1,0,0.136473440639561,0.0820060973342827,0.130000000000001,0,0,0.449581645872331,0.247043646809277,0.306807167875802,965.10647591826,4.28259625399607,65379,0.286127931638131,3,0.8,0.0627438403966186,0.0824703362623954,0
greedy_lowcorr,greedy_lowcorr,21,21,low_snr_hard,1,150,0.3,0.83,0.37,20,1,1,1,1,0.0680073525436777,0.0743303437365916,0.109999999999999,0,0,0.449581645872331,0.247043646809277,0.306807167875802,965.10647591826,1.36293427226348,65379,0.286127931638131,3,0.8,0.0627438403966186,0.0824703362623954,0
greedy_lowcorr,greedy_lowcorr,21,21,strong_coherent,0.99,5,1,1.27,0.37,30,1,1,1,1,0.0206155281280884,0.0743303437365916,0.109999999999999,0,0,0.449581645872331,0.247043646809277,0.306807167875802,965.10647591826,1.47983978942413,65379,0.168496207121367,3,0.8,0.0627438403966186,0.0824703362623954,0
greedy_lowcorr,greedy_lowcorr,21,21,weak_secondary,0.99,150,0.3,0.83,0.37,30,1,1,1,1,0.0680073525436777,0.0743303437365916,0.109999999999999,0,0,0.449581645872331,0.247043646809277,0.306807167875802,965.10647591826,1.36293427226348,65379,0.286127931638131,3,0.8,0.0627438403966186,0.0824703362623954,0
greedy_lowcorr,greedy_lowcorr,25,25,easy_noncoherent,0,0,1,1.27,0.67,30,1,1,1,1,0.0206155281280884,0.10735455276792,0.190000000000001,0,0,0.388797249637357,0.237616497335062,0.275997786060456,4365.51951979457,1.64280761671274,65379,0.188276782729891,3,0.8,0.0627438403966186,0.0824703362623954,0
greedy_lowcorr,greedy_lowcorr,25,25,hard_phase,0.99,150,1,0.83,0.37,30,1,0,1,0,0.136473440639561,0.0820060973342827,0.130000000000001,0,0,0.388797249637357,0.237616497335062,0.275997786060456,4365.51951979457,3.40101946977873,65379,0.190778328105615,3,0.8,0.0627438403966186,0.0824703362623954,0
greedy_lowcorr,greedy_lowcorr,25,25,low_snr_hard,1,150,0.3,0.83,0.37,20,1,1,1,1,0.0680073525436777,0.0743303437365916,0.109999999999999,0,0,0.388797249637357,0.237616497335062,0.275997786060456,4365.51951979457,1.08009404476282,65379,0.190778328105615,3,0.8,0.0627438403966186,0.0824703362623954,0
greedy_lowcorr,greedy_lowcorr,25,25,strong_coherent,0.99,5,1,1.27,0.37,30,1,1,1,1,0.0206155281280884,0.0743303437365916,0.109999999999999,0,0,0.388797249637357,0.237616497335062,0.275997786060456,4365.51951979457,1.64280761671274,65379,0.244621734588149,3,0.8,0.0627438403966186,0.0824703362623954,0
greedy_lowcorr,greedy_lowcorr,25,25,weak_secondary,0.99,150,0.3,0.83,0.37,30,1,1,1,1,0.0680073525436777,0.0743303437365916,0.109999999999999,0,0,0.388797249637357,0.237616497335062,0.275997786060456,4365.51951979457,1.08009404476282,65379,0.190778328105615,3,0.8,0.0627438403966186,0.0824703362623954,0
greedy_lowcorr,greedy_lowcorr,31,31,easy_noncoherent,0,0,1,1.27,0.67,30,1,1,1,1,0.0206155281280884,0.10735455276792,0.190000000000001,0,0,0.246022445269597,0.254146267361477,0.322225769936778,21673.4956124981,1.28096103993946,65379,0.0983082168074018,3,0.8,0.0627438403966186,0.0824703362623954,0
greedy_lowcorr,greedy_lowcorr,31,31,hard_phase,0.99,150,1,0.83,0.37,30,1,0,1,0,0.136473440639561,0.0820060973342827,0.130000000000001,0,0,0.246022445269597,0.254146267361477,0.322225769936778,21673.4956124981,4.53061063349743,65379,0.315722414415378,3,0.8,0.0627438403966186,0.0824703362623954,0
greedy_lowcorr,greedy_lowcorr,31,31,low_snr_hard,1,150,0.3,0.83,0.37,20,1,1,1,1,0.0680073525436777,0.0743303437365916,0.109999999999999,0,0,0.246022445269597,0.254146267361477,0.322225769936778,21673.4956124981,1.39794039486517,65379,0.315722414415378,3,0.8,0.0627438403966186,0.0824703362623954,0
greedy_lowcorr,greedy_lowcorr,31,31,strong_coherent,0.99,5,1,1.27,0.37,30,1,1,1,1,0.0206155281280884,0.0743303437365916,0.109999999999999,0,0,0.246022445269597,0.254146267361477,0.322225769936778,21673.4956124981,1.28096103993946,65379,0.117592218536781,3,0.8,0.0627438403966186,0.0824703362623954,0
greedy_lowcorr,greedy_lowcorr,31,31,weak_secondary,0.99,150,0.3,0.83,0.37,30,1,1,1,1,0.0680073525436777,0.0743303437365916,0.109999999999999,0,0,0.246022445269597,0.254146267361477,0.322225769936778,21673.4956124981,1.39794039486517,65379,0.315722414415378,3,0.8,0.0627438403966186,0.0824703362623954,0
greedy_projection,greedy_projection,5,5,easy_noncoherent,0,0,1,1.27,0.67,30,1,1,1,1,0.0206155281280884,0.10735455276792,0.190000000000001,0,0,0.587092635584815,0.218244487992586,0.323307676483951,6.80920479838333,1.36008647045103,65379,0.132536924600711,3,0.6,0.061619757741027,0.085408761329842,0
greedy_projection,greedy_projection,5,5,hard_phase,0.99,150,1,0.83,0.37,30,1,1,1,1,0.0250000000000004,0.0820060973342827,0.130000000000001,0,0,0.587092635584815,0.218244487992586,0.323307676483951,6.80920479838333,2.03627850908621,65379,0.303298289363247,3,0.6,0.061619757741027,0.085408761329842,0
greedy_projection,greedy_projection,5,5,low_snr_hard,1,150,0.3,0.83,0.37,20,1,0,1,0,0.120933866224479,0.0743303437365916,0.109999999999999,0,0,0.587092635584815,0.218244487992586,0.323307676483951,6.80920479838333,1.16986655746289,65379,0.303298289363247,3,0.6,0.061619757741027,0.085408761329842,0
greedy_projection,greedy_projection,5,5,strong_coherent,0.99,5,1,1.27,0.37,30,1,1,1,1,0.0206155281280884,0.0890224690738245,0.109999999999998,0,0,0.587092635584815,0.218244487992586,0.323307676483951,6.80920479838333,1.34411374252006,65379,0.148250696964689,3,0.6,0.061619757741027,0.085408761329842,0
greedy_projection,greedy_projection,5,5,weak_secondary,0.99,150,0.3,0.83,0.37,30,1,0,1,0,0.120933866224479,0.0743303437365916,0.109999999999999,0,0,0.587092635584815,0.218244487992586,0.323307676483951,6.80920479838333,1.16986655746289,65379,0.303298289363247,3,0.6,0.061619757741027,0.085408761329842,0
greedy_projection,greedy_projection,7,7,easy_noncoherent,0,0,1,1.27,0.67,30,1,1,1,1,0.0206155281280884,0.118004237212061,0.190000000000003,0,0,0.509054385650586,0.217948853584781,0.308649162815983,10.8694989159433,1.31427235383632,65379,0.123704726400888,3,1,0.0380587353101073,0.091542931286135,1
greedy_projection,greedy_projection,7,7,hard_phase,0.99,150,1,0.83,0.37,30,1,1,1,1,0.0320156211871644,0.0743303437365916,0.109999999999999,0,0,0.509054385650586,0.217948853584781,0.308649162815983,10.8694989159433,1.72072178362794,65379,0.326779821314176,3,1,0.0380587353101073,0.091542931286135,1
greedy_projection,greedy_projection,7,7,low_snr_hard,1,150,0.3,0.83,0.37,20,1,1,1,1,0.0585234995535977,0.0955248658727151,0.130000000000001,0,0,0.509054385650586,0.217948853584781,0.308649162815983,10.8694989159433,2.69911365124278,65379,0.326779821314176,3,1,0.0380587353101073,0.091542931286135,1
greedy_projection,greedy_projection,7,7,strong_coherent,0.99,5,1,1.27,0.37,30,1,1,1,1,0.0206155281280884,0.0743303437365916,0.109999999999999,0,0,0.509054385650586,0.217948853584781,0.308649162815983,10.8694989159433,1.30558195311758,65379,0.128286704352482,3,1,0.0380587353101073,0.091542931286135,1
greedy_projection,greedy_projection,7,7,weak_secondary,0.99,150,0.3,0.83,0.37,30,1,1,1,1,0.0585234995535977,0.0955248658727151,0.130000000000001,0,0,0.509054385650586,0.217948853584781,0.308649162815983,10.8694989159433,2.69911365124278,65379,0.326779821314176,3,1,0.0380587353101073,0.091542931286135,1
greedy_projection,greedy_projection,9,9,easy_noncoherent,0,0,1,1.27,0.67,30,1,1,1,1,0.0206155281280884,0.10735455276792,0.190000000000001,0,0,0.460204444553322,0.21370668969332,0.280048974968047,19.3498400235435,1.3043141622772,65379,0.11411082145937,3,0.6,0.0733291431327788,0.0840054869819336,0
greedy_projection,greedy_projection,9,9,hard_phase,0.99,150,1,0.83,0.37,30,1,0,1,0,0.136473440639561,0.0820060973342827,0.130000000000001,0,0,0.460204444553322,0.21370668969332,0.280048974968047,19.3498400235435,4.52889493816048,65379,0.320874775729131,3,0.6,0.0733291431327788,0.0840054869819336,0
greedy_projection,greedy_projection,9,9,low_snr_hard,1,150,0.3,0.83,0.37,20,1,0,1,0,0.120933866224479,0.0743303437365916,0.109999999999999,0,0,0.460204444553322,0.21370668969332,0.280048974968047,19.3498400235435,1.22617473933011,65379,0.320874775729131,3,0.6,0.0733291431327788,0.0840054869819336,0
greedy_projection,greedy_projection,9,9,strong_coherent,0.99,5,1,1.27,0.37,30,1,1,1,1,0.0206155281280884,0.0820060973342827,0.130000000000001,0,0,0.460204444553322,0.21370668969332,0.280048974968047,19.3498400235435,1.3001216037066,65379,0.12102954871878,3,0.6,0.0733291431327788,0.0840054869819336,0
greedy_projection,greedy_projection,9,9,weak_secondary,0.99,150,0.3,0.83,0.37,30,1,1,1,1,0.0680073525436777,0.0743303437365916,0.109999999999999,0,0,0.460204444553322,0.21370668969332,0.280048974968047,19.3498400235435,1.42276709596987,65379,0.320874775729131,3,0.6,0.0733291431327788,0.0840054869819336,0
greedy_projection,greedy_projection,11,11,easy_noncoherent,0,0,1,1.27,0.67,30,1,1,1,1,0.0206155281280884,0.10735455276792,0.190000000000001,0,0,0.421511755522163,0.219887621266678,0.284817052893153,27.6483935163294,1.32770250582535,65379,0.117034265547047,3,0.466666666666667,0.0803860116235523,0.0840054869819336,0
greedy_projection,greedy_projection,11,11,hard_phase,0.99,150,1,0.83,0.37,30,1,0,1,0,0.136473440639561,0.0820060973342827,0.130000000000001,0,0,0.421511755522163,0.219887621266678,0.284817052893153,27.6483935163294,4.66188658387373,65379,0.326117381646293,3,0.466666666666667,0.0803860116235523,0.0840054869819336,0
greedy_projection,greedy_projection,11,11,low_snr_hard,1,150,0.3,0.83,0.37,20,1,0,1,0,0.120933866224479,0.0743303437365916,0.109999999999999,0,0,0.421511755522163,0.219887621266678,0.284817052893153,27.6483935163294,1.23122148359635,65379,0.326117381646293,3,0.466666666666667,0.0803860116235523,0.0840054869819336,0
greedy_projection,greedy_projection,11,11,strong_coherent,0.99,5,1,1.27,0.37,30,1,1,1,1,0.0206155281280884,0.0820060973342827,0.130000000000001,0,0,0.421511755522163,0.219887621266678,0.284817052893153,27.6483935163294,1.32195113865026,65379,0.12675148451078,3,0.466666666666667,0.0803860116235523,0.0840054869819336,0
greedy_projection,greedy_projection,11,11,weak_secondary,0.99,150,0.3,0.83,0.37,30,1,0.333333333333333,1,0.333333333333333,0.103291694997545,0.0743303437365916,0.109999999999999,0,0,0.421511755522163,0.219887621266678,0.284817052893153,27.6483935163294,1.30041058363966,65379,0.326117381646293,3,0.466666666666667,0.0803860116235523,0.0840054869819336,0
greedy_projection,greedy_projection,15,15,easy_noncoherent,0,0,1,1.27,0.67,30,1,1,1,1,0.0206155281280884,0.10735455276792,0.190000000000001,0,0,0.38938610783644,0.219359802667827,0.317279987330442,49.8880958985186,1.34734525063321,65379,0.122433075709091,3,0.533333333333333,0.0768575773781655,0.0829820531689082,0
greedy_projection,greedy_projection,15,15,hard_phase,0.99,150,1,0.83,0.37,30,1,0,1,0,0.136473440639561,0.0820060973342827,0.130000000000001,0,0,0.38938610783644,0.219359802667827,0.317279987330442,49.8880958985186,4.5388102610851,65379,0.314139351164129,3,0.533333333333333,0.0768575773781655,0.0829820531689082,0
greedy_projection,greedy_projection,15,15,low_snr_hard,1,150,0.3,0.83,0.37,20,1,0,1,0,0.120933866224479,0.0743303437365916,0.109999999999999,0,0,0.38938610783644,0.219359802667827,0.317279987330442,49.8880958985186,1.20901008966253,65379,0.314139351164129,3,0.533333333333333,0.0768575773781655,0.0829820531689082,0
greedy_projection,greedy_projection,15,15,strong_coherent,0.99,5,1,1.27,0.37,30,1,1,1,1,0.0206155281280884,0.0768889282691553,0.116666666666667,0,0,0.38938610783644,0.219359802667827,0.317279987330442,49.8880958985186,1.34726933436934,65379,0.134698296783003,3,0.533333333333333,0.0768575773781655,0.0829820531689082,0
greedy_projection,greedy_projection,15,15,weak_secondary,0.99,150,0.3,0.83,0.37,30,1,0.666666666666667,1,0.666666666666667,0.0856495237706115,0.0743303437365916,0.109999999999999,0,0,0.38938610783644,0.219359802667827,0.317279987330442,49.8880958985186,1.34007728015782,65379,0.314139351164129,3,0.533333333333333,0.0768575773781655,0.0829820531689082,0
greedy_projection,greedy_projection,19,19,easy_noncoherent,0,0,1,1.27,0.67,30,1,1,1,1,0.0206155281280884,0.10735455276792,0.190000000000001,0,0,0.236453267612372,0.220715212558292,0.288139119734185,970.655840206093,1.31758755187066,65379,0.117504519432955,3,0.8,0.0627438403966186,0.0824703362623954,0
greedy_projection,greedy_projection,19,19,hard_phase,0.99,150,1,0.83,0.37,30,1,0,1,0,0.136473440639561,0.0820060973342827,0.130000000000001,0,0,0.236453267612372,0.220715212558292,0.288139119734185,970.655840206093,4.29348726908528,65379,0.290990927833092,3,0.8,0.0627438403966186,0.0824703362623954,0
greedy_projection,greedy_projection,19,19,low_snr_hard,1,150,0.3,0.83,0.37,20,1,1,1,1,0.0680073525436777,0.0743303437365916,0.109999999999999,0,0,0.236453267612372,0.220715212558292,0.288139119734185,970.655840206093,1.32198033489531,65379,0.290990927833092,3,0.8,0.0627438403966186,0.0824703362623954,0
greedy_projection,greedy_projection,19,19,strong_coherent,0.99,5,1,1.27,0.37,30,1,1,1,1,0.0206155281280884,0.0743303437365916,0.109999999999999,0,0,0.236453267612372,0.220715212558292,0.288139119734185,970.655840206093,1.31758755187066,65379,0.137223048518398,3,0.8,0.0627438403966186,0.0824703362623954,0
greedy_projection,greedy_projection,19,19,weak_secondary,0.99,150,0.3,0.83,0.37,30,1,1,1,1,0.0680073525436777,0.0743303437365916,0.109999999999999,0,0,0.236453267612372,0.220715212558292,0.288139119734185,970.655840206093,1.32198033489531,65379,0.290990927833092,3,0.8,0.0627438403966186,0.0824703362623954,0
greedy_projection,greedy_projection,21,21,easy_noncoherent,0,0,1,1.27,0.67,30,1,1,1,1,0.0206155281280884,0.10735455276792,0.190000000000001,0,0,0.218990392455522,0.218623707478129,0.302053481168083,1209.84678898446,1.31542749467519,65379,0.115079403782358,3,0.8,0.0627438403966186,0.0824703362623954,0
greedy_projection,greedy_projection,21,21,hard_phase,0.99,150,1,0.83,0.37,30,1,0,1,0,0.136473440639561,0.0820060973342827,0.130000000000001,0,0,0.218990392455522,0.218623707478129,0.302053481168083,1209.84678898446,4.3156310469368,65379,0.293677624255539,3,0.8,0.0627438403966186,0.0824703362623954,0
greedy_projection,greedy_projection,21,21,low_snr_hard,1,150,0.3,0.83,0.37,20,1,1,1,1,0.0680073525436777,0.0743303437365916,0.109999999999999,0,0,0.218990392455522,0.218623707478129,0.302053481168083,1209.84678898446,1.32897524415111,65379,0.293677624255539,3,0.8,0.0627438403966186,0.0824703362623954,0
greedy_projection,greedy_projection,21,21,strong_coherent,0.99,5,1,1.27,0.37,30,1,1,1,1,0.0206155281280884,0.0743303437365916,0.109999999999999,0,0,0.218990392455522,0.218623707478129,0.302053481168083,1209.84678898446,1.31542749467519,65379,0.136882382335683,3,0.8,0.0627438403966186,0.0824703362623954,0
greedy_projection,greedy_projection,21,21,weak_secondary,0.99,150,0.3,0.83,0.37,30,1,1,1,1,0.0680073525436777,0.0743303437365916,0.109999999999999,0,0,0.218990392455522,0.218623707478129,0.302053481168083,1209.84678898446,1.32897524415111,65379,0.293677624255539,3,0.8,0.0627438403966186,0.0824703362623954,0
greedy_projection,greedy_projection,25,25,easy_noncoherent,0,0,1,1.27,0.67,30,1,1,1,1,0.0206155281280884,0.10735455276792,0.190000000000001,0,0,0.204994372957222,0.219057134190131,0.304811593546393,2010.64284408374,1.32129596493655,65379,0.116210675857124,3,0.8,0.0627438403966186,0.0824703362623954,0
greedy_projection,greedy_projection,25,25,hard_phase,0.99,150,1,0.83,0.37,30,1,0,1,0,0.136473440639561,0.0820060973342827,0.130000000000001,0,0,0.204994372957222,0.219057134190131,0.304811593546393,2010.64284408374,4.29826191003372,65379,0.291543818076115,3,0.8,0.0627438403966186,0.0824703362623954,0
greedy_projection,greedy_projection,25,25,low_snr_hard,1,150,0.3,0.83,0.37,20,1,1,1,1,0.0680073525436777,0.0743303437365916,0.109999999999999,0,0,0.204994372957222,0.219057134190131,0.304811593546393,2010.64284408374,1.32402424456334,65379,0.291543818076115,3,0.8,0.0627438403966186,0.0824703362623954,0
greedy_projection,greedy_projection,25,25,strong_coherent,0.99,5,1,1.27,0.37,30,1,1,1,1,0.0206155281280884,0.0743303437365916,0.109999999999999,0,0,0.204994372957222,0.219057134190131,0.304811593546393,2010.64284408374,1.32129596493655,65379,0.139733974338603,3,0.8,0.0627438403966186,0.0824703362623954,0
greedy_projection,greedy_projection,25,25,weak_secondary,0.99,150,0.3,0.83,0.37,30,1,1,1,1,0.0680073525436777,0.0743303437365916,0.109999999999999,0,0,0.204994372957222,0.219057134190131,0.304811593546393,2010.64284408374,1.32402424456334,65379,0.291543818076115,3,0.8,0.0627438403966186,0.0824703362623954,0
greedy_projection,greedy_projection,31,31,easy_noncoherent,0,0,1,1.27,0.67,30,1,1,1,1,0.0206155281280884,0.10735455276792,0.190000000000001,0,0,0.151520723217833,0.217751619320262,0.317852484700396,10264.2399019896,1.29867735835363,65379,0.108390139045934,3,0.8,0.0627438403966186,0.0824703362623954,0
greedy_projection,greedy_projection,31,31,hard_phase,0.99,150,1,0.83,0.37,30,1,0,1,0,0.136473440639561,0.0820060973342827,0.130000000000001,0,0,0.151520723217833,0.217751619320262,0.317852484700396,10264.2399019896,4.39098680738046,65379,0.301175574346931,3,0.8,0.0627438403966186,0.0824703362623954,0
greedy_projection,greedy_projection,31,31,low_snr_hard,1,150,0.3,0.83,0.37,20,1,1,1,1,0.0680073525436777,0.0743303437365916,0.109999999999999,0,0,0.151520723217833,0.217751619320262,0.317852484700396,10264.2399019896,1.35028062042408,65379,0.301175574346931,3,0.8,0.0627438403966186,0.0824703362623954,0
greedy_projection,greedy_projection,31,31,strong_coherent,0.99,5,1,1.27,0.37,30,1,1,1,1,0.0206155281280884,0.0743303437365916,0.109999999999999,0,0,0.151520723217833,0.217751619320262,0.317852484700396,10264.2399019896,1.29867735835363,65379,0.130143355209173,3,0.8,0.0627438403966186,0.0824703362623954,0
greedy_projection,greedy_projection,31,31,weak_secondary,0.99,150,0.3,0.83,0.37,30,1,1,1,1,0.0680073525436777,0.0743303437365916,0.109999999999999,0,0,0.151520723217833,0.217751619320262,0.317852484700396,10264.2399019896,1.35028062042408,65379,0.301175574346931,3,0.8,0.0627438403966186,0.0824703362623954,0
random_pool_baseline,random_pool_baseline,5,5,easy_noncoherent,0,0,1,1.27,0.67,30,1,1,1,1,0.0750000000000003,0.118004237212061,0.190000000000003,0,0,0.711866683183891,0.225184796520289,0.374097978488954,4.83970967911871,1.37554815255443,65379,0.137686753377166,3,1,0.0658881454086852,0.0944813563535815,1
random_pool_baseline,random_pool_baseline,5,5,hard_phase,0.99,150,1,0.83,0.37,30,1,1,1,1,0.0970824391947378,0.0890224690738245,0.109999999999998,0,0,0.711866683183891,0.225184796520289,0.374097978488954,4.83970967911871,3.58104713989493,65379,0.286559189421034,3,1,0.0658881454086852,0.0944813563535815,1
random_pool_baseline,random_pool_baseline,5,5,low_snr_hard,1,150,0.3,0.83,0.37,20,1,1,1,1,0.0585234995535977,0.0955248658727151,0.130000000000001,0,0,0.711866683183891,0.225184796520289,0.374097978488954,4.83970967911871,2.52919381007362,65379,0.286559189421034,3,1,0.0658881454086852,0.0944813563535815,1
random_pool_baseline,random_pool_baseline,5,5,strong_coherent,0.99,5,1,1.27,0.37,30,1,1,1,1,0.0403112887414925,0.0743303437365916,0.109999999999999,0,0,0.711866683183891,0.225184796520289,0.374097978488954,4.83970967911871,1.41004018601258,65379,0.137204795920649,3,1,0.0658881454086852,0.0944813563535815,1
random_pool_baseline,random_pool_baseline,5,5,weak_secondary,0.99,150,0.3,0.83,0.37,30,1,1,1,1,0.0585234995535977,0.0955248658727151,0.130000000000001,0,0,0.711866683183891,0.225184796520289,0.374097978488954,4.83970967911871,2.52919381007362,65379,0.286559189421034,3,1,0.0658881454086852,0.0944813563535815,1
random_pool_baseline,random_pool_baseline,7,7,easy_noncoherent,0,0,1,1.27,0.67,30,1,1,1,1,0.0206155281280884,0.118004237212061,0.190000000000003,0,0,0.639242471552522,0.470457488172869,0.665753211649833,64.9923434838232,2.08245489546947,65379,0.364958708779455,3,1,0.0380587353101073,0.091542931286135,1
random_pool_baseline,random_pool_baseline,7,7,hard_phase,0.99,150,1,0.83,0.37,30,1,1,1,1,0.0320156211871644,0.0743303437365916,0.109999999999999,0,0,0.639242471552522,0.470457488172869,0.665753211649833,64.9923434838232,1.08226013338809,65379,0.123922926185664,3,1,0.0380587353101073,0.091542931286135,1
random_pool_baseline,random_pool_baseline,7,7,low_snr_hard,1,150,0.3,0.83,0.37,20,1,1,1,1,0.0585234995535977,0.0955248658727151,0.130000000000001,0,0,0.639242471552522,0.470457488172869,0.665753211649833,64.9923434838232,1.90029530046006,65379,0.123922926185664,3,1,0.0380587353101073,0.091542931286135,1
random_pool_baseline,random_pool_baseline,7,7,strong_coherent,0.99,5,1,1.27,0.37,30,1,1,1,1,0.0206155281280884,0.0743303437365916,0.109999999999999,0,0,0.639242471552522,0.470457488172869,0.665753211649833,64.9923434838232,2.0372203209689,65379,0.320146558599228,3,1,0.0380587353101073,0.091542931286135,1
random_pool_baseline,random_pool_baseline,7,7,weak_secondary,0.99,150,0.3,0.83,0.37,30,1,1,1,1,0.0585234995535977,0.0955248658727151,0.130000000000001,0,0,0.639242471552522,0.470457488172869,0.665753211649833,64.9923434838232,1.90029530046006,65379,0.123922926185664,3,1,0.0380587353101073,0.091542931286135,1
random_pool_baseline,random_pool_baseline,9,9,easy_noncoherent,0,0,1,1.27,0.67,30,1,1,1,1,0.0206155281280884,0.10735455276792,0.190000000000001,0,0,0.582039293699216,0.323714919877508,0.518039853044336,284.853660963192,2.03688563874781,65379,0.229539825306626,3,0.4,0.110846460167126,0.0882443914091584,0
random_pool_baseline,random_pool_baseline,9,9,hard_phase,0.99,150,1,0.83,0.37,30,1,0,1,0,0.215928228816891,0.0820060973342827,0.130000000000001,0,0,0.582039293699216,0.323714919877508,0.518039853044336,284.853660963192,8.09066168239825,65379,0.118911558712736,3,0.4,0.110846460167126,0.0882443914091584,0
random_pool_baseline,random_pool_baseline,9,9,low_snr_hard,1,150,0.3,0.83,0.37,20,1,0,1,0,0.15773738843355,0.088460025160674,0.123333333333334,0,0,0.582039293699216,0.323714919877508,0.518039853044336,284.853660963192,1.77758031316947,65379,0.118911558712736,3,0.4,0.110846460167126,0.0882443914091584,0
random_pool_baseline,random_pool_baseline,9,9,strong_coherent,0.99,5,1,1.27,0.37,30,1,1,1,1,0.0206155281280884,0.0820060973342827,0.130000000000001,0,0,0.582039293699216,0.323714919877508,0.518039853044336,284.853660963192,2.14434910242532,65379,0.293925898511718,3,0.4,0.110846460167126,0.0882443914091584,0
random_pool_baseline,random_pool_baseline,9,9,weak_secondary,0.99,150,0.3,0.83,0.37,30,1,0,1,0,0.139335627329015,0.0813951844486328,0.116666666666667,0,0,0.582039293699216,0.323714919877508,0.518039853044336,284.853660963192,1.80710108033009,65379,0.118911558712736,3,0.4,0.110846460167126,0.0882443914091584,0
random_pool_baseline,random_pool_baseline,11,11,easy_noncoherent,0,0,1,1.27,0.67,30,1,1,1,1,0.0206155281280884,0.10735455276792,0.190000000000001,0,0,0.549258671227802,0.279282254544544,0.547682657926179,395.428599314424,1.18073142837796,65379,0.0631317911151357,3,0.8,0.0627438403966186,0.0824703362623954,0
random_pool_baseline,random_pool_baseline,11,11,hard_phase,0.99,150,1,0.83,0.37,30,1,0,1,0,0.136473440639561,0.0820060973342827,0.130000000000001,0,0,0.549258671227802,0.279282254544544,0.547682657926179,395.428599314424,4.41900755621871,65379,0.318238324910987,3,0.8,0.0627438403966186,0.0824703362623954,0
random_pool_baseline,random_pool_baseline,11,11,low_snr_hard,1,150,0.3,0.83,0.37,20,1,1,1,1,0.0680073525436777,0.0743303437365916,0.109999999999999,0,0,0.549258671227802,0.279282254544544,0.547682657926179,395.428599314424,1.4608679351536,65379,0.318238324910987,3,0.8,0.0627438403966186,0.0824703362623954,0
random_pool_baseline,random_pool_baseline,11,11,strong_coherent,0.99,5,1,1.27,0.37,30,1,1,1,1,0.0206155281280884,0.0743303437365916,0.109999999999999,0,0,0.549258671227802,0.279282254544544,0.547682657926179,395.428599314424,1.18073142837796,65379,0.0789312783144186,3,0.8,0.0627438403966186,0.0824703362623954,0
random_pool_baseline,random_pool_baseline,11,11,weak_secondary,0.99,150,0.3,0.83,0.37,30,1,1,1,1,0.0680073525436777,0.0743303437365916,0.109999999999999,0,0,0.549258671227802,0.279282254544544,0.547682657926179,395.428599314424,1.4608679351536,65379,0.318238324910987,3,0.8,0.0627438403966186,0.0824703362623954,0
random_pool_baseline,random_pool_baseline,15,15,easy_noncoherent,0,0,1,1.27,0.67,30,1,1,1,1,0.0206155281280884,0.118004237212061,0.190000000000003,0,0,0.353595751567769,0.347873853085928,0.599499691537827,11057.5513357818,1.38595623679718,65379,0.123382904089831,3,1,0.0568267105951385,0.0830651224316856,1
random_pool_baseline,random_pool_baseline,15,15,hard_phase,0.99,150,1,0.83,0.37,30,1,1,1,1,0.10688779163216,0.0743303437365916,0.109999999999999,0,0,0.353595751567769,0.347873853085928,0.599499691537827,11057.5513357818,1.2404189489873,65379,0.320551627821376,3,1,0.0568267105951385,0.0830651224316856,1
random_pool_baseline,random_pool_baseline,15,15,low_snr_hard,1,150,0.3,0.83,0.37,20,1,1,1,1,0.0680073525436777,0.0743303437365916,0.109999999999999,0,0,0.353595751567769,0.347873853085928,0.599499691537827,11057.5513357818,1.42630982018276,65379,0.320551627821376,3,1,0.0568267105951385,0.0830651224316856,1
random_pool_baseline,random_pool_baseline,15,15,strong_coherent,0.99,5,1,1.27,0.37,30,1,1,1,1,0.0206155281280884,0.0743303437365916,0.109999999999999,0,0,0.353595751567769,0.347873853085928,0.599499691537827,11057.5513357818,1.37146285970954,65379,0.137870160169242,3,1,0.0568267105951385,0.0830651224316856,1
random_pool_baseline,random_pool_baseline,15,15,weak_secondary,0.99,150,0.3,0.83,0.37,30,1,1,1,1,0.0680073525436777,0.0743303437365916,0.109999999999999,0,0,0.353595751567769,0.347873853085928,0.599499691537827,11057.5513357818,1.42630982018276,65379,0.320551627821376,3,1,0.0568267105951385,0.0830651224316856,1
random_pool_baseline,random_pool_baseline,19,19,easy_noncoherent,0,0,1,1.27,0.67,30,1,1,1,1,0.0206155281280884,0.10735455276792,0.190000000000001,0,0,0.26840782959811,0.246250846232375,0.452383703887639,6436.35198155326,1.31094368013734,65379,0.11318690254323,3,0.8,0.0627438403966186,0.0824703362623954,0
random_pool_baseline,random_pool_baseline,19,19,hard_phase,0.99,150,1,0.83,0.37,30,1,0,1,0,0.136473440639561,0.0820060973342827,0.130000000000001,0,0,0.26840782959811,0.246250846232375,0.452383703887639,6436.35198155326,4.482015233235,65379,0.309055534642124,3,0.8,0.0627438403966186,0.0824703362623954,0
random_pool_baseline,random_pool_baseline,19,19,low_snr_hard,1,150,0.3,0.83,0.37,20,1,1,1,1,0.0680073525436777,0.0743303437365916,0.109999999999999,0,0,0.26840782959811,0.246250846232375,0.452383703887639,6436.35198155326,1.37111784196454,65379,0.309055534642124,3,0.8,0.0627438403966186,0.0824703362623954,0
random_pool_baseline,random_pool_baseline,19,19,strong_coherent,0.99,5,1,1.27,0.37,30,1,1,1,1,0.0206155281280884,0.0743303437365916,0.109999999999999,0,0,0.26840782959811,0.246250846232375,0.452383703887639,6436.35198155326,1.31094368013734,65379,0.134070396150797,3,0.8,0.0627438403966186,0.0824703362623954,0
random_pool_baseline,random_pool_baseline,19,19,weak_secondary,0.99,150,0.3,0.83,0.37,30,1,1,1,1,0.0680073525436777,0.0743303437365916,0.109999999999999,0,0,0.26840782959811,0.246250846232375,0.452383703887639,6436.35198155326,1.37111784196454,65379,0.309055534642124,3,0.8,0.0627438403966186,0.0824703362623954,0
random_pool_baseline,random_pool_baseline,21,21,easy_noncoherent,0,0,1,1.27,0.67,30,1,1,1,1,0.0206155281280884,0.10735455276792,0.190000000000001,0,0,0.27165191972966,0.418982575502769,0.556127859633915,349029.671719053,1.35759539191304,65379,0.116517559458131,3,0.8,0.0627438403966186,0.0840054869819336,0
random_pool_baseline,random_pool_baseline,21,21,hard_phase,0.99,150,1,0.83,0.37,30,1,0,1,0,0.136473440639561,0.0820060973342827,0.130000000000001,0,0,0.27165191972966,0.418982575502769,0.556127859633915,349029.671719053,4.17186663901732,65379,0.281814262990995,3,0.8,0.0627438403966186,0.0840054869819336,0
random_pool_baseline,random_pool_baseline,21,21,low_snr_hard,1,150,0.3,0.83,0.37,20,1,1,1,1,0.0680073525436777,0.0743303437365916,0.109999999999999,0,0,0.27165191972966,0.418982575502769,0.556127859633915,349029.671719053,1.33853255929771,65379,0.281814262990995,3,0.8,0.0627438403966186,0.0840054869819336,0
random_pool_baseline,random_pool_baseline,21,21,strong_coherent,0.99,5,1,1.27,0.37,30,1,1,1,1,0.0206155281280884,0.0820060973342827,0.130000000000001,0,0,0.27165191972966,0.418982575502769,0.556127859633915,349029.671719053,1.41794844528819,65379,0.146858700923161,3,0.8,0.0627438403966186,0.0840054869819336,0
random_pool_baseline,random_pool_baseline,21,21,weak_secondary,0.99,150,0.3,0.83,0.37,30,1,1,1,1,0.0680073525436777,0.0743303437365916,0.109999999999999,0,0,0.27165191972966,0.418982575502769,0.556127859633915,349029.671719053,1.33853255929771,65379,0.281814262990995,3,0.8,0.0627438403966186,0.0840054869819336,0
random_pool_baseline,random_pool_baseline,25,25,easy_noncoherent,0,0,1,1.27,0.67,30,1,1,1,1,0.0206155281280884,0.10735455276792,0.190000000000001,0,0,0.221983096922293,0.220345927155781,0.399985037483215,478477.834217931,1.35885299187291,65379,0.136314332003303,3,0.8,0.0627438403966186,0.0824703362623954,0
random_pool_baseline,random_pool_baseline,25,25,hard_phase,0.99,150,1,0.83,0.37,30,1,0,1,0,0.136473440639561,0.0820060973342827,0.130000000000001,0,0,0.221983096922293,0.220345927155781,0.399985037483215,478477.834217931,4.25339506809495,65379,0.282771044522201,3,0.8,0.0627438403966186,0.0824703362623954,0
random_pool_baseline,random_pool_baseline,25,25,low_snr_hard,1,150,0.3,0.83,0.37,20,1,1,1,1,0.0680073525436777,0.0743303437365916,0.109999999999999,0,0,0.221983096922293,0.220345927155781,0.399985037483215,478477.834217931,1.29157473686443,65379,0.282771044522201,3,0.8,0.0627438403966186,0.0824703362623954,0
random_pool_baseline,random_pool_baseline,25,25,strong_coherent,0.99,5,1,1.27,0.37,30,1,1,1,1,0.0206155281280884,0.0743303437365916,0.109999999999999,0,0,0.221983096922293,0.220345927155781,0.399985037483215,478477.834217931,1.35885299187291,65379,0.146634155469233,3,0.8,0.0627438403966186,0.0824703362623954,0
random_pool_baseline,random_pool_baseline,25,25,weak_secondary,0.99,150,0.3,0.83,0.37,30,1,1,1,1,0.0680073525436777,0.0743303437365916,0.109999999999999,0,0,0.221983096922293,0.220345927155781,0.399985037483215,478477.834217931,1.29157473686443,65379,0.282771044522201,3,0.8,0.0627438403966186,0.0824703362623954,0
random_pool_baseline,random_pool_baseline,31,31,easy_noncoherent,0,0,1,1.27,0.67,30,1,1,1,1,0.0206155281280884,0.10735455276792,0.190000000000001,0,0,0.144563085275218,0.244426701673786,0.355722657824241,3856480.35706779,1.29130973188038,65379,0.105014474247291,3,0.8,0.0627438403966186,0.0824703362623954,0
random_pool_baseline,random_pool_baseline,31,31,hard_phase,0.99,150,1,0.83,0.37,30,1,0,1,0,0.136473440639561,0.0820060973342827,0.130000000000001,0,0,0.144563085275218,0.244426701673786,0.355722657824241,3856480.35706779,4.40900565746053,65379,0.303684274233101,3,0.8,0.0627438403966186,0.0824703362623954,0
random_pool_baseline,random_pool_baseline,31,31,low_snr_hard,1,150,0.3,0.83,0.37,20,1,1,1,1,0.0680073525436777,0.0743303437365916,0.109999999999999,0,0,0.144563085275218,0.244426701673786,0.355722657824241,3856480.35706779,1.35900975828098,65379,0.303684274233101,3,0.8,0.0627438403966186,0.0824703362623954,0
random_pool_baseline,random_pool_baseline,31,31,strong_coherent,0.99,5,1,1.27,0.37,30,1,1,1,1,0.0206155281280884,0.0743303437365916,0.109999999999999,0,0,0.144563085275218,0.244426701673786,0.355722657824241,3856480.35706779,1.29130973188038,65379,0.128197582617889,3,0.8,0.0627438403966186,0.0824703362623954,0
random_pool_baseline,random_pool_baseline,31,31,weak_secondary,0.99,150,0.3,0.83,0.37,30,1,1,1,1,0.0680073525436777,0.0743303437365916,0.109999999999999,0,0,0.144563085275218,0.244426701673786,0.355722657824241,3856480.35706779,1.35900975828098,65379,0.303684274233101,3,0.8,0.0627438403966186,0.0824703362623954,0
regular_3dB_grid,regular,5,5,easy_noncoherent,0,0,1,1.27,0.67,30,1,1,1,1,0.0206155281280884,0.10735455276792,0.190000000000001,0,0,0.585366259097258,0.718290473444,0.852554134024027,3096.59954010266,1.26738016150645,65379,0.104333964822554,3,0.4,0.0804853094876353,0.0936518988245313,0
regular_3dB_grid,regular,5,5,hard_phase,0.99,150,1,0.83,0.37,30,1,0,1,0,0.136473440639561,0.0955248658727151,0.130000000000001,0,0,0.585366259097258,0.718290473444,0.852554134024027,3096.59954010266,5.47679629097969,65379,0.394366270854209,3,0.4,0.0804853094876353,0.0936518988245313,0
regular_3dB_grid,regular,5,5,low_snr_hard,1,150,0.3,0.83,0.37,20,1,0,1,0,0.11236102527122,0.0955248658727151,0.130000000000001,0,0,0.585366259097258,0.718290473444,0.852554134024027,3096.59954010266,4.1410391236551,65379,0.394366270854209,3,0.4,0.0804853094876353,0.0936518988245313,0
regular_3dB_grid,regular,5,5,strong_coherent,0.99,5,1,1.27,0.37,30,1,1,1,1,0.0206155281280884,0.0743303437365916,0.109999999999999,0,0,0.585366259097258,0.718290473444,0.852554134024027,3096.59954010266,1.26738016150645,65379,0.0642447309529186,3,0.4,0.0804853094876353,0.0936518988245313,0
regular_3dB_grid,regular,5,5,weak_secondary,0.99,150,0.3,0.83,0.37,30,1,0,1,0,0.11236102527122,0.0955248658727151,0.130000000000001,0,0,0.585366259097258,0.718290473444,0.852554134024027,3096.59954010266,4.1410391236551,65379,0.394366270854209,3,0.4,0.0804853094876353,0.0936518988245313,0
regular_3dB_grid,regular,7,7,easy_noncoherent,0,0,1,1.27,0.67,30,1,1,1,1,0.0206155281280884,0.118004237212061,0.190000000000003,0,0,0.46781993154732,0.635124874608382,0.799958368755897,10978.0174051607,1.22896704909702,65379,0.105861046300154,3,0.666666666666667,0.0744688818220722,0.0830651224316856,0
regular_3dB_grid,regular,7,7,hard_phase,0.99,150,1,0.83,0.37,30,1,1,1,1,0.10688779163216,0.0743303437365916,0.109999999999999,0,0,0.46781993154732,0.635124874608382,0.799958368755897,10978.0174051607,1.21226906608377,65379,0.341941733626545,3,0.666666666666667,0.0744688818220722,0.0830651224316856,0
regular_3dB_grid,regular,7,7,low_snr_hard,1,150,0.3,0.83,0.37,20,1,0,1,0,0.120933866224479,0.0743303437365916,0.109999999999999,0,0,0.46781993154732,0.635124874608382,0.799958368755897,10978.0174051607,1.20733418074112,65379,0.341941733626545,3,0.666666666666667,0.0744688818220722,0.0830651224316856,0
regular_3dB_grid,regular,7,7,strong_coherent,0.99,5,1,1.27,0.37,30,1,1,1,1,0.0206155281280884,0.0743303437365916,0.109999999999999,0,0,0.46781993154732,0.635124874608382,0.799958368755897,10978.0174051607,1.27105873549287,65379,0.102462826431781,3,0.666666666666667,0.0744688818220722,0.0830651224316856,0
regular_3dB_grid,regular,7,7,weak_secondary,0.99,150,0.3,0.83,0.37,30,1,0.333333333333333,1,0.333333333333333,0.103291694997545,0.0743303437365916,0.109999999999999,0,0,0.46781993154732,0.635124874608382,0.799958368755897,10978.0174051607,1.27965229379499,65379,0.341941733626545,3,0.666666666666667,0.0744688818220722,0.0830651224316856,0
regular_3dB_grid,regular,9,9,easy_noncoherent,0,0,1,1.27,0.67,30,1,1,1,1,0.0206155281280884,0.10735455276792,0.190000000000001,0,0,0.416905908172554,0.570339878094106,0.755709305565681,256705.411875064,1.30956839824252,65379,0.111413564704264,3,0.466666666666667,0.0803860116235523,0.0824703362623954,0
regular_3dB_grid,regular,9,9,hard_phase,0.99,150,1,0.83,0.37,30,1,0,1,0,0.136473440639561,0.0820060973342827,0.130000000000001,0,0,0.416905908172554,0.570339878094106,0.755709305565681,256705.411875064,4.44270798466893,65379,0.305431267627903,3,0.466666666666667,0.0803860116235523,0.0824703362623954,0
regular_3dB_grid,regular,9,9,low_snr_hard,1,150,0.3,0.83,0.37,20,1,0,1,0,0.120933866224479,0.0743303437365916,0.109999999999999,0,0,0.416905908172554,0.570339878094106,0.755709305565681,256705.411875064,1.17565655122391,65379,0.305431267627903,3,0.466666666666667,0.0803860116235523,0.0824703362623954,0
regular_3dB_grid,regular,9,9,strong_coherent,0.99,5,1,1.27,0.37,30,1,1,1,1,0.0206155281280884,0.0743303437365916,0.109999999999999,0,0,0.416905908172554,0.570339878094106,0.755709305565681,256705.411875064,1.30956839824252,65379,0.12958638206015,3,0.466666666666667,0.0803860116235523,0.0824703362623954,0
regular_3dB_grid,regular,9,9,weak_secondary,0.99,150,0.3,0.83,0.37,30,1,0.333333333333333,1,0.333333333333333,0.103291694997545,0.0743303437365916,0.109999999999999,0,0,0.416905908172554,0.570339878094106,0.755709305565681,256705.411875064,1.23970880400148,65379,0.305431267627903,3,0.466666666666667,0.0803860116235523,0.0824703362623954,0
regular_3dB_grid,regular,11,11,easy_noncoherent,0,0,1,1.27,0.67,30,1,1,1,1,0.0206155281280884,0.10735455276792,0.190000000000001,0,0,0.332606415746468,0.411983813576271,0.636298503166339,309811.948988333,1.31491034947892,65379,0.113660986489417,3,0.8,0.0627438403966186,0.0824703362623954,0
regular_3dB_grid,regular,11,11,hard_phase,0.99,150,1,0.83,0.37,30,1,0,1,0,0.136473440639561,0.0820060973342827,0.130000000000001,0,0,0.332606415746468,0.411983813576271,0.636298503166339,309811.948988333,4.44037060870362,65379,0.305414437995644,3,0.8,0.0627438403966186,0.0824703362623954,0
regular_3dB_grid,regular,11,11,low_snr_hard,1,150,0.3,0.83,0.37,20,1,1,1,1,0.0680073525436777,0.0743303437365916,0.109999999999999,0,0,0.332606415746468,0.411983813576271,0.636298503166339,309811.948988333,1.36732449432217,65379,0.305414437995644,3,0.8,0.0627438403966186,0.0824703362623954,0
regular_3dB_grid,regular,11,11,strong_coherent,0.99,5,1,1.27,0.37,30,1,1,1,1,0.0206155281280884,0.0743303437365916,0.109999999999999,0,0,0.332606415746468,0.411983813576271,0.636298503166339,309811.948988333,1.31491034947892,65379,0.13175909794057,3,0.8,0.0627438403966186,0.0824703362623954,0
regular_3dB_grid,regular,11,11,weak_secondary,0.99,150,0.3,0.83,0.37,30,1,1,1,1,0.0680073525436777,0.0743303437365916,0.109999999999999,0,0,0.332606415746468,0.411983813576271,0.636298503166339,309811.948988333,1.36732449432217,65379,0.305414437995644,3,0.8,0.0627438403966186,0.0824703362623954,0
regular_3dB_grid,regular,15,15,easy_noncoherent,0,0,1,1.27,0.67,30,1,1,1,1,0.0206155281280884,0.10735455276792,0.190000000000001,0,0,0.279777845899341,0.24810069676716,0.482186089287841,47736627.5365346,1.32116457843195,65379,0.115813734203702,3,0.8,0.0627438403966186,0.0824703362623954,0
regular_3dB_grid,regular,15,15,hard_phase,0.99,150,1,0.83,0.37,30,1,0,1,0,0.136473440639561,0.0820060973342827,0.130000000000001,0,0,0.279777845899341,0.24810069676716,0.482186089287841,47736627.5365346,4.4229537387188,65379,0.303604272237717,3,0.8,0.0627438403966186,0.0824703362623954,0
regular_3dB_grid,regular,15,15,low_snr_hard,1,150,0.3,0.83,0.37,20,1,1,1,1,0.0680073525436777,0.0743303437365916,0.109999999999999,0,0,0.279777845899341,0.24810069676716,0.482186089287841,47736627.5365346,1.3624393890003,65379,0.303604272237717,3,0.8,0.0627438403966186,0.0824703362623954,0
regular_3dB_grid,regular,15,15,strong_coherent,0.99,5,1,1.27,0.37,30,1,1,1,1,0.0206155281280884,0.0743303437365916,0.109999999999999,0,0,0.279777845899341,0.24810069676716,0.482186089287841,47736627.5365346,1.32116457843195,65379,0.134178788963633,3,0.8,0.0627438403966186,0.0824703362623954,0
regular_3dB_grid,regular,15,15,weak_secondary,0.99,150,0.3,0.83,0.37,30,1,1,1,1,0.0680073525436777,0.0743303437365916,0.109999999999999,0,0,0.279777845899341,0.24810069676716,0.482186089287841,47736627.5365346,1.3624393890003,65379,0.303604272237717,3,0.8,0.0627438403966186,0.0824703362623954,0
regular_3dB_grid,regular,19,19,easy_noncoherent,0,0,1,1.27,0.67,30,1,1,1,1,0.0206155281280884,0.10735455276792,0.190000000000001,0,0,0.165081618021651,0.301350275979385,0.540680667923086,74413190.9310754,1.30137347520499,65379,0.110473366556356,3,0.8,0.0627438403966186,0.0824703362623954,0
regular_3dB_grid,regular,19,19,hard_phase,0.99,150,1,0.83,0.37,30,1,0,1,0,0.136473440639561,0.0820060973342827,0.130000000000001,0,0,0.165081618021651,0.301350275979385,0.540680667923086,74413190.9310754,4.39630502283857,65379,0.302064938798585,3,0.8,0.0627438403966186,0.0824703362623954,0
regular_3dB_grid,regular,19,19,low_snr_hard,1,150,0.3,0.83,0.37,20,1,1,1,1,0.0680073525436777,0.0743303437365916,0.109999999999999,0,0,0.165081618021651,0.301350275979385,0.540680667923086,74413190.9310754,1.34941364914497,65379,0.302064938798585,3,0.8,0.0627438403966186,0.0824703362623954,0
regular_3dB_grid,regular,19,19,strong_coherent,0.99,5,1,1.27,0.37,30,1,1,1,1,0.0206155281280884,0.0743303437365916,0.109999999999999,0,0,0.165081618021651,0.301350275979385,0.540680667923086,74413190.9310754,1.30137347520499,65379,0.129804178751398,3,0.8,0.0627438403966186,0.0824703362623954,0
regular_3dB_grid,regular,19,19,weak_secondary,0.99,150,0.3,0.83,0.37,30,1,1,1,1,0.0680073525436777,0.0743303437365916,0.109999999999999,0,0,0.165081618021651,0.301350275979385,0.540680667923086,74413190.9310754,1.34941364914497,65379,0.302064938798585,3,0.8,0.0627438403966186,0.0824703362623954,0
regular_3dB_grid,regular,21,21,easy_noncoherent,0,0,1,1.27,0.67,30,1,1,1,1,0.0206155281280884,0.10735455276792,0.190000000000001,0,0,0.146184643067259,0.310041042384988,0.548412986235669,236992879.957515,1.29366670857753,65379,0.10587786734595,3,0.8,0.0627438403966186,0.0824703362623954,0
regular_3dB_grid,regular,21,21,hard_phase,0.99,150,1,0.83,0.37,30,1,0,1,0,0.136473440639561,0.0820060973342827,0.130000000000001,0,0,0.146184643067259,0.310041042384988,0.548412986235669,236992879.957515,4.39568676947621,65379,0.302230845161733,3,0.8,0.0627438403966186,0.0824703362623954,0
regular_3dB_grid,regular,21,21,low_snr_hard,1,150,0.3,0.83,0.37,20,1,1,1,1,0.0680073525436777,0.0743303437365916,0.109999999999999,0,0,0.146184643067259,0.310041042384988,0.548412986235669,236992879.957515,1.35439091533692,65379,0.302230845161733,3,0.8,0.0627438403966186,0.0824703362623954,0
regular_3dB_grid,regular,21,21,strong_coherent,0.99,5,1,1.27,0.37,30,1,1,1,1,0.0206155281280884,0.0743303437365916,0.109999999999999,0,0,0.146184643067259,0.310041042384988,0.548412986235669,236992879.957515,1.29366670857753,65379,0.12877494966352,3,0.8,0.0627438403966186,0.0824703362623954,0
regular_3dB_grid,regular,21,21,weak_secondary,0.99,150,0.3,0.83,0.37,30,1,1,1,1,0.0680073525436777,0.0743303437365916,0.109999999999999,0,0,0.146184643067259,0.310041042384988,0.548412986235669,236992879.957515,1.35439091533692,65379,0.302230845161733,3,0.8,0.0627438403966186,0.0824703362623954,0
regular_3dB_grid,regular,25,25,easy_noncoherent,0,0,1,1.27,0.67,30,1,1,1,1,0.0206155281280884,0.10735455276792,0.190000000000001,0,0,0.121341194434393,0.245612931194619,0.478189926094568,23364816165.5552,1.2942494192236,65379,0.105983561756329,3,0.8,0.0627438403966186,0.0824703362623954,0
regular_3dB_grid,regular,25,25,hard_phase,0.99,150,1,0.83,0.37,30,1,0,1,0,0.136473440639561,0.0820060973342827,0.130000000000001,0,0,0.121341194434393,0.245612931194619,0.478189926094568,23364816165.5552,4.39331881326241,65379,0.301978238312304,3,0.8,0.0627438403966186,0.0824703362623954,0
regular_3dB_grid,regular,25,25,low_snr_hard,1,150,0.3,0.83,0.37,20,1,1,1,1,0.0680073525436777,0.0743303437365916,0.109999999999999,0,0,0.121341194434393,0.245612931194619,0.478189926094568,23364816165.5552,1.35396508586483,65379,0.301978238312304,3,0.8,0.0627438403966186,0.0824703362623954,0
regular_3dB_grid,regular,25,25,strong_coherent,0.99,5,1,1.27,0.37,30,1,1,1,1,0.0206155281280884,0.0743303437365916,0.109999999999999,0,0,0.121341194434393,0.245612931194619,0.478189926094568,23364816165.5552,1.2942494192236,65379,0.129102889103898,3,0.8,0.0627438403966186,0.0824703362623954,0
regular_3dB_grid,regular,25,25,weak_secondary,0.99,150,0.3,0.83,0.37,30,1,1,1,1,0.0680073525436777,0.0743303437365916,0.109999999999999,0,0,0.121341194434393,0.245612931194619,0.478189926094568,23364816165.5552,1.35396508586483,65379,0.301978238312304,3,0.8,0.0627438403966186,0.0824703362623954,0
regular_3dB_grid,regular,31,31,easy_noncoherent,0,0,1,1.27,0.67,30,1,1,1,1,0.0206155281280884,0.10735455276792,0.190000000000001,0,0,0.107129268308532,0.241371395440348,0.448849094042112,26073419198.594,1.29301985702815,65379,0.105554903856041,3,0.8,0.0627438403966186,0.0824703362623954,0
regular_3dB_grid,regular,31,31,hard_phase,0.99,150,1,0.83,0.37,30,1,0,1,0,0.136473440639561,0.0820060973342827,0.130000000000001,0,0,0.107129268308532,0.241371395440348,0.448849094042112,26073419198.594,4.40179648656081,65379,0.302540864171174,3,0.8,0.0627438403966186,0.0824703362623954,0
regular_3dB_grid,regular,31,31,low_snr_hard,1,150,0.3,0.83,0.37,20,1,1,1,1,0.0680073525436777,0.0743303437365916,0.109999999999999,0,0,0.107129268308532,0.241371395440348,0.448849094042112,26073419198.594,1.35581998131854,65379,0.302540864171174,3,0.8,0.0627438403966186,0.0824703362623954,0
regular_3dB_grid,regular,31,31,strong_coherent,0.99,5,1,1.27,0.37,30,1,1,1,1,0.0206155281280884,0.0743303437365916,0.109999999999999,0,0,0.107129268308532,0.241371395440348,0.448849094042112,26073419198.594,1.29301985702815,65379,0.128786631392064,3,0.8,0.0627438403966186,0.0824703362623954,0
regular_3dB_grid,regular,31,31,weak_secondary,0.99,150,0.3,0.83,0.37,30,1,1,1,1,0.0680073525436777,0.0743303437365916,0.109999999999999,0,0,0.107129268308532,0.241371395440348,0.448849094042112,26073419198.594,1.35581998131854,65379,0.302540864171174,3,0.8,0.0627438403966186,0.0824703362623954,0
svd_upper_bound,svd_upper_bound,5,5,easy_noncoherent,0,0,1,1.27,0.67,30,1,1,1,1,0.0206155281280884,0.118004237212061,0.190000000000003,0,0,0.386117719826538,0.215387936022498,0.375433877282508,1,1.23900158357374,65379,0.0888579119371948,3,0.4,0.083914445868939,0.0846002731512238,0
svd_upper_bound,svd_upper_bound,5,5,hard_phase,0.99,150,1,0.83,0.37,30,1,0,1,0,0.136473440639561,0.0820060973342827,0.130000000000001,0,0,0.386117719826538,0.215387936022498,0.375433877282508,1,4.98953554550722,65379,0.348989083968028,3,0.4,0.083914445868939,0.0846002731512238,0
svd_upper_bound,svd_upper_bound,5,5,low_snr_hard,1,150,0.3,0.83,0.37,20,1,0,1,0,0.120933866224479,0.0743303437365916,0.109999999999999,0,0,0.386117719826538,0.215387936022498,0.375433877282508,1,1.25238552719632,65379,0.348989083968028,3,0.4,0.083914445868939,0.0846002731512238,0
svd_upper_bound,svd_upper_bound,5,5,strong_coherent,0.99,5,1,1.27,0.37,30,1,1,1,1,0.0206155281280884,0.0743303437365916,0.109999999999999,0,0,0.386117719826538,0.215387936022498,0.375433877282508,1,1.24564710049963,65379,0.105174763825224,3,0.4,0.083914445868939,0.0846002731512238,0
svd_upper_bound,svd_upper_bound,5,5,weak_secondary,0.99,150,0.3,0.83,0.37,30,1,0,1,0,0.120933866224479,0.0743303437365916,0.109999999999999,0,0,0.386117719826538,0.215387936022498,0.375433877282508,1,1.25238552719632,65379,0.348989083968028,3,0.4,0.083914445868939,0.0846002731512238,0
svd_upper_bound,svd_upper_bound,7,7,easy_noncoherent,0,0,1,1.27,0.67,30,1,1,1,1,0.0206155281280884,0.118004237212061,0.190000000000003,0,0,0.222579850057025,0.208430519129603,0.331918419883933,1,1.31115561395202,65379,0.114845438183499,3,0.8,0.0627438403966186,0.0846002731512238,0
svd_upper_bound,svd_upper_bound,7,7,hard_phase,0.99,150,1,0.83,0.37,30,1,0,1,0,0.136473440639561,0.0820060973342827,0.130000000000001,0,0,0.222579850057025,0.208430519129603,0.331918419883933,1,4.50478956772172,65379,0.307278014361726,3,0.8,0.0627438403966186,0.0846002731512238,0
svd_upper_bound,svd_upper_bound,7,7,low_snr_hard,1,150,0.3,0.83,0.37,20,1,1,1,1,0.0680073525436777,0.0743303437365916,0.109999999999999,0,0,0.222579850057025,0.208430519129603,0.331918419883933,1,1.36878789782616,65379,0.307278014361726,3,0.8,0.0627438403966186,0.0846002731512238,0
svd_upper_bound,svd_upper_bound,7,7,strong_coherent,0.99,5,1,1.27,0.37,30,1,1,1,1,0.0206155281280884,0.0743303437365916,0.109999999999999,0,0,0.222579850057025,0.208430519129603,0.331918419883933,1,1.30666783780248,65379,0.132033565022341,3,0.8,0.0627438403966186,0.0846002731512238,0
svd_upper_bound,svd_upper_bound,7,7,weak_secondary,0.99,150,0.3,0.83,0.37,30,1,1,1,1,0.0680073525436777,0.0743303437365916,0.109999999999999,0,0,0.222579850057025,0.208430519129603,0.331918419883933,1,1.36878789782616,65379,0.307278014361726,3,0.8,0.0627438403966186,0.0846002731512238,0
svd_upper_bound,svd_upper_bound,9,9,easy_noncoherent,0,0,1,1.27,0.67,30,1,1,1,1,0.0206155281280884,0.10735455276792,0.190000000000001,0,0,0.155262400405404,0.205644062962968,0.321197699026708,1,1.3006621189402,65379,0.105353234691033,3,0.8,0.0627438403966186,0.0824703362623954,0
svd_upper_bound,svd_upper_bound,9,9,hard_phase,0.99,150,1,0.83,0.37,30,1,0,1,0,0.136473440639561,0.0820060973342827,0.130000000000001,0,0,0.155262400405404,0.205644062962968,0.321197699026708,1,4.38764053066032,65379,0.299554239924804,3,0.8,0.0627438403966186,0.0824703362623954,0
svd_upper_bound,svd_upper_bound,9,9,low_snr_hard,1,150,0.3,0.83,0.37,20,1,1,1,1,0.0680073525436777,0.0743303437365916,0.109999999999999,0,0,0.155262400405404,0.205644062962968,0.321197699026708,1,1.35714587041459,65379,0.299554239924804,3,0.8,0.0627438403966186,0.0824703362623954,0
svd_upper_bound,svd_upper_bound,9,9,strong_coherent,0.99,5,1,1.27,0.37,30,1,1,1,1,0.0206155281280884,0.0743303437365916,0.109999999999999,0,0,0.155262400405404,0.205644062962968,0.321197699026708,1,1.3006621189402,65379,0.135381115337087,3,0.8,0.0627438403966186,0.0824703362623954,0
svd_upper_bound,svd_upper_bound,9,9,weak_secondary,0.99,150,0.3,0.83,0.37,30,1,1,1,1,0.0680073525436777,0.0743303437365916,0.109999999999999,0,0,0.155262400405404,0.205644062962968,0.321197699026708,1,1.35714587041459,65379,0.299554239924804,3,0.8,0.0627438403966186,0.0824703362623954,0
svd_upper_bound,svd_upper_bound,11,11,easy_noncoherent,0,0,1,1.27,0.67,30,1,1,1,1,0.0206155281280884,0.10735455276792,0.190000000000001,0,0,0.079294949121875,0.203320699684998,0.325611894186397,1,1.30649896619636,65379,0.110313636338429,3,0.8,0.0627438403966186,0.0824703362623954,0
svd_upper_bound,svd_upper_bound,11,11,hard_phase,0.99,150,1,0.83,0.37,30,1,0,1,0,0.136473440639561,0.0820060973342827,0.130000000000001,0,0,0.079294949121875,0.203320699684998,0.325611894186397,1,4.3593049647401,65379,0.298614364057557,3,0.8,0.0627438403966186,0.0824703362623954,0
svd_upper_bound,svd_upper_bound,11,11,low_snr_hard,1,150,0.3,0.83,0.37,20,1,1,1,1,0.0680073525436777,0.0743303437365916,0.109999999999999,0,0,0.079294949121875,0.203320699684998,0.325611894186397,1,1.34215494925335,65379,0.298614364057557,3,0.8,0.0627438403966186,0.0824703362623954,0
svd_upper_bound,svd_upper_bound,11,11,strong_coherent,0.99,5,1,1.27,0.37,30,1,1,1,1,0.0206155281280884,0.0743303437365916,0.109999999999999,0,0,0.079294949121875,0.203320699684998,0.325611894186397,1,1.30649896619636,65379,0.133409976933635,3,0.8,0.0627438403966186,0.0824703362623954,0
svd_upper_bound,svd_upper_bound,11,11,weak_secondary,0.99,150,0.3,0.83,0.37,30,1,1,1,1,0.0680073525436777,0.0743303437365916,0.109999999999999,0,0,0.079294949121875,0.203320699684998,0.325611894186397,1,1.34215494925335,65379,0.298614364057557,3,0.8,0.0627438403966186,0.0824703362623954,0
svd_upper_bound,svd_upper_bound,15,15,easy_noncoherent,0,0,1,1.27,0.67,30,1,1,1,1,0.0206155281280884,0.10735455276792,0.190000000000001,0,0,0.0302125469740836,0.202471229683183,0.324658967235481,1,1.30162839428928,65379,0.108281018612828,3,0.8,0.0627438403966186,0.0824703362623954,0
svd_upper_bound,svd_upper_bound,15,15,hard_phase,0.99,150,1,0.83,0.37,30,1,0,1,0,0.136473440639561,0.0820060973342827,0.130000000000001,0,0,0.0302125469740836,0.202471229683183,0.324658967235481,1,4.35850617276098,65379,0.298216624528119,3,0.8,0.0627438403966186,0.0824703362623954,0
svd_upper_bound,svd_upper_bound,15,15,low_snr_hard,1,150,0.3,0.83,0.37,20,1,1,1,1,0.0680073525436777,0.0743303437365916,0.109999999999999,0,0,0.0302125469740836,0.202471229683183,0.324658967235481,1,1.34261430157979,65379,0.298216624528119,3,0.8,0.0627438403966186,0.0824703362623954,0
svd_upper_bound,svd_upper_bound,15,15,strong_coherent,0.99,5,1,1.27,0.37,30,1,1,1,1,0.0206155281280884,0.0743303437365916,0.109999999999999,0,0,0.0302125469740836,0.202471229683183,0.324658967235481,1,1.30162839428928,65379,0.13207049422465,3,0.8,0.0627438403966186,0.0824703362623954,0
svd_upper_bound,svd_upper_bound,15,15,weak_secondary,0.99,150,0.3,0.83,0.37,30,1,1,1,1,0.0680073525436777,0.0743303437365916,0.109999999999999,0,0,0.0302125469740836,0.202471229683183,0.324658967235481,1,1.34261430157979,65379,0.298216624528119,3,0.8,0.0627438403966186,0.0824703362623954,0
svd_upper_bound,svd_upper_bound,19,19,easy_noncoherent,0,0,1,1.27,0.67,30,1,1,1,1,0.0206155281280884,0.10735455276792,0.190000000000001,0,0,0.0109186390913164,0.202385659824794,0.324973793812615,1,1.30116220677439,65379,0.108324093596596,3,0.8,0.0627438403966186,0.0824703362623954,0
svd_upper_bound,svd_upper_bound,19,19,hard_phase,0.99,150,1,0.83,0.37,30,1,0,1,0,0.136473440639561,0.0820060973342827,0.130000000000001,0,0,0.0109186390913164,0.202385659824794,0.324973793812615,1,4.36032640780018,65379,0.29830416687094,3,0.8,0.0627438403966186,0.0824703362623954,0
svd_upper_bound,svd_upper_bound,19,19,low_snr_hard,1,150,0.3,0.83,0.37,20,1,1,1,1,0.0680073525436777,0.0743303437365916,0.109999999999999,0,0,0.0109186390913164,0.202385659824794,0.324973793812615,1,1.34286194278514,65379,0.29830416687094,3,0.8,0.0627438403966186,0.0824703362623954,0
svd_upper_bound,svd_upper_bound,19,19,strong_coherent,0.99,5,1,1.27,0.37,30,1,1,1,1,0.0206155281280884,0.0743303437365916,0.109999999999999,0,0,0.0109186390913164,0.202385659824794,0.324973793812615,1,1.30116220677439,65379,0.131792573195939,3,0.8,0.0627438403966186,0.0824703362623954,0
svd_upper_bound,svd_upper_bound,19,19,weak_secondary,0.99,150,0.3,0.83,0.37,30,1,1,1,1,0.0680073525436777,0.0743303437365916,0.109999999999999,0,0,0.0109186390913164,0.202385659824794,0.324973793812615,1,1.34286194278514,65379,0.29830416687094,3,0.8,0.0627438403966186,0.0824703362623954,0
svd_upper_bound,svd_upper_bound,21,21,easy_noncoherent,0,0,1,1.27,0.67,30,1,1,1,1,0.0206155281280884,0.10735455276792,0.190000000000001,0,0,0.00528139684089562,0.202372069212461,0.324883225634586,1,1.30121526157566,65379,0.10832224229657,3,0.8,0.0627438403966186,0.0824703362623954,0
svd_upper_bound,svd_upper_bound,21,21,hard_phase,0.99,150,1,0.83,0.37,30,1,0,1,0,0.136473440639561,0.0820060973342827,0.130000000000001,0,0,0.00528139684089562,0.202372069212461,0.324883225634586,1,4.35924410957875,65379,0.298246548148886,3,0.8,0.0627438403966186,0.0824703362623954,0
svd_upper_bound,svd_upper_bound,21,21,low_snr_hard,1,150,0.3,0.83,0.37,20,1,1,1,1,0.0680073525436777,0.0743303437365916,0.109999999999999,0,0,0.00528139684089562,0.202372069212461,0.324883225634586,1,1.34274816897605,65379,0.298246548148886,3,0.8,0.0627438403966186,0.0824703362623954,0
svd_upper_bound,svd_upper_bound,21,21,strong_coherent,0.99,5,1,1.27,0.37,30,1,1,1,1,0.0206155281280884,0.0743303437365916,0.109999999999999,0,0,0.00528139684089562,0.202372069212461,0.324883225634586,1,1.30121526157566,65379,0.131818220820247,3,0.8,0.0627438403966186,0.0824703362623954,0
svd_upper_bound,svd_upper_bound,21,21,weak_secondary,0.99,150,0.3,0.83,0.37,30,1,1,1,1,0.0680073525436777,0.0743303437365916,0.109999999999999,0,0,0.00528139684089562,0.202372069212461,0.324883225634586,1,1.34274816897605,65379,0.298246548148886,3,0.8,0.0627438403966186,0.0824703362623954,0
svd_upper_bound,svd_upper_bound,25,25,easy_noncoherent,0,0,1,1.27,0.67,30,1,1,1,1,0.0206155281280884,0.10735455276792,0.190000000000001,0,0,0.00276935816630376,0.202365578936277,0.324880982392894,1,1.30120114626272,65379,0.108316666486771,3,0.8,0.0627438403966186,0.0824703362623954,0
svd_upper_bound,svd_upper_bound,25,25,hard_phase,0.99,150,1,0.83,0.37,30,1,0,1,0,0.136473440639561,0.0820060973342827,0.130000000000001,0,0,0.00276935816630376,0.202365578936277,0.324880982392894,1,4.35911563001501,65379,0.298236990867649,3,0.8,0.0627438403966186,0.0824703362623954,0
svd_upper_bound,svd_upper_bound,25,25,low_snr_hard,1,150,0.3,0.83,0.37,20,1,1,1,1,0.0680073525436777,0.0743303437365916,0.109999999999999,0,0,0.00276935816630376,0.202365578936277,0.324880982392894,1,1.34273232581922,65379,0.298236990867649,3,0.8,0.0627438403966186,0.0824703362623954,0
svd_upper_bound,svd_upper_bound,25,25,strong_coherent,0.99,5,1,1.27,0.37,30,1,1,1,1,0.0206155281280884,0.0743303437365916,0.109999999999999,0,0,0.00276935816630376,0.202365578936277,0.324880982392894,1,1.30120114626272,65379,0.131814440282348,3,0.8,0.0627438403966186,0.0824703362623954,0
svd_upper_bound,svd_upper_bound,25,25,weak_secondary,0.99,150,0.3,0.83,0.37,30,1,1,1,1,0.0680073525436777,0.0743303437365916,0.109999999999999,0,0,0.00276935816630376,0.202365578936277,0.324880982392894,1,1.34273232581922,65379,0.298236990867649,3,0.8,0.0627438403966186,0.0824703362623954,0
svd_upper_bound,svd_upper_bound,31,31,easy_noncoherent,0,0,1,1.27,0.67,30,1,1,1,1,0.0206155281280884,0.10735455276792,0.190000000000001,0,0,0.000532697831825131,0.202363037917904,0.324881085714321,1,1.30118590438889,65379,0.108311716101386,3,0.8,0.0627438403966186,0.0824703362623954,0
svd_upper_bound,svd_upper_bound,31,31,hard_phase,0.99,150,1,0.83,0.37,30,1,0,1,0,0.136473440639561,0.0820060973342827,0.130000000000001,0,0,0.000532697831825131,0.202363037917904,0.324881085714321,1,4.35911319624213,65379,0.298237477221288,3,0.8,0.0627438403966186,0.0824703362623954,0
svd_upper_bound,svd_upper_bound,31,31,low_snr_hard,1,150,0.3,0.83,0.37,20,1,1,1,1,0.0680073525436777,0.0743303437365916,0.109999999999999,0,0,0.000532697831825131,0.202363037917904,0.324881085714321,1,1.34273714122718,65379,0.298237477221288,3,0.8,0.0627438403966186,0.0824703362623954,0
svd_upper_bound,svd_upper_bound,31,31,strong_coherent,0.99,5,1,1.27,0.37,30,1,1,1,1,0.0206155281280884,0.0743303437365916,0.109999999999999,0,0,0.000532697831825131,0.202363037917904,0.324881085714321,1,1.30118590438889,65379,0.131808508073804,3,0.8,0.0627438403966186,0.0824703362623954,0
svd_upper_bound,svd_upper_bound,31,31,weak_secondary,0.99,150,0.3,0.83,0.37,30,1,1,1,1,0.0680073525436777,0.0743303437365916,0.109999999999999,0,0,0.000532697831825131,0.202363037917904,0.324881085714321,1,1.34273714122718,65379,0.298237477221288,3,0.8,0.0627438403966186,0.0824703362623954,0
