scenario_name,center_az,trial_id,repeat_id,direct_runtime_total_sec,cached_runtime_total_sec,runtime_reduction_ratio,direct_num_pairs,cached_num_pairs,same_estimate_flag,same_policy_flag,cache_miss_count
easy_noncoherent,0,1,1,0.0923318,0.0330728,0.641804881958329,9729,9729,1,1,0
easy_noncoherent,0,2,1,0.0882665,0.0348994,0.604613301762277,9729,9729,1,1,0
easy_noncoherent,0,3,1,0.0924771,0.0342225,0.629935411036895,9729,9729,1,1,0
easy_noncoherent,0,4,1,0.0929838,0.0325338,0.650113245533093,9729,9729,1,1,0
easy_noncoherent,0,5,1,0.0888034,0.0343826,0.612823382888493,9729,9729,1,1,0
easy_noncoherent,0,6,1,0.0869704,0.0343002,0.605610644541131,9729,9729,1,1,0
easy_noncoherent,0,7,1,0.0956691,0.0347677,0.63658380814704,9729,9729,1,1,0
easy_noncoherent,0,8,1,0.0882768,0.0372725,0.577776947057438,9729,9729,1,1,0
easy_noncoherent,0,9,1,0.1405527,0.0720738,0.48721155836921,18612,18612,1,1,0
easy_noncoherent,0,10,1,0.0957293,0.0364471,0.619269126589247,9729,9729,1,1,0
strong_coherent,0,1,1,0.0883446,0.0344311,0.610263672029756,9729,9729,1,1,0
strong_coherent,0,2,1,0.0870867,0.0355913,0.591311876555203,9729,9729,1,1,0
strong_coherent,0,3,1,0.0906741,0.0341389,0.623498882260756,9729,9729,1,1,0
strong_coherent,0,4,1,0.0942413,0.0333021,0.646629450145531,9729,9729,1,1,0
strong_coherent,0,5,1,0.0923098,0.0313705,0.660160676331224,9729,9729,1,1,0
strong_coherent,0,6,1,0.0904334,0.0321447,0.644548363768254,9729,9729,1,1,0
strong_coherent,0,7,1,0.0900832,0.0340894,0.621578718340379,9729,9729,1,1,0
strong_coherent,0,8,1,0.0887029,0.0311973,0.648294475152447,9729,9729,1,1,0
strong_coherent,0,9,1,0.0890322,0.0330872,0.628368163428512,9729,9729,1,1,0
strong_coherent,0,10,1,0.0874814,0.0343184,0.607706323858557,9729,9729,1,1,0
hard_phase,0,1,1,0.0926524,0.0358974,0.612558336319404,9729,9729,1,1,0
hard_phase,0,2,1,0.0910746,0.0350864,0.614750984357878,9729,9729,1,1,0
hard_phase,0,3,1,0.0892336,0.0349521,0.60830785713005,9729,9729,1,1,0
hard_phase,0,4,1,0.0913011,0.0327563,0.641227761768478,9729,9729,1,1,0
hard_phase,0,5,1,0.0893904,0.0301273,0.66296940163597,9729,9729,1,1,0
hard_phase,0,6,1,0.0901172,0.034217,0.620305557651591,9729,9729,1,1,0
hard_phase,0,7,1,0.0900279,0.033293,0.630192418128158,9729,9729,1,1,0
hard_phase,0,8,1,0.0892764,0.0341759,0.617189985259262,9729,9729,1,1,0
hard_phase,0,9,1,0.090333,0.0323158,0.6422591965284,9729,9729,1,1,0
hard_phase,0,10,1,0.0876403,0.0330725,0.62263365141379,9729,9729,1,1,0
weak_secondary,0,1,1,0.153159,0.0725596,0.526246580351138,23133,23133,1,1,0
weak_secondary,0,2,1,0.0916586,0.0345753,0.622781713881731,9729,9729,1,1,0
weak_secondary,0,3,1,0.1514873,0.0750563,0.504537344054584,23133,23133,1,1,0
weak_secondary,0,4,1,0.0908602,0.0338006,0.627993334815464,9729,9729,1,1,0
weak_secondary,0,5,1,0.158756,0.0755404,0.524172944644612,23133,23133,1,1,0
weak_secondary,0,6,1,0.0893655,0.0341377,0.617999115989951,9729,9729,1,1,0
weak_secondary,0,7,1,0.1533685,0.0729675,0.524234115871251,23133,23133,1,1,0
weak_secondary,0,8,1,0.0884191,0.0331554,0.625019933475912,9729,9729,1,1,0
weak_secondary,0,9,1,0.1514328,0.0747964,0.506075302048169,23133,23133,1,1,0
weak_secondary,0,10,1,0.0901918,0.0369133,0.590724433928583,9729,9729,1,1,0
low_snr_hard,0,1,1,0.1526524,0.0746945,0.510688990150171,23133,23133,1,1,0
low_snr_hard,0,2,1,0.090314,0.0347903,0.614785083154328,9729,9729,1,1,0
low_snr_hard,0,3,1,0.1526502,0.0765045,0.498824764068439,23133,23133,1,1,0
low_snr_hard,0,4,1,0.0879293,0.0335865,0.61802834777486,9729,9729,1,1,0
low_snr_hard,0,5,1,0.1526421,0.0821473,0.461830648294278,23133,23133,1,1,0
low_snr_hard,0,6,1,0.0906653,0.0335766,0.629664270674668,9729,9729,1,1,0
low_snr_hard,0,7,1,0.1536405,0.0816391,0.46863554856955,23133,23133,1,1,0
low_snr_hard,0,8,1,0.0916831,0.0339851,0.629319907376605,9729,9729,1,1,0
low_snr_hard,0,9,1,0.1542287,0.0746041,0.516276153530439,23133,23133,1,1,0
low_snr_hard,0,10,1,0.089021,0.0345842,0.611505150470114,9729,9729,1,1,0
easy_noncoherent,8,1,1,0.0911546,0.0376889,0.586538693604053,9729,9729,1,1,0
easy_noncoherent,8,2,1,0.0898067,0.0305106,0.660263655161586,9729,9729,1,1,0
easy_noncoherent,8,3,1,0.089762,0.0341928,0.61907265880885,9729,9729,1,1,0
easy_noncoherent,8,4,1,0.0919128,0.0357734,0.610789792063782,9729,9729,1,1,0
easy_noncoherent,8,5,1,0.0903554,0.0341942,0.62155886643189,9729,9729,1,1,0
easy_noncoherent,8,6,1,0.0914199,0.033563,0.632869867501496,9729,9729,1,1,0
easy_noncoherent,8,7,1,0.0870254,0.0323293,0.628507309360256,9729,9729,1,1,0
easy_noncoherent,8,8,1,0.0864468,0.0341125,0.605393143528737,9729,9729,1,1,0
easy_noncoherent,8,9,1,0.1432524,0.0663433,0.536878265215801,18612,18612,1,1,0
easy_noncoherent,8,10,1,0.0879776,0.0346265,0.60641686065544,9729,9729,1,1,0
strong_coherent,8,1,1,0.0885011,0.0334981,0.621495100060903,9729,9729,1,1,0
strong_coherent,8,2,1,0.0894874,0.0353361,0.605127649255649,9729,9729,1,1,0
strong_coherent,8,3,1,0.0913504,0.032921,0.639618436263005,9729,9729,1,1,0
strong_coherent,8,4,1,0.0903103,0.03345,0.629610354522131,9729,9729,1,1,0
strong_coherent,8,5,1,0.0910932,0.0339701,0.627084129221501,9729,9729,1,1,0
strong_coherent,8,6,1,0.0914249,0.0300733,0.671060072256026,9729,9729,1,1,0
strong_coherent,8,7,1,0.091018,0.0313446,0.655621964886066,9729,9729,1,1,0
strong_coherent,8,8,1,0.0899415,0.0324983,0.63867291517264,9729,9729,1,1,0
strong_coherent,8,9,1,0.0910187,0.0338868,0.627694089236607,9729,9729,1,1,0
strong_coherent,8,10,1,0.0860825,0.0333366,0.612736618941132,9729,9729,1,1,0
hard_phase,8,1,1,0.0914731,0.0336122,0.632545524312612,9729,9729,1,1,0
hard_phase,8,2,1,0.0882126,0.0338224,0.616580851261611,9729,9729,1,1,0
hard_phase,8,3,1,0.0866298,0.0340516,0.606929717025781,9729,9729,1,1,0
hard_phase,8,4,1,0.091238,0.0337316,0.630290010741139,9729,9729,1,1,0
hard_phase,8,5,1,0.089181,0.0320111,0.641054708962671,9729,9729,1,1,0
hard_phase,8,6,1,0.0909741,0.0350208,0.615046480261965,9729,9729,1,1,0
hard_phase,8,7,1,0.0872823,0.033888,0.61174258698499,9729,9729,1,1,0
hard_phase,8,8,1,0.0901182,0.0347375,0.614534023094114,9729,9729,1,1,0
hard_phase,8,9,1,0.0902776,0.0321926,0.643404343934708,9729,9729,1,1,0
hard_phase,8,10,1,0.0875633,0.0314712,0.640589150934239,9729,9729,1,1,0
weak_secondary,8,1,1,0.1561326,0.0722644,0.537160080598158,23133,23133,1,1,0
weak_secondary,8,2,1,0.087646,0.0349784,0.600912762704516,9729,9729,1,1,0
weak_secondary,8,3,1,0.1511081,0.0736874,0.512353077035579,23133,23133,1,1,0
weak_secondary,8,4,1,0.0890743,0.0349407,0.607735340047578,9729,9729,1,1,0
weak_secondary,8,5,1,0.151331,0.0716308,0.526661424295088,23133,23133,1,1,0
weak_secondary,8,6,1,0.0911475,0.0351184,0.614708028196056,9729,9729,1,1,0
weak_secondary,8,7,1,0.1609429,0.0722707,0.55095440681136,23133,23133,1,1,0
weak_secondary,8,8,1,0.0924845,0.0337101,0.635505409014483,9729,9729,1,1,0
weak_secondary,8,9,1,0.1499038,0.0716953,0.5217245993764,23133,23133,1,1,0
weak_secondary,8,10,1,0.0904767,0.0350015,0.613143494402426,9729,9729,1,1,0
low_snr_hard,8,1,1,0.1550332,0.0748421,0.517251143626011,23133,23133,1,1,0
low_snr_hard,8,2,1,0.091079,0.0344014,0.622290538982641,9729,9729,1,1,0
low_snr_hard,8,3,1,0.1506167,0.0751187,0.501259156521156,23133,23133,1,1,0
low_snr_hard,8,4,1,0.0896381,0.0334079,0.627302452863236,9729,9729,1,1,0
low_snr_hard,8,5,1,0.1523474,0.0748747,0.508526564943018,23133,23133,1,1,0
low_snr_hard,8,6,1,0.0871179,0.0335999,0.614316919944122,9729,9729,1,1,0
low_snr_hard,8,7,1,0.1523764,0.076575,0.497461549163781,23133,23133,1,1,0
low_snr_hard,8,8,1,0.089167,0.0333577,0.625896351789339,9729,9729,1,1,0
low_snr_hard,8,9,1,0.1502799,0.0732235,0.512752537099106,23133,23133,1,1,0
low_snr_hard,8,10,1,0.0906059,0.0326269,0.639903140965434,9729,9729,1,1,0
easy_noncoherent,15,1,1,0.1358001,0.0663076,0.511726427300127,18612,18612,1,1,0
easy_noncoherent,15,2,1,0.0874265,0.0314849,0.639870062280887,9729,9729,1,1,0
easy_noncoherent,15,3,1,0.0902045,0.0350233,0.611734447837968,9729,9729,1,1,0
easy_noncoherent,15,4,1,0.0918635,0.0345415,0.623991030169763,9729,9729,1,1,0
easy_noncoherent,15,5,1,0.0916926,0.0342174,0.626824847370453,9729,9729,1,1,0
easy_noncoherent,15,6,1,0.0908782,0.0319876,0.648016796107317,9729,9729,1,1,0
easy_noncoherent,15,7,1,0.0902184,0.0340682,0.622380800368883,9729,9729,1,1,0
easy_noncoherent,15,8,1,0.0922048,0.0320281,0.652641727979455,9729,9729,1,1,0
easy_noncoherent,15,9,1,0.1427243,0.0714337,0.49949868382609,20394,20394,1,1,0
easy_noncoherent,15,10,1,0.0871768,0.0318919,0.634169870883079,9729,9729,1,1,0
strong_coherent,15,1,1,0.0932583,0.0345198,0.629847423768179,9729,9729,1,1,0
strong_coherent,15,2,1,0.0883936,0.0335579,0.620358261231582,9729,9729,1,1,0
strong_coherent,15,3,1,0.0878783,0.0335648,0.618053603676903,9729,9729,1,1,0
strong_coherent,15,4,1,0.0888975,0.0335229,0.622903906184088,9729,9729,1,1,0
strong_coherent,15,5,1,0.090072,0.0343701,0.618415267785771,9729,9729,1,1,0
strong_coherent,15,6,1,0.0895264,0.0354415,0.60412235943811,9729,9729,1,1,0
strong_coherent,15,7,1,0.1091437,0.0449752,0.587926742450549,9729,9729,1,1,0
strong_coherent,15,8,1,0.1075377,0.0404859,0.62351900775263,9729,9729,1,1,0
strong_coherent,15,9,1,0.1185817,0.0407949,0.655976428066051,9729,9729,1,1,0
strong_coherent,15,10,1,0.1025851,0.0435542,0.575433469382981,9729,9729,1,1,0
hard_phase,15,1,1,0.1032302,0.0373729,0.637965440345945,9729,9729,1,1,0
hard_phase,15,2,1,0.1063511,0.0358661,0.662757601942998,9729,9729,1,1,0
hard_phase,15,3,1,0.0944781,0.0366404,0.612181023962167,9729,9729,1,1,0
hard_phase,15,4,1,0.1006064,0.0405838,0.596608168068831,9729,9729,1,1,0
hard_phase,15,5,1,0.1011845,0.0428319,0.576695047166315,9729,9729,1,1,0
hard_phase,15,6,1,0.0979216,0.0344728,0.647955098772896,9729,9729,1,1,0
hard_phase,15,7,1,0.0941556,0.0341783,0.637001941467103,9729,9729,1,1,0
hard_phase,15,8,1,0.0903963,0.0333452,0.631122070261725,9729,9729,1,1,0
hard_phase,15,9,1,0.0934589,0.0333576,0.643077331318901,9729,9729,1,1,0
hard_phase,15,10,1,0.0897225,0.0341836,0.619007495332832,9729,9729,1,1,0
weak_secondary,15,1,1,0.151504,0.0759554,0.498657461189143,23133,23133,1,1,0
weak_secondary,15,2,1,0.0977226,0.0416976,0.573306481816898,9729,9729,1,1,0
weak_secondary,15,3,1,0.1644956,0.0781328,0.525015866685796,23133,23133,1,1,0
weak_secondary,15,4,1,0.0989464,0.0372468,0.623565890219351,9729,9729,1,1,0
weak_secondary,15,5,1,0.1517467,0.0749699,0.505953671480171,23133,23133,1,1,0
weak_secondary,15,6,1,0.0894976,0.0348027,0.61113258903032,9729,9729,1,1,0
weak_secondary,15,7,1,0.1579745,0.0729823,0.538012147530139,23133,23133,1,1,0
weak_secondary,15,8,1,0.088742,0.0335661,0.621756327330914,9729,9729,1,1,0
weak_secondary,15,9,1,0.151273,0.0725145,0.520638183945582,23133,23133,1,1,0
weak_secondary,15,10,1,0.0915106,0.0327572,0.64203928288089,9729,9729,1,1,0
low_snr_hard,15,1,1,0.1521616,0.0743796,0.511180218925143,23133,23133,1,1,0
low_snr_hard,15,2,1,0.0938524,0.0322641,0.656225093870801,9729,9729,1,1,0
low_snr_hard,15,3,1,0.1521243,0.0735034,0.516820126699022,23133,23133,1,1,0
low_snr_hard,15,4,1,0.0891404,0.0345085,0.612874745906458,9729,9729,1,1,0
low_snr_hard,15,5,1,0.1554871,0.0751148,0.516906547231249,23133,23133,1,1,0
low_snr_hard,15,6,1,0.0897516,0.0347577,0.612734480499512,9729,9729,1,1,0
low_snr_hard,15,7,1,0.1536817,0.0757392,0.507168387647976,23133,23133,1,1,0
low_snr_hard,15,8,1,0.0897096,0.0336089,0.625358935944425,9729,9729,1,1,0
low_snr_hard,15,9,1,0.1546244,0.073284,0.526051515802163,23133,23133,1,1,0
low_snr_hard,15,10,1,0.0890285,0.0336136,0.622440005166885,9729,9729,1,1,0
easy_noncoherent,0,1,2,0.0903956,0.0339181,0.624781515914491,9729,9729,1,1,0
easy_noncoherent,0,2,2,0.0883488,0.0342246,0.612619526241443,9729,9729,1,1,0
easy_noncoherent,0,3,2,0.0916507,0.0348865,0.619353698335092,9729,9729,1,1,0
easy_noncoherent,0,4,2,0.0933553,0.0338225,0.637701341005813,9729,9729,1,1,0
easy_noncoherent,0,5,2,0.133173,0.0677739,0.491083778243338,18612,18612,1,1,0
easy_noncoherent,0,6,2,0.087729,0.0360767,0.588771101916128,9729,9729,1,1,0
easy_noncoherent,0,7,2,0.0896171,0.0317183,0.64606866323503,9729,9729,1,1,0
easy_noncoherent,0,8,2,0.0897191,0.033743,0.623903940186649,9729,9729,1,1,0
easy_noncoherent,0,9,2,0.086532,0.0339875,0.60722622844728,9729,9729,1,1,0
easy_noncoherent,0,10,2,0.0893871,0.03175,0.644803332919403,9729,9729,1,1,0
strong_coherent,0,1,2,0.0922109,0.0370625,0.598068124267305,9729,9729,1,1,0
strong_coherent,0,2,2,0.0945086,0.0308882,0.673170483955957,9729,9729,1,1,0
strong_coherent,0,3,2,0.0875011,0.0331896,0.62069505411932,9729,9729,1,1,0
strong_coherent,0,4,2,0.0915562,0.0321147,0.649235114607203,9729,9729,1,1,0
strong_coherent,0,5,2,0.0887983,0.0321166,0.63831965251587,9729,9729,1,1,0
strong_coherent,0,6,2,0.0905205,0.0329582,0.635903469379864,9729,9729,1,1,0
strong_coherent,0,7,2,0.0899391,0.0348009,0.613061504951684,9729,9729,1,1,0
strong_coherent,0,8,2,0.0866373,0.0339369,0.608287654393662,9729,9729,1,1,0
strong_coherent,0,9,2,0.0897283,0.0333449,0.628379229295551,9729,9729,1,1,0
strong_coherent,0,10,2,0.0926048,0.0346501,0.625828250803414,9729,9729,1,1,0
hard_phase,0,1,2,0.0859853,0.0349257,0.593817780481082,9729,9729,1,1,0
hard_phase,0,2,2,0.0901754,0.0330681,0.633291341097461,9729,9729,1,1,0
hard_phase,0,3,2,0.0867983,0.0355499,0.590430918577898,9729,9729,1,1,0
hard_phase,0,4,2,0.0900064,0.0342291,0.619703709958403,9729,9729,1,1,0
hard_phase,0,5,2,0.0890398,0.0333653,0.625276561717344,9729,9729,1,1,0
hard_phase,0,6,2,0.088374,0.0340317,0.614912757145767,9729,9729,1,1,0
hard_phase,0,7,2,0.0888005,0.032697,0.631792613780328,9729,9729,1,1,0
hard_phase,0,8,2,0.0871475,0.0313019,0.640817005651338,9729,9729,1,1,0
hard_phase,0,9,2,0.0898646,0.0350162,0.610344896655635,9729,9729,1,1,0
hard_phase,0,10,2,0.0891949,0.0336649,0.62256922761279,9729,9729,1,1,0
weak_secondary,0,1,2,0.1512705,0.0733499,0.515107704410311,23133,23133,1,1,0
weak_secondary,0,2,2,0.0895431,0.0330095,0.631356296576732,9729,9729,1,1,0
weak_secondary,0,3,2,0.1557722,0.0730344,0.531146122350458,23133,23133,1,1,0
weak_secondary,0,4,2,0.0876726,0.0342191,0.60969447695175,9729,9729,1,1,0
weak_secondary,0,5,2,0.1507395,0.0725172,0.518923706128785,23133,23133,1,1,0
weak_secondary,0,6,2,0.0904971,0.0343941,0.619942517495036,9729,9729,1,1,0
weak_secondary,0,7,2,0.1517709,0.0734619,0.515968476170333,23133,23133,1,1,0
weak_secondary,0,8,2,0.0902769,0.033614,0.627656687369637,9729,9729,1,1,0
weak_secondary,0,9,2,0.1597362,0.0735934,0.539281640604947,23133,23133,1,1,0
weak_secondary,0,10,2,0.0896069,0.032452,0.637840389523575,9729,9729,1,1,0
low_snr_hard,0,1,2,0.1508976,0.0762457,0.494718935224947,23133,23133,1,1,0
low_snr_hard,0,2,2,0.0902854,0.0355554,0.606188819011712,9729,9729,1,1,0
low_snr_hard,0,3,2,0.1539162,0.0737013,0.521159566049578,23133,23133,1,1,0
low_snr_hard,0,4,2,0.0943688,0.0334655,0.645375378302999,9729,9729,1,1,0
low_snr_hard,0,5,2,0.1535117,0.0742074,0.516601014776072,23133,23133,1,1,0
low_snr_hard,0,6,2,0.0868796,0.0341627,0.60678110856864,9729,9729,1,1,0
low_snr_hard,0,7,2,0.1536792,0.0748575,0.51289764652601,23133,23133,1,1,0
low_snr_hard,0,8,2,0.0872836,0.0334871,0.616341443295189,9729,9729,1,1,0
low_snr_hard,0,9,2,0.1546153,0.0753738,0.512507494407086,23133,23133,1,1,0
low_snr_hard,0,10,2,0.086567,0.0325515,0.623973338570125,9729,9729,1,1,0
easy_noncoherent,8,1,2,0.0895322,0.0318016,0.644802652006764,9729,9729,1,1,0
easy_noncoherent,8,2,2,0.0970612,0.035861,0.630532076669153,9729,9729,1,1,0
easy_noncoherent,8,3,2,0.0904295,0.0334816,0.629749141596492,9729,9729,1,1,0
easy_noncoherent,8,4,2,0.0902205,0.0320973,0.644234957687,9729,9729,1,1,0
easy_noncoherent,8,5,2,0.0875448,0.0340203,0.611395536913672,9729,9729,1,1,0
easy_noncoherent,8,6,2,0.0890996,0.0335526,0.623425918859344,9729,9729,1,1,0
easy_noncoherent,8,7,2,0.0912154,0.0313628,0.656167708522903,9729,9729,1,1,0
easy_noncoherent,8,8,2,0.0906905,0.0321537,0.64545680087771,9729,9729,1,1,0
easy_noncoherent,8,9,2,0.1353064,0.0659106,0.512878917774769,18612,18612,1,1,0
easy_noncoherent,8,10,2,0.0899442,0.035736,0.602686999272882,9729,9729,1,1,0
strong_coherent,8,1,2,0.0898835,0.0344832,0.616356728431803,9729,9729,1,1,0
strong_coherent,8,2,2,0.0901376,0.0299118,0.668154022294803,9729,9729,1,1,0
strong_coherent,8,3,2,0.0865018,0.0330105,0.618383663692547,9729,9729,1,1,0
strong_coherent,8,4,2,0.0957317,0.0348892,0.635552277876607,9729,9729,1,1,0
strong_coherent,8,5,2,0.089765,0.0344833,0.615849161699994,9729,9729,1,1,0
strong_coherent,8,6,2,0.0884213,0.0300336,0.660335235966899,9729,9729,1,1,0
strong_coherent,8,7,2,0.0932834,0.0307196,0.670685245177599,9729,9729,1,1,0
strong_coherent,8,8,2,0.0870442,0.033296,0.617481693208738,9729,9729,1,1,0
strong_coherent,8,9,2,0.0900784,0.0339469,0.62314050871241,9729,9729,1,1,0
strong_coherent,8,10,2,0.089388,0.0327879,0.6331957309706,9729,9729,1,1,0
hard_phase,8,1,2,0.0897424,0.0336278,0.625285260924602,9729,9729,1,1,0
hard_phase,8,2,2,0.0897647,0.0340995,0.620123500663401,9729,9729,1,1,0
hard_phase,8,3,2,0.0874859,0.0329832,0.622988390129152,9729,9729,1,1,0
hard_phase,8,4,2,0.0903966,0.0324482,0.641046234039776,9729,9729,1,1,0
hard_phase,8,5,2,0.0900766,0.035993,0.60041786657134,9729,9729,1,1,0
hard_phase,8,6,2,0.0901845,0.0343114,0.619542160792597,9729,9729,1,1,0
hard_phase,8,7,2,0.0878985,0.0344594,0.607963730894156,9729,9729,1,1,0
hard_phase,8,8,2,0.0903963,0.0348937,0.613991944360555,9729,9729,1,1,0
hard_phase,8,9,2,0.092626,0.0368697,0.601950856131108,9729,9729,1,1,0
hard_phase,8,10,2,0.0901697,0.0348986,0.612967548966005,9729,9729,1,1,0
weak_secondary,8,1,2,0.1515798,0.0759299,0.499076394084172,23133,23133,1,1,0
weak_secondary,8,2,2,0.0873114,0.033351,0.61802238882895,9729,9729,1,1,0
weak_secondary,8,3,2,0.1558198,0.0729405,0.531891967516323,23133,23133,1,1,0
weak_secondary,8,4,2,0.0905658,0.0326557,0.639425699325794,9729,9729,1,1,0
weak_secondary,8,5,2,0.1540372,0.0741997,0.518300124904893,23133,23133,1,1,0
weak_secondary,8,6,2,0.0899741,0.0330754,0.632389765499183,9729,9729,1,1,0
weak_secondary,8,7,2,0.1500775,0.0715113,0.523504189502091,23133,23133,1,1,0
weak_secondary,8,8,2,0.089201,0.0313316,0.648752816672459,9729,9729,1,1,0
weak_secondary,8,9,2,0.1509468,0.0756109,0.499089083041177,23133,23133,1,1,0
weak_secondary,8,10,2,0.0900507,0.0323138,0.641159924353725,9729,9729,1,1,0
low_snr_hard,8,1,2,0.1596302,0.0710735,0.554761567673285,23133,23133,1,1,0
low_snr_hard,8,2,2,0.08946,0.0353528,0.604820031298904,9729,9729,1,1,0
low_snr_hard,8,3,2,0.1525738,0.0738332,0.516082053406286,23133,23133,1,1,0
low_snr_hard,8,4,2,0.0912737,0.033299,0.635174206808752,9729,9729,1,1,0
low_snr_hard,8,5,2,0.1529628,0.0777786,0.491519506703591,23133,23133,1,1,0
low_snr_hard,8,6,2,0.0989915,0.0345801,0.650676068147265,9729,9729,1,1,0
low_snr_hard,8,7,2,0.1529099,0.0790414,0.483085137064376,23133,23133,1,1,0
low_snr_hard,8,8,2,0.0888464,0.0322145,0.63741355868105,9729,9729,1,1,0
low_snr_hard,8,9,2,0.1571406,0.0798214,0.492038340187068,23133,23133,1,1,0
low_snr_hard,8,10,2,0.0884102,0.033616,0.619772379205114,9729,9729,1,1,0
easy_noncoherent,15,1,2,0.1347609,0.0716691,0.468175858130956,18612,18612,1,1,0
easy_noncoherent,15,2,2,0.0912122,0.0329548,0.638701840323992,9729,9729,1,1,0
easy_noncoherent,15,3,2,0.087551,0.0333093,0.619544037189752,9729,9729,1,1,0
easy_noncoherent,15,4,2,0.0914878,0.0334219,0.634684624616616,9729,9729,1,1,0
easy_noncoherent,15,5,2,0.0914483,0.0323008,0.646786216911632,9729,9729,1,1,0
easy_noncoherent,15,6,2,0.0910234,0.0327633,0.640056293216909,9729,9729,1,1,0
easy_noncoherent,15,7,2,0.0892967,0.0335,0.624846158928605,9729,9729,1,1,0
easy_noncoherent,15,8,2,0.0924964,0.0341691,0.630589947284435,9729,9729,1,1,0
easy_noncoherent,15,9,2,0.0934771,0.0341009,0.635195144051324,9729,9729,1,1,0
easy_noncoherent,15,10,2,0.0884544,0.0340765,0.614756303813038,9729,9729,1,1,0
strong_coherent,15,1,2,0.0863726,0.0312921,0.637708023146229,9729,9729,1,1,0
strong_coherent,15,2,2,0.0885001,0.0313409,0.645865936874648,9729,9729,1,1,0
strong_coherent,15,3,2,0.0895446,0.0321417,0.64105373188333,9729,9729,1,1,0
strong_coherent,15,4,2,0.0881291,0.0319716,0.63721858046888,9729,9729,1,1,0
strong_coherent,15,5,2,0.0896403,0.0350736,0.608729555791313,9729,9729,1,1,0
strong_coherent,15,6,2,0.0910437,0.0363295,0.600966349126848,9729,9729,1,1,0
strong_coherent,15,7,2,0.0929348,0.0333595,0.641044043781232,9729,9729,1,1,0
strong_coherent,15,8,2,0.0907706,0.0340249,0.625155061220263,9729,9729,1,1,0
strong_coherent,15,9,2,0.0884198,0.0337236,0.618596739644288,9729,9729,1,1,0
strong_coherent,15,10,2,0.088358,0.0326484,0.630498653206274,9729,9729,1,1,0
hard_phase,15,1,2,0.0917272,0.0347358,0.621314070417499,9729,9729,1,1,0
hard_phase,15,2,2,0.0872166,0.0334548,0.616417058220568,9729,9729,1,1,0
hard_phase,15,3,2,0.0884032,0.0338451,0.617150736624918,9729,9729,1,1,0
hard_phase,15,4,2,0.0894897,0.0338269,0.622002308645576,9729,9729,1,1,0
hard_phase,15,5,2,0.087981,0.0321216,0.634902990418386,9729,9729,1,1,0
hard_phase,15,6,2,0.0915177,0.0334556,0.634435743031129,9729,9729,1,1,0
hard_phase,15,7,2,0.0879513,0.0334322,0.619878273544564,9729,9729,1,1,0
hard_phase,15,8,2,0.0881253,0.0307252,0.651346435132703,9729,9729,1,1,0
hard_phase,15,9,2,0.0886343,0.0328252,0.629655787883472,9729,9729,1,1,0
hard_phase,15,10,2,0.0889428,0.0333527,0.625009556703859,9729,9729,1,1,0
weak_secondary,15,1,2,0.1505489,0.0774041,0.485854097904402,23133,23133,1,1,0
weak_secondary,15,2,2,0.0896003,0.0337301,0.623549251509202,9729,9729,1,1,0
weak_secondary,15,3,2,0.150666,0.0730304,0.515282810985889,23133,23133,1,1,0
weak_secondary,15,4,2,0.087434,0.0333846,0.618173708168447,9729,9729,1,1,0
weak_secondary,15,5,2,0.1528242,0.0721469,0.527909192392304,23133,23133,1,1,0
weak_secondary,15,6,2,0.089883,0.0335534,0.626699153343791,9729,9729,1,1,0
weak_secondary,15,7,2,0.1554143,0.0727914,0.531629972274109,23133,23133,1,1,0
weak_secondary,15,8,2,0.0869524,0.0336513,0.612991705806855,9729,9729,1,1,0
weak_secondary,15,9,2,0.1557528,0.0734454,0.528448926760867,23133,23133,1,1,0
weak_secondary,15,10,2,0.0948619,0.0339046,0.642589912283013,9729,9729,1,1,0
low_snr_hard,15,1,2,0.1511849,0.0741503,0.509538981736933,23133,23133,1,1,0
low_snr_hard,15,2,2,0.0892212,0.0358562,0.59812017771561,9729,9729,1,1,0
low_snr_hard,15,3,2,0.1557333,0.07462,0.5208475001814,23133,23133,1,1,0
low_snr_hard,15,4,2,0.0868571,0.0355844,0.59031098206134,9729,9729,1,1,0
low_snr_hard,15,5,2,0.1538378,0.0744886,0.515797807820965,23133,23133,1,1,0
low_snr_hard,15,6,2,0.093259,0.035098,0.623650264317653,9729,9729,1,1,0
low_snr_hard,15,7,2,0.1547845,0.075064,0.515041880808479,23133,23133,1,1,0
low_snr_hard,15,8,2,0.1051513,0.0386107,0.632808153584407,9729,9729,1,1,0
low_snr_hard,15,9,2,0.1597392,0.0759895,0.52429021805543,23133,23133,1,1,0
low_snr_hard,15,10,2,0.0900289,0.0346292,0.615354625014856,9729,9729,1,1,0
easy_noncoherent,0,1,3,0.0964295,0.0334508,0.65310615527406,9729,9729,1,1,0
easy_noncoherent,0,2,3,0.0888511,0.0364234,0.590062475309816,9729,9729,1,1,0
easy_noncoherent,0,3,3,0.0905202,0.0338313,0.626256901774411,9729,9729,1,1,0
easy_noncoherent,0,4,3,0.0891675,0.035189,0.605360697563574,9729,9729,1,1,0
easy_noncoherent,0,5,3,0.0881239,0.0325485,0.630650708831543,9729,9729,1,1,0
easy_noncoherent,0,6,3,0.0913642,0.0336782,0.631385159613941,9729,9729,1,1,0
easy_noncoherent,0,7,3,0.1376224,0.06635,0.517883716604274,18612,18612,1,1,0
easy_noncoherent,0,8,3,0.0929239,0.0321297,0.654236423568103,9729,9729,1,1,0
easy_noncoherent,0,9,3,0.1022218,0.0476634,0.533725682779994,9729,9729,1,1,0
easy_noncoherent,0,10,3,0.120734,0.0438765,0.636585386055295,9729,9729,1,1,0
strong_coherent,0,1,3,0.1206021,0.0454072,0.623495776607538,9729,9729,1,1,0
strong_coherent,0,2,3,0.1172628,0.0472787,0.596814164423841,9729,9729,1,1,0
strong_coherent,0,3,3,0.119742,0.0437163,0.634912562008318,9729,9729,1,1,0
strong_coherent,0,4,3,0.1064803,0.0363451,0.658668317050196,9729,9729,1,1,0
strong_coherent,0,5,3,0.1035999,0.0424326,0.590418523570003,9729,9729,1,1,0
strong_coherent,0,6,3,0.091385,0.0352045,0.614767193740767,9729,9729,1,1,0
strong_coherent,0,7,3,0.0988135,0.0368411,0.627165316480036,9729,9729,1,1,0
strong_coherent,0,8,3,0.0888964,0.0341583,0.615751593990308,9729,9729,1,1,0
strong_coherent,0,9,3,0.0884765,0.0349228,0.605287279673134,9729,9729,1,1,0
strong_coherent,0,10,3,0.094811,0.0374372,0.60513864425014,9729,9729,1,1,0
hard_phase,0,1,3,0.1010831,0.038107,0.623013144630507,9729,9729,1,1,0
hard_phase,0,2,3,0.0927308,0.0311194,0.664411392978385,9729,9729,1,1,0
hard_phase,0,3,3,0.0914473,0.0344611,0.62315891229156,9729,9729,1,1,0
hard_phase,0,4,3,0.0905071,0.034007,0.624261522024239,9729,9729,1,1,0
hard_phase,0,5,3,0.0894164,0.0345743,0.613333795590071,9729,9729,1,1,0
hard_phase,0,6,3,0.0873739,0.0334557,0.617097325402666,9729,9729,1,1,0
hard_phase,0,7,3,0.0933176,0.032518,0.651534115750941,9729,9729,1,1,0
hard_phase,0,8,3,0.0923313,0.033905,0.632789747355447,9729,9729,1,1,0
hard_phase,0,9,3,0.085061,0.0344403,0.595110567710232,9729,9729,1,1,0
hard_phase,0,10,3,0.089491,0.034159,0.618296811969919,9729,9729,1,1,0
weak_secondary,0,1,3,0.1525644,0.0757215,0.503675169305552,23133,23133,1,1,0
weak_secondary,0,2,3,0.0893817,0.0307775,0.65566217693331,9729,9729,1,1,0
weak_secondary,0,3,3,0.1491086,0.0730581,0.510034297149863,23133,23133,1,1,0
weak_secondary,0,4,3,0.092322,0.0345185,0.62610753666515,9729,9729,1,1,0
weak_secondary,0,5,3,0.1536077,0.0731619,0.523709423420831,23133,23133,1,1,0
weak_secondary,0,6,3,0.0889209,0.0350874,0.605408852137124,9729,9729,1,1,0
weak_secondary,0,7,3,0.1561472,0.0731506,0.531527942864169,23133,23133,1,1,0
weak_secondary,0,8,3,0.0906442,0.0314182,0.653389847337171,9729,9729,1,1,0
weak_secondary,0,9,3,0.1525958,0.0720918,0.527563668200566,23133,23133,1,1,0
weak_secondary,0,10,3,0.0922773,0.0361091,0.608689244267008,9729,9729,1,1,0
low_snr_hard,0,1,3,0.1505139,0.0736685,0.510553510340241,23133,23133,1,1,0
low_snr_hard,0,2,3,0.0900597,0.0336085,0.626819765111365,9729,9729,1,1,0
low_snr_hard,0,3,3,0.157327,0.0731474,0.535061368995786,23133,23133,1,1,0
low_snr_hard,0,4,3,0.091065,0.0323576,0.644675781035524,9729,9729,1,1,0
low_snr_hard,0,5,3,0.1535608,0.0739988,0.5181139978432,23133,23133,1,1,0
low_snr_hard,0,6,3,0.0883571,0.033682,0.618796904832775,9729,9729,1,1,0
low_snr_hard,0,7,3,0.1533013,0.0734987,0.520560491006926,23133,23133,1,1,0
low_snr_hard,0,8,3,0.0923162,0.0340724,0.630916350543025,9729,9729,1,1,0
low_snr_hard,0,9,3,0.1511366,0.0747407,0.505475841060339,23133,23133,1,1,0
low_snr_hard,0,10,3,0.090841,0.0343463,0.621907508724034,9729,9729,1,1,0
easy_noncoherent,8,1,3,0.0886386,0.0336821,0.620006408043448,9729,9729,1,1,0
easy_noncoherent,8,2,3,0.0938461,0.0323372,0.655423080980456,9729,9729,1,1,0
easy_noncoherent,8,3,3,0.0895049,0.0331949,0.629127567317543,9729,9729,1,1,0
easy_noncoherent,8,4,3,0.091057,0.0345669,0.620381738910792,9729,9729,1,1,0
easy_noncoherent,8,5,3,0.0899691,0.0335289,0.627328716192559,9729,9729,1,1,0
easy_noncoherent,8,6,3,0.08682,0.0323422,0.627479843354066,9729,9729,1,1,0
easy_noncoherent,8,7,3,0.0913219,0.0312511,0.657791833065234,9729,9729,1,1,0
easy_noncoherent,8,8,3,0.0878112,0.0381843,0.565154558871761,9729,9729,1,1,0
easy_noncoherent,8,9,3,0.0926862,0.033209,0.641705021891069,9729,9729,1,1,0
easy_noncoherent,8,10,3,0.0877015,0.0327911,0.626105596825596,9729,9729,1,1,0
strong_coherent,8,1,3,0.0888862,0.0324926,0.634447192027559,9729,9729,1,1,0
strong_coherent,8,2,3,0.0902785,0.0362881,0.598042723350521,9729,9729,1,1,0
strong_coherent,8,3,3,0.0877781,0.0323866,0.631040088587017,9729,9729,1,1,0
strong_coherent,8,4,3,0.0860008,0.0342275,0.602009516190547,9729,9729,1,1,0
strong_coherent,8,5,3,0.0881296,0.0336207,0.618508423957445,9729,9729,1,1,0
strong_coherent,8,6,3,0.09029,0.0350562,0.611737733968324,9729,9729,1,1,0
strong_coherent,8,7,3,0.0901299,0.0345689,0.616454694834899,9729,9729,1,1,0
strong_coherent,8,8,3,0.0915382,0.0338174,0.630565162959289,9729,9729,1,1,0
strong_coherent,8,9,3,0.0859333,0.034357,0.600189914736197,9729,9729,1,1,0
strong_coherent,8,10,3,0.0982553,0.0340938,0.653008031118932,9729,9729,1,1,0
hard_phase,8,1,3,0.0901183,0.032019,0.644700354977846,9729,9729,1,1,0
hard_phase,8,2,3,0.0895528,0.0342816,0.617191198935153,9729,9729,1,1,0
hard_phase,8,3,3,0.0908526,0.0336239,0.629907124287032,9729,9729,1,1,0
hard_phase,8,4,3,0.0965734,0.0353505,0.63395199920475,9729,9729,1,1,0
hard_phase,8,5,3,0.0917233,0.0332851,0.63711401574082,9729,9729,1,1,0
hard_phase,8,6,3,0.0877141,0.0342861,0.609115296172451,9729,9729,1,1,0
hard_phase,8,7,3,0.089251,0.0348395,0.60964583029882,9729,9729,1,1,0
hard_phase,8,8,3,0.0911043,0.0327384,0.640649233900046,9729,9729,1,1,0
hard_phase,8,9,3,0.0883931,0.0344171,0.610635898050866,9729,9729,1,1,0
hard_phase,8,10,3,0.0864928,0.0347804,0.597880979688483,9729,9729,1,1,0
weak_secondary,8,1,3,0.152211,0.0763552,0.498359514095565,23133,23133,1,1,0
weak_secondary,8,2,3,0.0892876,0.0330761,0.62955550378776,9729,9729,1,1,0
weak_secondary,8,3,3,0.1530236,0.0719018,0.530126072056859,23133,23133,1,1,0
weak_secondary,8,4,3,0.092815,0.0336966,0.636948769056726,9729,9729,1,1,0
weak_secondary,8,5,3,0.1496728,0.0731323,0.511385502242224,23133,23133,1,1,0
weak_secondary,8,6,3,0.0895978,0.0371919,0.584901638209867,9729,9729,1,1,0
weak_secondary,8,7,3,0.1536292,0.0732637,0.523113444579546,23133,23133,1,1,0
weak_secondary,8,8,3,0.0913853,0.0366512,0.598937684726099,9729,9729,1,1,0
weak_secondary,8,9,3,0.1556007,0.0770474,0.504838988513548,23133,23133,1,1,0
weak_secondary,8,10,3,0.0888379,0.032741,0.631452341849593,9729,9729,1,1,0
low_snr_hard,8,1,3,0.1521338,0.0738018,0.514888867562632,23133,23133,1,1,0
low_snr_hard,8,2,3,0.0912656,0.0340945,0.626425509721078,9729,9729,1,1,0
low_snr_hard,8,3,3,0.154785,0.0732972,0.526457990115321,23133,23133,1,1,0
low_snr_hard,8,4,3,0.0892499,0.0315303,0.646718931897963,9729,9729,1,1,0
low_snr_hard,8,5,3,0.1583452,0.0720798,0.544793274440905,23133,23133,1,1,0
low_snr_hard,8,6,3,0.0910328,0.0341482,0.624880262938194,9729,9729,1,1,0
low_snr_hard,8,7,3,0.1513535,0.0754133,0.501740627075026,23133,23133,1,1,0
low_snr_hard,8,8,3,0.0906678,0.0329885,0.636160797990025,9729,9729,1,1,0
low_snr_hard,8,9,3,0.1557543,0.0758341,0.51311713384478,23133,23133,1,1,0
low_snr_hard,8,10,3,0.0907785,0.0343071,0.622079016507213,9729,9729,1,1,0
easy_noncoherent,15,1,3,0.1346219,0.066811,0.503713734540963,18612,18612,1,1,0
easy_noncoherent,15,2,3,0.0891335,0.0351652,0.605477177492189,9729,9729,1,1,0
easy_noncoherent,15,3,3,0.090499,0.0334476,0.630409175791998,9729,9729,1,1,0
easy_noncoherent,15,4,3,0.088122,0.0339359,0.614898663216904,9729,9729,1,1,0
easy_noncoherent,15,5,3,0.1347403,0.066499,0.506465400477808,18612,18612,1,1,0
easy_noncoherent,15,6,3,0.0890183,0.035085,0.605867557569623,9729,9729,1,1,0
easy_noncoherent,15,7,3,0.0926179,0.0335866,0.637363835716422,9729,9729,1,1,0
easy_noncoherent,15,8,3,0.087295,0.0347929,0.601433071768142,9729,9729,1,1,0
easy_noncoherent,15,9,3,0.0862355,0.0333762,0.612964498379438,9729,9729,1,1,0
easy_noncoherent,15,10,3,0.0907785,0.0311882,0.656436270702865,9729,9729,1,1,0
strong_coherent,15,1,3,0.091811,0.0326303,0.64459269586433,9729,9729,1,1,0
strong_coherent,15,2,3,0.086938,0.0332813,0.617183510087649,9729,9729,1,1,0
strong_coherent,15,3,3,0.0897011,0.0352056,0.607523207630676,9729,9729,1,1,0
strong_coherent,15,4,3,0.0928691,0.0343955,0.629634614742686,9729,9729,1,1,0
strong_coherent,15,5,3,0.091274,0.0342046,0.625253631921467,9729,9729,1,1,0
strong_coherent,15,6,3,0.0904285,0.0333845,0.630818823711551,9729,9729,1,1,0
strong_coherent,15,7,3,0.0900733,0.0336037,0.626929400832433,9729,9729,1,1,0
strong_coherent,15,8,3,0.091483,0.0340196,0.628132002667162,9729,9729,1,1,0
strong_coherent,15,9,3,0.0919968,0.033379,0.63717216251,9729,9729,1,1,0
strong_coherent,15,10,3,0.088034,0.0325905,0.629796442283663,9729,9729,1,1,0
hard_phase,15,1,3,0.0893795,0.0357294,0.600250616752164,9729,9729,1,1,0
hard_phase,15,2,3,0.0965043,0.0331012,0.65699766746145,9729,9729,1,1,0
hard_phase,15,3,3,0.0883146,0.0313099,0.645473115430518,9729,9729,1,1,0
hard_phase,15,4,3,0.0880485,0.034444,0.608806510048439,9729,9729,1,1,0
hard_phase,15,5,3,0.0894166,0.033329,0.627261604668484,9729,9729,1,1,0
hard_phase,15,6,3,0.0903835,0.0361349,0.600204683376944,9729,9729,1,1,0
hard_phase,15,7,3,0.0912516,0.0335527,0.632305625326022,9729,9729,1,1,0
hard_phase,15,8,3,0.0912706,0.0310725,0.65955630838408,9729,9729,1,1,0
hard_phase,15,9,3,0.0902579,0.035504,0.606638310884698,9729,9729,1,1,0
hard_phase,15,10,3,0.0917278,0.0332795,0.637192868465176,9729,9729,1,1,0
weak_secondary,15,1,3,0.150424,0.0732365,0.513132877732277,23133,23133,1,1,0
weak_secondary,15,2,3,0.0874111,0.0333568,0.618391714553415,9729,9729,1,1,0
weak_secondary,15,3,3,0.1556903,0.0736173,0.527155513220798,23133,23133,1,1,0
weak_secondary,15,4,3,0.0875928,0.0314312,0.641166853896667,9729,9729,1,1,0
weak_secondary,15,5,3,0.1550752,0.0722457,0.534124734322445,23133,23133,1,1,0
weak_secondary,15,6,3,0.0932539,0.0323521,0.653075099271988,9729,9729,1,1,0
weak_secondary,15,7,3,0.1526621,0.0723757,0.52590918112616,23133,23133,1,1,0
weak_secondary,15,8,3,0.0954177,0.0324621,0.659789535903716,9729,9729,1,1,0
weak_secondary,15,9,3,0.1549758,0.074357,0.520202509036895,23133,23133,1,1,0
weak_secondary,15,10,3,0.0871035,0.0397132,0.544068837647167,9729,9729,1,1,0
low_snr_hard,15,1,3,0.1651016,0.072194,0.56272985846291,23133,23133,1,1,0
low_snr_hard,15,2,3,0.0890916,0.0353357,0.603377871763443,9729,9729,1,1,0
low_snr_hard,15,3,3,0.15345,0.0782924,0.48978559791463,23133,23133,1,1,0
low_snr_hard,15,4,3,0.0913269,0.0349928,0.616840164288945,9729,9729,1,1,0
low_snr_hard,15,5,3,0.169986,0.0797383,0.530912545739061,23133,23133,1,1,0
low_snr_hard,15,6,3,0.1090518,0.0366103,0.664285229588141,9729,9729,1,1,0
low_snr_hard,15,7,3,0.1620591,0.0795335,0.509231508752054,23133,23133,1,1,0
low_snr_hard,15,8,3,0.1055958,0.0431119,0.591727133086733,9729,9729,1,1,0
low_snr_hard,15,9,3,0.1681994,0.0844048,0.49818608151991,23133,23133,1,1,0
low_snr_hard,15,10,3,0.1010243,0.0339835,0.663610636252862,9729,9729,1,1,0
