sweep_phase,config_name,coarse_config_name,refine_config_name,topK,coarse_az_step,coarse_el_step,fine_az_step,fine_el_step,local_az_half_width,local_el_center_half_width,coarse_el_sep_list_text,fine_el_sep_list_text,full_fine_success,coarse_to_fine_success,full_fine_rmse,coarse_to_fine_rmse,full_fine_worst_case_success,coarse_to_fine_worst_case_success,full_fine_mean_num_pairs,coarse_to_fine_mean_num_pairs,coarse_mean_num_pairs,refine_mean_num_pairs,complexity_reduction_ratio,topK_miss_rate,boundary_hit_rate,el_sep_match_rate_vs_full,full_grid_match_rate,screening_score,screening_pass,final_pass,selected_for_confirmation
screening,coarse_016_024_compact__topK10__refine_mid_compact,coarse_016_024_compact,refine_mid_compact,10,0.16,0.24,0.08,0.12,0.24,0.36,"[0,0.36,0.48,0.72]","[0,0.36,0.48,0.72]",1,1,0.077310897728952,0.0667793005993393,1,1,131461,15924.1333333333,10431,5493.13333333333,8.25545712587184,0.4,0,0.6,0.6,0.691674112626594,0,0,0
screening,coarse_016_024_compact__topK10__refine_mid_finer,coarse_016_024_compact,refine_mid_finer,10,0.16,0.24,0.04,0.06,0.24,0.36,"[0,0.36,0.48,0.72]","[0,0.36,0.48,0.72]",1,1,0.077310897728952,0.0182032989911424,1,1,131461,47293.4666666667,10431,36862.4666666667,2.77968627097189,0.4,0,0.6,0,0.644399578207836,0,0,0
screening,coarse_016_024_compact__topK10__refine_safe_compact,coarse_016_024_compact,refine_safe_compact,10,0.16,0.24,0.08,0.12,0.32,0.48,"[0,0.36,0.48,0.72]","[0,0.36,0.48,0.72]",1,1,0.077310897728952,0.0667793005993393,1,1,131461,20248.7333333333,10431,9817.73333333333,6.49230733774294,0.4,0,0.6,0.6,0.681239907060067,0,0,0
screening,coarse_016_024_compact__topK10__refine_safe_fullsep,coarse_016_024_compact,refine_safe_fullsep,10,0.16,0.24,0.08,0.12,0.32,0.48,"[0,0.36,0.48,0.72]","[0,0.24,0.36,0.48,0.6,0.72]",1,1,0.077310897728952,0.0773108977289522,1,1,131461,25768.0666666667,10431,15337.0666666667,5.10170210674194,0,0,1,1,1.07077150961446,1,0,0
screening,coarse_016_024_compact__topK10__refine_small_compact,coarse_016_024_compact,refine_small_compact,10,0.16,0.24,0.08,0.12,0.16,0.24,"[0,0.36,0.48,0.72]","[0,0.36,0.48,0.72]",1,1,0.077310897728952,0.0667793005993393,1,1,131461,12904.8,10431,2473.8,10.1869846878681,0.4,0,0.6,0.6,0.70080456533676,0,0,0
screening,coarse_016_024_compact__topK10__refine_stage1_safe,coarse_016_024_compact,refine_stage1_safe,10,0.16,0.24,0.04,0.06,0.32,0.48,"[0,0.36,0.48,0.72]","[0,0.24,0.36,0.48,0.6,0.72]",1,1,0.077310897728952,0.0182032989911424,1,1,131461,118284.6,10431,107853.6,1.11139573537045,0,0,0.6,0,1.00458687259849,0,0,0
screening,coarse_016_024_compact__topK3__refine_mid_compact,coarse_016_024_compact,refine_mid_compact,3,0.16,0.24,0.08,0.12,0.24,0.36,"[0,0.36,0.48,0.72]","[0,0.36,0.48,0.72]",1,1,0.077310897728952,0.0667793005993393,1,1,131461,14001.4666666667,10431,3570.46666666667,9.38908780984849,0.4,0,0.6,0.6,0.697262340074397,0,0,0
screening,coarse_016_024_compact__topK3__refine_mid_finer,coarse_016_024_compact,refine_mid_finer,3,0.16,0.24,0.04,0.06,0.24,0.36,"[0,0.36,0.48,0.72]","[0,0.36,0.48,0.72]",1,1,0.077310897728952,0.0182032989911424,1,1,131461,33842.2666666667,10431,23411.2666666667,3.8845211313663,0.4,0,0.6,0,0.658933748830463,0,0,0
screening,coarse_016_024_compact__topK3__refine_safe_compact,coarse_016_024_compact,refine_safe_compact,3,0.16,0.24,0.08,0.12,0.32,0.48,"[0,0.36,0.48,0.72]","[0,0.36,0.48,0.72]",1,1,0.077310897728952,0.0667793005993393,1,1,131461,17381.3333333333,10431,6950.33333333333,7.56334381712182,0.4,0,0.6,0.6,0.687871384315492,0,0,0
screening,coarse_016_024_compact__topK3__refine_safe_fullsep,coarse_016_024_compact,refine_safe_fullsep,3,0.16,0.24,0.08,0.12,0.32,0.48,"[0,0.36,0.48,0.72]","[0,0.24,0.36,0.48,0.6,0.72]",1,1,0.077310897728952,0.0773108977289522,1,1,131461,21316.6666666667,10431,10885.6666666667,6.16705238467553,0,0,1,1,1.07900776374613,1,0,1
screening,coarse_016_024_compact__topK3__refine_small_compact,coarse_016_024_compact,refine_small_compact,3,0.16,0.24,0.08,0.12,0.16,0.24,"[0,0.36,0.48,0.72]","[0,0.36,0.48,0.72]",1,1,0.077310897728952,0.0667793005993393,1,1,131461,11889.3333333333,10431,1458.33333333333,11.0570539419087,0.4,0,0.6,0.6,0.704363942830616,0,0,0
screening,coarse_016_024_compact__topK3__refine_stage1_safe,coarse_016_024_compact,refine_stage1_safe,3,0.16,0.24,0.04,0.06,0.32,0.48,"[0,0.36,0.48,0.72]","[0,0.24,0.36,0.48,0.6,0.72]",1,1,0.077310897728952,0.0182032989911424,1,1,131461,85374.2666666667,10431,74943.2666666667,1.53981996136228,0,0,0.6,0,1.01874699452795,1,0,0
screening,coarse_016_024_compact__topK5__refine_mid_compact,coarse_016_024_compact,refine_mid_compact,5,0.16,0.24,0.08,0.12,0.24,0.36,"[0,0.36,0.48,0.72]","[0,0.36,0.48,0.72]",1,1,0.077310897728952,0.0667793005993393,1,1,131461,14661.3333333333,10431,4230.33333333333,8.96651054929065,0.4,0,0.6,0.6,0.695262346377659,0,0,0
screening,coarse_016_024_compact__topK5__refine_mid_finer,coarse_016_024_compact,refine_mid_finer,5,0.16,0.24,0.04,0.06,0.24,0.36,"[0,0.36,0.48,0.72]","[0,0.36,0.48,0.72]",1,1,0.077310897728952,0.0182032989911424,1,1,131461,38380.1333333333,10431,27949.1333333333,3.42523562537563,0.4,0,0.6,0,0.653469045240673,0,0,0
screening,coarse_016_024_compact__topK5__refine_safe_compact,coarse_016_024_compact,refine_safe_compact,5,0.16,0.24,0.08,0.12,0.32,0.48,"[0,0.36,0.48,0.72]","[0,0.36,0.48,0.72]",1,1,0.077310897728952,0.0667793005993393,1,1,131461,18402.4,10431,7971.4,7.1436877798548,0.4,0,0.6,0.6,0.685392246513451,0,0,0
screening,coarse_016_024_compact__topK5__refine_safe_fullsep,coarse_016_024_compact,refine_safe_fullsep,5,0.16,0.24,0.08,0.12,0.32,0.48,"[0,0.36,0.48,0.72]","[0,0.24,0.36,0.48,0.6,0.72]",1,1,0.077310897728952,0.0773108977289522,1,1,131461,22888.8,10431,12457.8,5.74346405228758,0,0,1,1,1.07591739072103,1,0,0
screening,coarse_016_024_compact__topK5__refine_small_compact,coarse_016_024_compact,refine_small_compact,5,0.16,0.24,0.08,0.12,0.16,0.24,"[0,0.36,0.48,0.72]","[0,0.36,0.48,0.72]",1,1,0.077310897728952,0.0667793005993393,1,1,131461,12206.6666666667,10431,1775.66666666667,10.7696067722556,0.4,0,0.6,0.6,0.703219984631031,0,0,0
screening,coarse_016_024_compact__topK5__refine_stage1_safe,coarse_016_024_compact,refine_stage1_safe,5,0.16,0.24,0.04,0.06,0.32,0.48,"[0,0.36,0.48,0.72]","[0,0.24,0.36,0.48,0.6,0.72]",1,1,0.077310897728952,0.0182032989911424,1,1,131461,96870.4,10431,86439.4,1.35708121366279,0,0,0.6,0,1.01326058385147,0,0,0
screening,coarse_016_024_compact__topK7__refine_mid_compact,coarse_016_024_compact,refine_mid_compact,7,0.16,0.24,0.08,0.12,0.24,0.36,"[0,0.36,0.48,0.72]","[0,0.36,0.48,0.72]",1,1,0.077310897728952,0.0667793005993393,1,1,131461,15255.8666666667,10431,4824.86666666667,8.61707845724923,0.4,0,0.6,0.6,0.693536004715183,0,0,0
screening,coarse_016_024_compact__topK7__refine_mid_finer,coarse_016_024_compact,refine_mid_finer,7,0.16,0.24,0.04,0.06,0.24,0.36,"[0,0.36,0.48,0.72]","[0,0.36,0.48,0.72]",1,1,0.077310897728952,0.0182032989911424,1,1,131461,42541.8666666667,10431,32110.8666666667,3.09015589348845,0.4,0,0.6,0,0.648998038944878,0,0,0
screening,coarse_016_024_compact__topK7__refine_safe_compact,coarse_016_024_compact,refine_safe_compact,7,0.16,0.24,0.08,0.12,0.32,0.48,"[0,0.36,0.48,0.72]","[0,0.36,0.48,0.72]",1,1,0.077310897728952,0.0667793005993393,1,1,131461,19308.6,10431,8877.6,6.80841697481951,0.4,0,0.6,0.6,0.683304614583061,0,0,0
screening,coarse_016_024_compact__topK7__refine_safe_fullsep,coarse_016_024_compact,refine_safe_fullsep,7,0.16,0.24,0.08,0.12,0.32,0.48,"[0,0.36,0.48,0.72]","[0,0.24,0.36,0.48,0.6,0.72]",1,1,0.077310897728952,0.0773108977289522,1,1,131461,24304.2,10431,13873.2,5.40898280955555,0,0,1,1,1.07331156012004,1,0,0
screening,coarse_016_024_compact__topK7__refine_small_compact,coarse_016_024_compact,refine_small_compact,7,0.16,0.24,0.08,0.12,0.16,0.24,"[0,0.36,0.48,0.72]","[0,0.36,0.48,0.72]",1,1,0.077310897728952,0.0667793005993393,1,1,131461,12538,10431,2107,10.4850055830276,0.4,0,0.6,0.6,0.702056866605338,0,0,0
screening,coarse_016_024_compact__topK7__refine_stage1_safe,coarse_016_024_compact,refine_stage1_safe,7,0.16,0.24,0.04,0.06,0.32,0.48,"[0,0.36,0.48,0.72]","[0,0.24,0.36,0.48,0.6,0.72]",1,1,0.077310897728952,0.0182032989911424,1,1,131461,107250.066666667,10431,96819.0666666667,1.22574282782109,0,0,0.6,0,1.00883993607419,0,0,0
screening,coarse_016_024_minsep__topK10__refine_mid_compact,coarse_016_024_minsep,refine_mid_compact,10,0.16,0.24,0.08,0.12,0.24,0.36,"[0,0.36,0.72]","[0,0.36,0.48,0.72]",1,1,0.077310897728952,0.0667793005993393,1,1,131461,13255.8666666667,7353,5902.86666666667,9.91719389653889,0.4,0,0.6,0.6,0.699638880444786,0,0,0
screening,coarse_016_024_minsep__topK10__refine_mid_finer,coarse_016_024_minsep,refine_mid_finer,10,0.16,0.24,0.04,0.06,0.24,0.36,"[0,0.36,0.72]","[0,0.36,0.48,0.72]",1,1,0.077310897728952,0.0182032989911424,1,1,131461,47266.5333333333,7353,39913.5333333333,2.78127018693988,0.4,0,0.6,0,0.644424318052088,0,0,0
screening,coarse_016_024_minsep__topK10__refine_safe_compact,coarse_016_024_minsep,refine_safe_compact,10,0.16,0.24,0.08,0.12,0.32,0.48,"[0,0.36,0.72]","[0,0.36,0.48,0.72]",1,1,0.077310897728952,0.0667793005993393,1,1,131461,17637,7353,10284,7.45370527867551,0.4,0,0.6,0.6,0.687237221664758,0,0,0
screening,coarse_016_024_minsep__topK10__refine_safe_fullsep,coarse_016_024_minsep,refine_safe_fullsep,10,0.16,0.24,0.08,0.12,0.32,0.48,"[0,0.36,0.72]","[0,0.24,0.36,0.48,0.6,0.72]",1,1,0.077310897728952,0.0773108977289522,1,1,131461,23408.6,7353,16055.6,5.61592747964423,0,0,1,1,1.07494214909676,1,0,0
screening,coarse_016_024_minsep__topK10__refine_small_compact,coarse_016_024_minsep,refine_small_compact,10,0.16,0.24,0.08,0.12,0.16,0.24,"[0,0.36,0.72]","[0,0.36,0.48,0.72]",1,1,0.077310897728952,0.0667793005993393,1,1,131461,10119.3333333333,7353,2766.33333333333,12.9910731932275,0.4,0,0.6,0.6,0.71136450296446,0,0,0
screening,coarse_016_024_minsep__topK10__refine_stage1_safe,coarse_016_024_minsep,refine_stage1_safe,10,0.16,0.24,0.04,0.06,0.32,0.48,"[0,0.36,0.72]","[0,0.24,0.36,0.48,0.6,0.72]",1,1,0.077310897728952,0.0182032989911424,1,1,131461,120862.333333333,7353,113509.333333333,1.08769205735451,0,0,0.6,0,1.0036505957199,0,0,0
screening,coarse_016_024_minsep__topK3__refine_mid_compact,coarse_016_024_minsep,refine_mid_compact,3,0.16,0.24,0.08,0.12,0.24,0.36,"[0,0.36,0.72]","[0,0.36,0.48,0.72]",1,1,0.077310897728952,0.0667793005993393,1,1,131461,11328.5333333333,7353,3975.53333333333,11.6044148109788,0.4,0,0.6,0.6,0.706462324468244,0,0,0
screening,coarse_016_024_minsep__topK3__refine_mid_finer,coarse_016_024_minsep,refine_mid_finer,3,0.16,0.24,0.04,0.06,0.24,0.36,"[0,0.36,0.72]","[0,0.36,0.48,0.72]",1,1,0.077310897728952,0.0182032989911424,1,1,131461,33530.6666666667,7353,26177.6666666667,3.92061993001432,0.4,0,0.6,0,0.659335474326987,0,0,0
screening,coarse_016_024_minsep__topK3__refine_safe_compact,coarse_016_024_minsep,refine_safe_compact,3,0.16,0.24,0.08,0.12,0.32,0.48,"[0,0.36,0.72]","[0,0.36,0.48,0.72]",1,1,0.077310897728952,0.0667793005993393,1,1,131461,14955.6,7353,7602.6,8.79008531921153,0.4,0,0.6,0.6,0.694399309048708,0,0,0
screening,coarse_016_024_minsep__topK3__refine_safe_fullsep,coarse_016_024_minsep,refine_safe_fullsep,3,0.16,0.24,0.08,0.12,0.32,0.48,"[0,0.36,0.72]","[0,0.24,0.36,0.48,0.6,0.72]",1,1,0.077310897728952,0.0773108977289522,1,1,131461,19244.4,7353,11891.4,6.83113009498867,0,0,1,1,1.0834492556305,1,0,1
screening,coarse_016_024_minsep__topK3__refine_small_compact,coarse_016_024_minsep,refine_small_compact,3,0.16,0.24,0.08,0.12,0.16,0.24,"[0,0.36,0.72]","[0,0.36,0.48,0.72]",1,1,0.077310897728952,0.0667793005993393,1,1,131461,8993.33333333333,7353,1640.33333333333,14.6176056338028,0.4,0,0.6,0.6,0.71648762409401,0,0,0
screening,coarse_016_024_minsep__topK3__refine_stage1_safe,coarse_016_024_minsep,refine_stage1_safe,3,0.16,0.24,0.04,0.06,0.32,0.48,"[0,0.36,0.72]","[0,0.24,0.36,0.48,0.6,0.72]",1,1,0.077310897728952,0.0182032989911424,1,1,131461,89529.8666666667,7353,82176.8666666667,1.46834799262518,0,0,0.6,0,1.01668289938407,0,0,0
screening,coarse_016_024_minsep__topK5__refine_mid_compact,coarse_016_024_minsep,refine_mid_compact,5,0.16,0.24,0.08,0.12,0.24,0.36,"[0,0.36,0.72]","[0,0.36,0.48,0.72]",1,1,0.077310897728952,0.0667793005993393,1,1,131461,12333.7333333333,7353,4980.73333333333,10.6586543139141,0.4,0,0.6,0.6,0.702770237721095,0,0,0
screening,coarse_016_024_minsep__topK5__refine_mid_finer,coarse_016_024_minsep,refine_mid_finer,5,0.16,0.24,0.04,0.06,0.24,0.36,"[0,0.36,0.72]","[0,0.36,0.48,0.72]",1,1,0.077310897728952,0.0182032989911424,1,1,131461,40556.8,7353,33203.8,3.24140464730945,0.4,0,0.6,0,0.65107332504472,0,0,0
screening,coarse_016_024_minsep__topK5__refine_safe_compact,coarse_016_024_minsep,refine_safe_compact,5,0.16,0.24,0.08,0.12,0.32,0.48,"[0,0.36,0.72]","[0,0.36,0.48,0.72]",1,1,0.077310897728952,0.0667793005993393,1,1,131461,16455.6666666667,7353,9102.66666666667,7.98879818502238,0.4,0,0.6,0.6,0.690248145004354,0,0,0
screening,coarse_016_024_minsep__topK5__refine_safe_fullsep,coarse_016_024_minsep,refine_safe_fullsep,5,0.16,0.24,0.08,0.12,0.32,0.48,"[0,0.36,0.72]","[0,0.24,0.36,0.48,0.6,0.72]",1,1,0.077310897728952,0.0773108977289522,1,1,131461,21577.1333333333,7353,14224.1333333333,6.09260729723133,0,0,1,1,1.07848031863073,1,0,1
screening,coarse_016_024_minsep__topK5__refine_small_compact,coarse_016_024_minsep,refine_small_compact,5,0.16,0.24,0.08,0.12,0.16,0.24,"[0,0.36,0.72]","[0,0.36,0.48,0.72]",1,1,0.077310897728952,0.0667793005993393,1,1,131461,9536.53333333333,7353,2183.53333333333,13.7849882556904,0.4,0,0.6,0.6,0.713940640043882,0,0,0
screening,coarse_016_024_minsep__topK5__refine_stage1_safe,coarse_016_024_minsep,refine_stage1_safe,5,0.16,0.24,0.04,0.06,0.32,0.48,"[0,0.36,0.72]","[0,0.24,0.36,0.48,0.6,0.72]",1,1,0.077310897728952,0.0182032989911424,1,1,131461,106834.6,7353,99481.6,1.23050959146194,0,0,0.6,0,1.00900850032503,0,0,0
screening,coarse_016_024_minsep__topK7__refine_mid_compact,coarse_016_024_minsep,refine_mid_compact,7,0.16,0.24,0.08,0.12,0.24,0.36,"[0,0.36,0.72]","[0,0.36,0.48,0.72]",1,1,0.077310897728952,0.0667793005993393,1,1,131461,12734.1333333333,7353,5381.13333333333,10.3235137059452,0.4,0,0.6,0.6,0.701382753870419,0,0,0
screening,coarse_016_024_minsep__topK7__refine_mid_finer,coarse_016_024_minsep,refine_mid_finer,7,0.16,0.24,0.04,0.06,0.24,0.36,"[0,0.36,0.72]","[0,0.36,0.48,0.72]",1,1,0.077310897728952,0.0182032989911424,1,1,131461,43403.4666666667,7353,36050.4666666667,3.02881336667424,0.4,0,0.6,0,0.648127251324018,0,0,0
screening,coarse_016_024_minsep__topK7__refine_safe_compact,coarse_016_024_minsep,refine_safe_compact,7,0.16,0.24,0.08,0.12,0.32,0.48,"[0,0.36,0.72]","[0,0.36,0.48,0.72]",1,1,0.077310897728952,0.0667793005993393,1,1,131461,17033.9333333333,7353,9680.93333333333,7.71759507492887,0.4,0,0.6,0.6,0.688748198836633,0,0,0
screening,coarse_016_024_minsep__topK7__refine_safe_fullsep,coarse_016_024_minsep,refine_safe_fullsep,7,0.16,0.24,0.08,0.12,0.32,0.48,"[0,0.36,0.72]","[0,0.24,0.36,0.48,0.6,0.72]",1,1,0.077310897728952,0.0773108977289522,1,1,131461,22478.0666666667,7353,15125.0666666667,5.84841222999606,0,0,1,1,1.07670379766213,1,0,1
screening,coarse_016_024_minsep__topK7__refine_small_compact,coarse_016_024_minsep,refine_small_compact,7,0.16,0.24,0.08,0.12,0.16,0.24,"[0,0.36,0.72]","[0,0.36,0.48,0.72]",1,1,0.077310897728952,0.0667793005993393,1,1,131461,9772.66666666667,7353,2419.66666666667,13.451906678491,0.4,0,0.6,0.6,0.712878384577039,0,0,0
screening,coarse_016_024_minsep__topK7__refine_stage1_safe,coarse_016_024_minsep,refine_stage1_safe,7,0.16,0.24,0.04,0.06,0.32,0.48,"[0,0.36,0.72]","[0,0.24,0.36,0.48,0.6,0.72]",1,1,0.077310897728952,0.0182032989911424,1,1,131461,113497.8,7353,106144.8,1.15826914706717,0,0,0.6,0,1.00638094881516,0,0,0
screening,coarse_020_030_compact__topK10__refine_mid_compact,coarse_020_030_compact,refine_mid_compact,10,0.2,0.3,0.08,0.12,0.24,0.36,"[0,0.36,0.48,0.72]","[0,0.36,0.48,0.72]",1,1,0.077310897728952,0.0182032989911424,1,1,131461,17524.9333333333,5640,11884.9333333333,7.50136947739221,0.4,0,0.6,0,0.68751405570158,0,0,0
screening,coarse_020_030_compact__topK10__refine_mid_finer,coarse_020_030_compact,refine_mid_finer,10,0.2,0.3,0.04,0.06,0.24,0.36,"[0,0.36,0.48,0.72]","[0,0.36,0.48,0.72]",1,1,0.077310897728952,0.0182032989911424,1,1,131461,43426.8,5640,37786.8,3.02718597732276,0.4,0,0.6,0,0.648103910296646,0,0,0
screening,coarse_020_030_compact__topK10__refine_safe_compact,coarse_020_030_compact,refine_safe_compact,10,0.2,0.3,0.08,0.12,0.32,0.48,"[0,0.36,0.48,0.72]","[0,0.36,0.48,0.72]",1,1,0.077310897728952,0.0182032989911424,1,1,131461,29739.5333333333,5640,24099.5333333333,4.42041233554438,0.4,0,0.6,0,0.664546278217699,0,0,0
screening,coarse_020_030_compact__topK10__refine_safe_fullsep,coarse_020_030_compact,refine_safe_fullsep,10,0.2,0.3,0.08,0.12,0.32,0.48,"[0,0.36,0.48,0.72]","[0,0.24,0.36,0.48,0.6,0.72]",1,1,0.077310897728952,0.0182032989911424,1,1,131461,43559,5640,37919,3.01799857664317,0,0,0.6,0,1.04797190306165,1,0,0
screening,coarse_020_030_compact__topK10__refine_small_compact,coarse_020_030_compact,refine_small_compact,10,0.2,0.3,0.08,0.12,0.16,0.24,"[0,0.36,0.48,0.72]","[0,0.36,0.48,0.72]",1,1,0.077310897728952,0.0182032989911424,1,1,131461,10176,5640,4536,12.918730345912,0.4,0,0.6,0,0.711121983325198,0,0,0
screening,coarse_020_030_compact__topK10__refine_stage1_safe,coarse_020_030_compact,refine_stage1_safe,10,0.2,0.3,0.04,0.06,0.32,0.48,"[0,0.36,0.48,0.72]","[0,0.24,0.36,0.48,0.6,0.72]",1,1,0.077310897728952,0.0182032989911424,1,1,131461,114154.066666667,5640,108514.066666667,1.15161030910857,0,0,0.6,0,1.00613055439873,0,0,0
screening,coarse_020_030_compact__topK3__refine_mid_compact,coarse_020_030_compact,refine_mid_compact,3,0.2,0.3,0.08,0.12,0.24,0.36,"[0,0.36,0.48,0.72]","[0,0.36,0.48,0.72]",1,1,0.077310897728952,0.0182032989911424,1,1,131461,9961.8,5640,4321.8,13.1965106707623,0.4,0,0.6,0,0.71204591132694,0,0,0
screening,coarse_020_030_compact__topK3__refine_mid_finer,coarse_020_030_compact,refine_mid_finer,3,0.2,0.3,0.04,0.06,0.24,0.36,"[0,0.36,0.48,0.72]","[0,0.36,0.48,0.72]",1,1,0.077310897728952,0.0182032989911424,1,1,131461,27207,5640,21567,4.83188150108428,0.4,0,0.6,0,0.668411627493918,0,0,0
screening,coarse_020_030_compact__topK3__refine_safe_compact,coarse_020_030_compact,refine_safe_compact,3,0.2,0.3,0.08,0.12,0.32,0.48,"[0,0.36,0.48,0.72]","[0,0.36,0.48,0.72]",1,1,0.077310897728952,0.0182032989911424,1,1,131461,14812.8,5640,9172.8,8.87482447612875,0.4,0,0.6,0,0.694815977245361,0,0,0
screening,coarse_020_030_compact__topK3__refine_safe_fullsep,coarse_020_030_compact,refine_safe_fullsep,3,0.2,0.3,0.08,0.12,0.32,0.48,"[0,0.36,0.48,0.72]","[0,0.24,0.36,0.48,0.6,0.72]",1,1,0.077310897728952,0.0182032989911424,1,1,131461,20054.4,5640,14414.4,6.55521980213818,0,0,0.6,0,1.08165872585364,1,0,1
screening,coarse_020_030_compact__topK3__refine_small_compact,coarse_020_030_compact,refine_small_compact,3,0.2,0.3,0.08,0.12,0.16,0.24,"[0,0.36,0.48,0.72]","[0,0.36,0.48,0.72]",1,1,0.077310897728952,0.0182032989911424,1,1,131461,7215,5640,1575,18.2205128205128,0.4,0,0.6,0,0.726056059612681,0,0,0
screening,coarse_020_030_compact__topK3__refine_stage1_safe,coarse_020_030_compact,refine_stage1_safe,3,0.2,0.3,0.04,0.06,0.32,0.48,"[0,0.36,0.48,0.72]","[0,0.24,0.36,0.48,0.6,0.72]",1,1,0.077310897728952,0.0182032989911424,1,1,131461,76774.8,5640,71134.8,1.71229361717647,0,0,0.6,0,1.02335782377862,1,0,0
screening,coarse_020_030_compact__topK5__refine_mid_compact,coarse_020_030_compact,refine_mid_compact,5,0.2,0.3,0.08,0.12,0.24,0.36,"[0,0.36,0.48,0.72]","[0,0.36,0.48,0.72]",1,1,0.077310897728952,0.0182032989911424,1,1,131461,12829.9333333333,5640,7189.93333333333,10.2464289240266,0.4,0,0.6,0,0.701057253184863,0,0,0
screening,coarse_020_030_compact__topK5__refine_mid_finer,coarse_020_030_compact,refine_mid_finer,5,0.2,0.3,0.04,0.06,0.24,0.36,"[0,0.36,0.48,0.72]","[0,0.36,0.48,0.72]",1,1,0.077310897728952,0.0182032989911424,1,1,131461,33972.2,5640,28332.2,3.8696640194041,0.4,0,0.6,0,0.658767325937212,0,0,0
screening,coarse_020_030_compact__topK5__refine_safe_compact,coarse_020_030_compact,refine_safe_compact,5,0.2,0.3,0.08,0.12,0.32,0.48,"[0,0.36,0.48,0.72]","[0,0.36,0.48,0.72]",1,1,0.077310897728952,0.0182032989911424,1,1,131461,20817.4666666667,5640,15177.4666666667,6.31493745636677,0.4,0,0.6,0,0.680036905362622,0,0,0
screening,coarse_020_030_compact__topK5__refine_safe_fullsep,coarse_020_030_compact,refine_safe_fullsep,5,0.2,0.3,0.08,0.12,0.32,0.48,"[0,0.36,0.48,0.72]","[0,0.24,0.36,0.48,0.6,0.72]",1,1,0.077310897728952,0.0182032989911424,1,1,131461,29496.4,5640,23856.4,4.4568489713999,0,0,0.6,0,1.06490279174609,1,0,0
screening,coarse_020_030_compact__topK5__refine_small_compact,coarse_020_030_compact,refine_small_compact,5,0.2,0.3,0.08,0.12,0.16,0.24,"[0,0.36,0.48,0.72]","[0,0.36,0.48,0.72]",1,1,0.077310897728952,0.0182032989911424,1,1,131461,8265,5640,2625,15.9057471264368,0.4,0,0.6,0,0.720155407364886,0,0,0
screening,coarse_020_030_compact__topK5__refine_stage1_safe,coarse_020_030_compact,refine_stage1_safe,5,0.2,0.3,0.04,0.06,0.32,0.48,"[0,0.36,0.48,0.72]","[0,0.24,0.36,0.48,0.6,0.72]",1,1,0.077310897728952,0.0182032989911424,1,1,131461,94091.7333333333,5640,88451.7333333333,1.39715780911678,0,0,0.6,0,1.01452454624906,0,0,0
screening,coarse_020_030_compact__topK7__refine_mid_compact,coarse_020_030_compact,refine_mid_compact,7,0.2,0.3,0.08,0.12,0.24,0.36,"[0,0.36,0.48,0.72]","[0,0.36,0.48,0.72]",1,1,0.077310897728952,0.0182032989911424,1,1,131461,14973.6666666667,5640,9333.66666666667,8.77947953073173,0.4,0,0.6,0,0.694346877061782,0,0,0
screening,coarse_020_030_compact__topK7__refine_mid_finer,coarse_020_030_compact,refine_mid_finer,7,0.2,0.3,0.04,0.06,0.24,0.36,"[0,0.36,0.48,0.72]","[0,0.36,0.48,0.72]",1,1,0.077310897728952,0.0182032989911424,1,1,131461,38586.0666666667,5640,32946.0666666667,3.40695518762386,0.4,0,0.6,0,0.653236642124159,0,0,0
screening,coarse_020_030_compact__topK7__refine_safe_compact,coarse_020_030_compact,refine_safe_compact,7,0.2,0.3,0.08,0.12,0.32,0.48,"[0,0.36,0.48,0.72]","[0,0.36,0.48,0.72]",1,1,0.077310897728952,0.0182032989911424,1,1,131461,24754.4,5640,19114.4,5.31061144685389,0.4,0,0.6,0,0.672514452724095,0,0,0
screening,coarse_020_030_compact__topK7__refine_safe_fullsep,coarse_020_030_compact,refine_safe_fullsep,7,0.2,0.3,0.08,0.12,0.32,0.48,"[0,0.36,0.48,0.72]","[0,0.24,0.36,0.48,0.6,0.72]",1,1,0.077310897728952,0.0182032989911424,1,1,131461,35697.6,5640,30057.6,3.68262852404643,0,0,0.6,0,1.05661579126933,1,0,0
screening,coarse_020_030_compact__topK7__refine_small_compact,coarse_020_030_compact,refine_small_compact,7,0.2,0.3,0.08,0.12,0.16,0.24,"[0,0.36,0.48,0.72]","[0,0.36,0.48,0.72]",1,1,0.077310897728952,0.0182032989911424,1,1,131461,9198.33333333333,5640,3558.33333333333,14.2918282297518,0.4,0,0.6,0,0.71550877878747,0,0,0
screening,coarse_020_030_compact__topK7__refine_stage1_safe,coarse_020_030_compact,refine_stage1_safe,7,0.2,0.3,0.04,0.06,0.32,0.48,"[0,0.36,0.48,0.72]","[0,0.24,0.36,0.48,0.6,0.72]",1,1,0.077310897728952,0.0182032989911424,1,1,131461,104605.066666667,5640,98965.0666666667,1.25673644871249,0,0,0.6,0,1.00992442109631,0,0,0
screening,coarse_020_030_minsep__topK10__refine_mid_compact,coarse_020_030_minsep,refine_mid_compact,10,0.2,0.3,0.08,0.12,0.24,0.36,"[0,0.36,0.72]","[0,0.36,0.48,0.72]",1,1,0.077310897728952,0.0182032989911424,1,1,131461,20049.1333333333,3960,16089.1333333333,6.55694177969455,0.4,0,0.6,0,0.681670132750216,0,0,0
screening,coarse_020_030_minsep__topK10__refine_mid_finer,coarse_020_030_minsep,refine_mid_finer,10,0.2,0.3,0.04,0.06,0.24,0.36,"[0,0.36,0.72]","[0,0.36,0.48,0.72]",1,1,0.077310897728952,0.0182032989911424,1,1,131461,49945.6666666667,3960,45985.6666666667,2.63208019381061,0.4,0,0.6,0,0.642029911716033,0,0,0
screening,coarse_020_030_minsep__topK10__refine_safe_compact,coarse_020_030_minsep,refine_safe_compact,10,0.2,0.3,0.08,0.12,0.32,0.48,"[0,0.36,0.72]","[0,0.36,0.48,0.72]",1,1,0.077310897728952,0.0182032989911424,1,1,131461,36172.1333333333,3960,32212.1333333333,3.63431702489209,0.4,0,0.6,0,0.656042280854054,0,0,0
screening,coarse_020_030_minsep__topK10__refine_safe_fullsep,coarse_020_030_minsep,refine_safe_fullsep,10,0.2,0.3,0.08,0.12,0.32,0.48,"[0,0.36,0.72]","[0,0.24,0.36,0.48,0.6,0.72]",1,1,0.077310897728952,0.0182032989911424,1,1,131461,54664.4,3960,50704.4,2.40487410453604,0,0,0.6,0,1.03810923459338,1,0,0
screening,coarse_020_030_minsep__topK10__refine_small_compact,coarse_020_030_minsep,refine_small_compact,10,0.2,0.3,0.08,0.12,0.16,0.24,"[0,0.36,0.72]","[0,0.36,0.48,0.72]",1,1,0.077310897728952,0.0182032989911424,1,1,131461,10187.6666666667,3960,6227.66666666667,12.9039361319242,0.4,0,0.6,0,0.711072220484421,0,0,0
screening,coarse_020_030_minsep__topK10__refine_stage1_safe,coarse_020_030_minsep,refine_stage1_safe,10,0.2,0.3,0.04,0.06,0.32,0.48,"[0,0.36,0.72]","[0,0.24,0.36,0.48,0.6,0.72]",1,1,0.077310897728952,0.0182032989911424,1,1,131461,129761.733333333,3960,125801.733333333,1.01309528335524,0,0,0.6,0,1.00056502934248,0,0,0
screening,coarse_020_030_minsep__topK3__refine_mid_compact,coarse_020_030_minsep,refine_mid_compact,3,0.2,0.3,0.08,0.12,0.24,0.36,"[0,0.36,0.72]","[0,0.36,0.48,0.72]",1,1,0.077310897728952,0.0182032989911424,1,1,131461,10362.6666666667,3960,6402.66666666667,12.6860203293875,0.4,0,0.6,0,0.710332540302028,0,0,0
screening,coarse_020_030_minsep__topK3__refine_mid_finer,coarse_020_030_minsep,refine_mid_finer,3,0.2,0.3,0.04,0.06,0.24,0.36,"[0,0.36,0.72]","[0,0.36,0.48,0.72]",1,1,0.077310897728952,0.0182032989911424,1,1,131461,30653.3333333333,3960,26693.3333333333,4.28863636363636,0.4,0,0.6,0,0.663231922367874,0,0,0
screening,coarse_020_030_minsep__topK3__refine_safe_compact,coarse_020_030_minsep,refine_safe_compact,3,0.2,0.3,0.08,0.12,0.32,0.48,"[0,0.36,0.72]","[0,0.36,0.48,0.72]",1,1,0.077310897728952,0.0182032989911424,1,1,131461,17530.2,3960,13570.2,7.49911581157089,0.4,0,0.6,0,0.687501006061935,0,0,0
screening,coarse_020_030_minsep__topK3__refine_safe_fullsep,coarse_020_030_minsep,refine_safe_fullsep,3,0.2,0.3,0.08,0.12,0.32,0.48,"[0,0.36,0.72]","[0,0.24,0.36,0.48,0.6,0.72]",1,1,0.077310897728952,0.0182032989911424,1,1,131461,25284.6,3960,21324.6,5.19925171843731,0,0,0.6,0,1.07159408440314,1,0,0
screening,coarse_020_030_minsep__topK3__refine_small_compact,coarse_020_030_minsep,refine_small_compact,3,0.2,0.3,0.08,0.12,0.16,0.24,"[0,0.36,0.72]","[0,0.36,0.48,0.72]",1,1,0.077310897728952,0.0182032989911424,1,1,131461,6293.33333333333,3960,2333.33333333333,20.8889300847458,0.4,0,0.6,0,0.731991619631393,0,0,0
screening,coarse_020_030_minsep__topK3__refine_stage1_safe,coarse_020_030_minsep,refine_stage1_safe,3,0.2,0.3,0.04,0.06,0.32,0.48,"[0,0.36,0.72]","[0,0.24,0.36,0.48,0.6,0.72]",1,1,0.077310897728952,0.0182032989911424,1,1,131461,88646.0666666667,3960,84686.0666666667,1.48298740083222,0,0,0.6,0,1.0171137461364,0,0,0
screening,coarse_020_030_minsep__topK5__refine_mid_compact,coarse_020_030_minsep,refine_mid_compact,5,0.2,0.3,0.08,0.12,0.24,0.36,"[0,0.36,0.72]","[0,0.36,0.48,0.72]",1,1,0.077310897728952,0.0182032989911424,1,1,131461,13293.6666666667,3960,9333.66666666667,9.88899475940924,0.4,0,0.6,0,0.699515214674076,0,0,0
screening,coarse_020_030_minsep__topK5__refine_mid_finer,coarse_020_030_minsep,refine_mid_finer,5,0.2,0.3,0.04,0.06,0.24,0.36,"[0,0.36,0.72]","[0,0.36,0.48,0.72]",1,1,0.077310897728952,0.0182032989911424,1,1,131461,36906.0666666667,3960,32946.0666666667,3.5620430967989,0.4,0,0.6,0,0.655169916964399,0,0,0
screening,coarse_020_030_minsep__topK5__refine_safe_compact,coarse_020_030_minsep,refine_safe_compact,5,0.2,0.3,0.08,0.12,0.32,0.48,"[0,0.36,0.72]","[0,0.36,0.48,0.72]",1,1,0.077310897728952,0.0182032989911424,1,1,131461,23074.4,3960,19114.4,5.69726623444163,0.4,0,0.6,0,0.675566651460277,0,0,0
screening,coarse_020_030_minsep__topK5__refine_safe_fullsep,coarse_020_030_minsep,refine_safe_fullsep,5,0.2,0.3,0.08,0.12,0.32,0.48,"[0,0.36,0.72]","[0,0.24,0.36,0.48,0.6,0.72]",1,1,0.077310897728952,0.0182032989911424,1,1,131461,34017.6,3960,30057.6,3.86449955317248,0,0,0.6,0,1.05870932614192,1,0,0
screening,coarse_020_030_minsep__topK5__refine_small_compact,coarse_020_030_minsep,refine_small_compact,5,0.2,0.3,0.08,0.12,0.16,0.24,"[0,0.36,0.72]","[0,0.36,0.48,0.72]",1,1,0.077310897728952,0.0182032989911424,1,1,131461,7518.33333333333,3960,3558.33333333333,17.4853912657947,0.4,0,0.6,0,0.724267535484226,0,0,0
screening,coarse_020_030_minsep__topK5__refine_stage1_safe,coarse_020_030_minsep,refine_stage1_safe,5,0.2,0.3,0.04,0.06,0.32,0.48,"[0,0.36,0.72]","[0,0.24,0.36,0.48,0.6,0.72]",1,1,0.077310897728952,0.0182032989911424,1,1,131461,102925.066666667,3960,98965.0666666667,1.27724959776562,0,0,0.6,0,1.01062757745853,0,0,0
screening,coarse_020_030_minsep__topK7__refine_mid_compact,coarse_020_030_minsep,refine_mid_compact,7,0.2,0.3,0.08,0.12,0.24,0.36,"[0,0.36,0.72]","[0,0.36,0.48,0.72]",1,1,0.077310897728952,0.0182032989911424,1,1,131461,16181.4,3960,12221.4,8.12420433337041,0.4,0,0.6,0,0.690978083789122,0,0,0
screening,coarse_020_030_minsep__topK7__refine_mid_finer,coarse_020_030_minsep,refine_mid_finer,7,0.2,0.3,0.04,0.06,0.24,0.36,"[0,0.36,0.72]","[0,0.36,0.48,0.72]",1,1,0.077310897728952,0.0182032989911424,1,1,131461,42969.4666666667,3960,39009.4666666667,3.05940497283342,0.4,0,0.6,0,0.648563696826481,0,0,0
screening,coarse_020_030_minsep__topK7__refine_safe_compact,coarse_020_030_minsep,refine_safe_compact,7,0.2,0.3,0.08,0.12,0.32,0.48,"[0,0.36,0.72]","[0,0.36,0.48,0.72]",1,1,0.077310897728952,0.0182032989911424,1,1,131461,28825.1333333333,3960,24865.1333333333,4.56063805429058,0.4,0,0.6,0,0.665902560671545,0,0,0
screening,coarse_020_030_minsep__topK7__refine_safe_fullsep,coarse_020_030_minsep,refine_safe_fullsep,7,0.2,0.3,0.08,0.12,0.32,0.48,"[0,0.36,0.72]","[0,0.24,0.36,0.48,0.6,0.72]",1,1,0.077310897728952,0.0182032989911424,1,1,131461,43079,3960,39119,3.05162608231389,0,0,0.6,0,1.04845313181635,1,0,0
screening,coarse_020_030_minsep__topK7__refine_small_compact,coarse_020_030_minsep,refine_small_compact,7,0.2,0.3,0.08,0.12,0.16,0.24,"[0,0.36,0.72]","[0,0.36,0.48,0.72]",1,1,0.077310897728952,0.0182032989911424,1,1,131461,8612.66666666667,3960,4652.66666666667,15.2636813994891,0.4,0,0.6,0,0.718365929237785,0,0,0
screening,coarse_020_030_minsep__topK7__refine_stage1_safe,coarse_020_030_minsep,refine_stage1_safe,7,0.2,0.3,0.04,0.06,0.32,0.48,"[0,0.36,0.72]","[0,0.24,0.36,0.48,0.6,0.72]",1,1,0.077310897728952,0.0182032989911424,1,1,131461,116154.4,3960,112194.4,1.13177804715103,0,0,0.6,0,1.00537612657668,0,0,0
confirmation,coarse_016_024_compact__topK3__refine_safe_fullsep,coarse_016_024_compact,refine_safe_fullsep,3,0.16,0.24,0.08,0.12,0.32,0.48,"[0,0.36,0.48,0.72]","[0,0.24,0.36,0.48,0.6,0.72]",1,1,0.0765589261213525,0.0765589261213527,1,1,131461,21177.8,10431,10746.8,6.2074908630736,0,0,1,1,1.07929160889806,1,1,1
confirmation,coarse_016_024_minsep__topK3__refine_safe_fullsep,coarse_016_024_minsep,refine_safe_fullsep,3,0.16,0.24,0.08,0.12,0.32,0.48,"[0,0.36,0.72]","[0,0.24,0.36,0.48,0.6,0.72]",1,1,0.0765589261213525,0.0765589261213527,1,1,131461,19161.9,7353,11808.9,6.86054096931933,0,0,1,1,1.08363583621684,1,1,1
confirmation,coarse_016_024_minsep__topK5__refine_safe_fullsep,coarse_016_024_minsep,refine_safe_fullsep,5,0.16,0.24,0.08,0.12,0.32,0.48,"[0,0.36,0.72]","[0,0.24,0.36,0.48,0.6,0.72]",1,1,0.0765589261213525,0.0765589261213527,1,1,131461,21165.7,7353,13812.7,6.21103955928696,0,0,1,1,1.07931642953581,1,1,1
confirmation,coarse_016_024_minsep__topK7__refine_safe_fullsep,coarse_016_024_minsep,refine_safe_fullsep,7,0.16,0.24,0.08,0.12,0.32,0.48,"[0,0.36,0.72]","[0,0.24,0.36,0.48,0.6,0.72]",1,1,0.0765589261213525,0.0765589261213527,1,1,131461,22127.42,7353,14774.42,5.94109028526597,0,0,1,1,1.07738661522917,1,1,1
confirmation,coarse_020_030_compact__topK3__refine_safe_fullsep,coarse_020_030_compact,refine_safe_fullsep,3,0.2,0.3,0.08,0.12,0.32,0.48,"[0,0.36,0.48,0.72]","[0,0.24,0.36,0.48,0.6,0.72]",1,1,0.0765589261213525,0.018545217765351,1,1,131461,20054.4,5640,14414.4,6.55521980213818,0,0,0.56,0,1.08165872585364,1,1,1
