stress_group,case_name,stress_value,beta_true,phase_true_deg,rho,route_name,K_phi,P_phi,sep_factor,theta_sep_deg,snr_db,raw_success_rate,tol_success_rate_abs01,tol_success_rate_rel025,rmse_deg,mean_pair_sep_error,mean_pair_center_error,snr90_abs01,snr90_abs01_label,snr90_rel025,snr90_rel025_label,failure_rate,mean_beta_hat,std_beta_hat,mean_beta_error,mean_abs_beta_error,mean_phi_hat_deg,std_phi_hat_deg,mean_phi_error_deg,mean_abs_phi_error_deg,q_grid_hit_boundary_rate,angle_swap_rate,objective_true_rank_median,objective_true_rank_p90,objective_margin_true_vs_best,mean_alpha_hat,mean_sigma2_hat,model_mismatch_flag
amplitude_ratio,beta_1,1,1,0,1,center_real,28,38,10,0.2637754449,-4,0,0,0,NaN,NaN,NaN,NaN,NaN,NaN,NaN,1,NaN,0,NaN,NaN,NaN,0,NaN,NaN,NaN,NaN,NaN,NaN,NaN,NaN,NaN,false
amplitude_ratio,beta_1,1,1,0,1,center_real,28,38,10,0.2637754449,8,0,0,0,NaN,NaN,NaN,NaN,NaN,NaN,NaN,1,NaN,0,NaN,NaN,NaN,0,NaN,NaN,NaN,NaN,NaN,NaN,NaN,NaN,NaN,false
amplitude_ratio,beta_1,1,1,0,1,min_den_fb,28,38,10,0.2637754449,-4,0,0,0,NaN,NaN,NaN,NaN,NaN,NaN,NaN,1,NaN,0,NaN,NaN,NaN,0,NaN,NaN,NaN,NaN,NaN,NaN,NaN,NaN,NaN,false
amplitude_ratio,beta_1,1,1,0,1,min_den_fb,28,38,10,0.2637754449,8,0,0,0,NaN,NaN,NaN,NaN,NaN,NaN,NaN,1,NaN,0,NaN,NaN,NaN,0,NaN,NaN,NaN,NaN,NaN,NaN,NaN,NaN,NaN,false
amplitude_ratio,beta_1,1,1,0,1,covfit_rank1_equal_phase,28,38,10,0.2637754449,-4,1,0.98,0.89,0.04122445667,0.06522856229,0.0006,-4,<= -4 dB,0,0 dB,0.02,NaN,0,NaN,NaN,NaN,0,NaN,NaN,NaN,NaN,1,4,1.015087531e-06,NaN,NaN,false
amplitude_ratio,beta_1,1,1,0,1,covfit_rank1_equal_phase,28,38,10,0.2637754449,8,1,1,1,0.01880086099,0.03181227753,0,-4,<= -4 dB,0,0 dB,0,NaN,0,NaN,NaN,NaN,0,NaN,NaN,NaN,NaN,1,1,1.305253115e-07,NaN,NaN,false
amplitude_ratio,beta_1,1,1,0,1,covfit_rank1_complex_gain_grid,28,38,10,0.2637754449,-4,1,0.44,0.34,0.1261353416,0.1222020356,0.0758,NaN,NaN,NaN,NaN,0.56,0.685,0.5428397554,-0.315,0.553,34.2,70.61416289,-34.2,34.2,1,0,17.5,58,2.128068096e-06,4988.319944,9.951192965,false
amplitude_ratio,beta_1,1,1,0,1,covfit_rank1_complex_gain_grid,28,38,10,0.2637754449,0,1,0.21,0.12,0.1537080806,0.1200816796,0.12425,NaN,NaN,NaN,NaN,0.79,0.232,0.1690443729,-0.768,0.768,1.8,17.90977387,-1.8,1.8,1,0,9,34.5,8.355689383e-07,2597.409259,3.956005496,false
amplitude_ratio,beta_1,1,1,0,1,covfit_rank1_complex_gain_grid,28,38,10,0.2637754449,4,1,0.16,0.1,0.180111351,0.1485541352,0.146975,NaN,NaN,NaN,NaN,0.84,0.189,0.1567769116,-0.811,0.811,0,0,0,0,1,0,8,21,4.033618358e-07,2636.161233,1.573828566,false
amplitude_ratio,beta_1,1,1,0,1,covfit_rank1_complex_gain_grid,28,38,10,0.2637754449,8,1,0.21,0.08,0.188730364,0.1597520996,0.150125,NaN,NaN,NaN,NaN,0.79,0.205,0.1538668255,-0.795,0.795,0,0,0,0,1,0,6,13.5,1.208113474e-07,2574.843097,0.6255755473,false
amplitude_ratio,beta_0p8,0.8,0.8,0,1,center_real,28,38,10,0.2637754449,-4,0,0,0,NaN,NaN,NaN,NaN,NaN,NaN,NaN,1,NaN,0,NaN,NaN,NaN,0,NaN,NaN,NaN,NaN,NaN,NaN,NaN,NaN,NaN,true
amplitude_ratio,beta_0p8,0.8,0.8,0,1,center_real,28,38,10,0.2637754449,8,0,0,0,NaN,NaN,NaN,NaN,NaN,NaN,NaN,1,NaN,0,NaN,NaN,NaN,0,NaN,NaN,NaN,NaN,NaN,NaN,NaN,NaN,NaN,true
amplitude_ratio,beta_0p8,0.8,0.8,0,1,min_den_fb,28,38,10,0.2637754449,-4,0,0,0,NaN,NaN,NaN,NaN,NaN,NaN,NaN,1,NaN,0,NaN,NaN,NaN,0,NaN,NaN,NaN,NaN,NaN,NaN,NaN,NaN,NaN,true
amplitude_ratio,beta_0p8,0.8,0.8,0,1,min_den_fb,28,38,10,0.2637754449,8,0,0,0,NaN,NaN,NaN,NaN,NaN,NaN,NaN,1,NaN,0,NaN,NaN,NaN,0,NaN,NaN,NaN,NaN,NaN,NaN,NaN,NaN,NaN,true
amplitude_ratio,beta_0p8,0.8,0.8,0,1,covfit_rank1_equal_phase,28,38,10,0.2637754449,-4,1,0.93,0.78,0.04319458744,0.0621744911,0.014725,-4,<= -4 dB,0,0 dB,0.07,NaN,0,NaN,NaN,NaN,0,NaN,NaN,NaN,NaN,44.5,51,5.566631711e-05,NaN,NaN,true
amplitude_ratio,beta_0p8,0.8,0.8,0,1,covfit_rank1_equal_phase,28,38,10,0.2637754449,8,1,0.99,0.98,0.02724955286,0.03524796441,0.014925,-4,<= -4 dB,0,0 dB,0.01,NaN,0,NaN,NaN,NaN,0,NaN,NaN,NaN,NaN,45,46,5.451298416e-05,NaN,NaN,true
amplitude_ratio,beta_0p8,0.8,0.8,0,1,covfit_rank1_complex_gain_grid,28,38,10,0.2637754449,-4,1,0.55,0.41,0.1042256721,0.1044275445,0.054425,NaN,NaN,NaN,NaN,0.45,0.554,0.3910038363,-0.246,0.364,66.6,86.90477547,-66.6,66.6,1,0.09,19,67,2.379470565e-06,4925.118438,8.046031269,true
amplitude_ratio,beta_0p8,0.8,0.8,0,1,covfit_rank1_complex_gain_grid,28,38,10,0.2637754449,0,1,0.58,0.2,0.1037882891,0.08373880423,0.0759,NaN,NaN,NaN,NaN,0.42,0.302,0.2345122598,-0.498,0.52,1.8,17.90977387,-1.8,1.8,1,0.02,12,37.5,9.376914829e-07,1876.879592,3.201844299,true
amplitude_ratio,beta_0p8,0.8,0.8,0,1,covfit_rank1_complex_gain_grid,28,38,10,0.2637754449,4,1,0.43,0.07,0.1191519542,0.09418575084,0.09345,NaN,NaN,NaN,NaN,0.57,0.219,0.1254551713,-0.581,0.581,0,0,0,0,1,0,8,13.5,3.022761174e-07,2006.95556,1.27534864,true
amplitude_ratio,beta_0p8,0.8,0.8,0,1,covfit_rank1_complex_gain_grid,28,38,10,0.2637754449,8,1,0.33,0.03,0.1327799502,0.09258167965,0.10925,NaN,NaN,NaN,NaN,0.67,0.17,0.1004987562,-0.63,0.63,0,0,0,0,1,0,8,12,1.129885679e-07,2157.647321,0.5077612363,true
amplitude_ratio,beta_0p5,0.5,0.5,0,1,center_real,28,38,10,0.2637754449,-4,0,0,0,NaN,NaN,NaN,NaN,NaN,NaN,NaN,1,NaN,0,NaN,NaN,NaN,0,NaN,NaN,NaN,NaN,NaN,NaN,NaN,NaN,NaN,true
amplitude_ratio,beta_0p5,0.5,0.5,0,1,center_real,28,38,10,0.2637754449,8,0,0,0,NaN,NaN,NaN,NaN,NaN,NaN,NaN,1,NaN,0,NaN,NaN,NaN,0,NaN,NaN,NaN,NaN,NaN,NaN,NaN,NaN,NaN,true
amplitude_ratio,beta_0p5,0.5,0.5,0,1,min_den_fb,28,38,10,0.2637754449,-4,0,0,0,NaN,NaN,NaN,NaN,NaN,NaN,NaN,1,NaN,0,NaN,NaN,NaN,0,NaN,NaN,NaN,NaN,NaN,NaN,NaN,NaN,NaN,true
amplitude_ratio,beta_0p5,0.5,0.5,0,1,min_den_fb,28,38,10,0.2637754449,8,0,0,0,NaN,NaN,NaN,NaN,NaN,NaN,NaN,1,NaN,0,NaN,NaN,NaN,0,NaN,NaN,NaN,NaN,NaN,NaN,NaN,NaN,NaN,true
amplitude_ratio,beta_0p5,0.5,0.5,0,1,covfit_rank1_equal_phase,28,38,10,0.2637754449,-4,1,0.84,0.41,0.06017764435,0.0636989822,0.044225,4,4 dB,NaN,NaN,0.16,NaN,0,NaN,NaN,NaN,0,NaN,NaN,NaN,NaN,166.5,172,0.0004868263268,NaN,NaN,true
amplitude_ratio,beta_0p5,0.5,0.5,0,1,covfit_rank1_equal_phase,28,38,10,0.2637754449,8,1,0.92,0.64,0.05252605184,0.04238466907,0.043725,4,4 dB,NaN,NaN,0.08,NaN,0,NaN,NaN,NaN,0,NaN,NaN,NaN,NaN,164,169,0.000487668466,NaN,NaN,true
amplitude_ratio,beta_0p5,0.5,0.5,0,1,covfit_rank1_complex_gain_grid,28,38,10,0.2637754449,-4,1,0.51,0.17,0.1218039292,0.1059194021,0.082425,NaN,NaN,NaN,NaN,0.49,0.615,0.6431757147,0.115,0.483,27,64.27285586,-27,27,1,0.23,21,78,2.340989732e-06,2791.736096,5.596454172,true
amplitude_ratio,beta_0p5,0.5,0.5,0,1,covfit_rank1_complex_gain_grid,28,38,10,0.2637754449,0,1,0.34,0.03,0.1305859272,0.1226816796,0.09455,NaN,NaN,NaN,NaN,0.66,0.15,0.05744562647,-0.35,0.35,0,0,0,0,1,0,12,30,8.345199756e-07,1535.505871,2.228185125,true
amplitude_ratio,beta_0p5,0.5,0.5,0,1,covfit_rank1_complex_gain_grid,28,38,10,0.2637754449,4,1,0.14,0.02,0.1549387045,0.1484245551,0.11505,NaN,NaN,NaN,NaN,0.86,0.135,0.04769696007,-0.365,0.365,0,0,0,0,1,0,9,18.5,3.121534628e-07,1574.035838,0.8854974511,true
amplitude_ratio,beta_0p5,0.5,0.5,0,1,covfit_rank1_complex_gain_grid,28,38,10,0.2637754449,8,1,0.12,0.01,0.1442063488,0.1358010818,0.111125,NaN,NaN,NaN,NaN,0.88,0.127,0.04439594576,-0.373,0.373,0,0,0,0,1,0,8,12,1.474239271e-07,1594.180628,0.3527066004,true
amplitude_ratio,beta_0p3,0.3,0.3,0,1,center_real,28,38,10,0.2637754449,-4,0,0,0,NaN,NaN,NaN,NaN,NaN,NaN,NaN,1,NaN,0,NaN,NaN,NaN,0,NaN,NaN,NaN,NaN,NaN,NaN,NaN,NaN,NaN,true
amplitude_ratio,beta_0p3,0.3,0.3,0,1,center_real,28,38,10,0.2637754449,8,0,0,0,NaN,NaN,NaN,NaN,NaN,NaN,NaN,1,NaN,0,NaN,NaN,NaN,0,NaN,NaN,NaN,NaN,NaN,NaN,NaN,NaN,NaN,true
amplitude_ratio,beta_0p3,0.3,0.3,0,1,min_den_fb,28,38,10,0.2637754449,-4,0,0,0,NaN,NaN,NaN,NaN,NaN,NaN,NaN,1,NaN,0,NaN,NaN,NaN,0,NaN,NaN,NaN,NaN,NaN,NaN,NaN,NaN,NaN,true
amplitude_ratio,beta_0p3,0.3,0.3,0,1,min_den_fb,28,38,10,0.2637754449,8,0,0,0,NaN,NaN,NaN,NaN,NaN,NaN,NaN,1,NaN,0,NaN,NaN,NaN,0,NaN,NaN,NaN,NaN,NaN,NaN,NaN,NaN,NaN,true
amplitude_ratio,beta_0p3,0.3,0.3,0,1,covfit_rank1_equal_phase,28,38,10,0.2637754449,-4,1,0.54,0,0.08023518849,0.05870203559,0.071,NaN,NaN,NaN,NaN,0.46,NaN,0,NaN,NaN,NaN,0,NaN,NaN,NaN,NaN,267,267,0.001259406927,NaN,NaN,true
amplitude_ratio,beta_0p3,0.3,0.3,0,1,covfit_rank1_equal_phase,28,38,10,0.2637754449,8,1,0.53,0,0.0778537618,0.05467557286,0.0717,NaN,NaN,NaN,NaN,0.47,NaN,0,NaN,NaN,NaN,0,NaN,NaN,NaN,NaN,267,267,0.001276245418,NaN,NaN,true
amplitude_ratio,beta_0p3,0.3,0.3,0,1,covfit_rank1_complex_gain_grid,28,38,10,0.2637754449,-4,1,0.42,0.21,0.106342325,0.09957754449,0.0639,NaN,NaN,NaN,NaN,0.58,0.541,0.5849948718,0.241,0.427,34.2,70.61416289,-34.2,34.2,1,0.2,23.5,67.5,2.362310679e-06,2210.297451,4.215887294,true
amplitude_ratio,beta_0p3,0.3,0.3,0,1,covfit_rank1_complex_gain_grid,28,38,10,0.2637754449,0,1,0.71,0.45,0.07918866402,0.08244491101,0.04675,NaN,NaN,NaN,NaN,0.29,0.173,0.2009253593,-0.127,0.205,0,0,0,0,1,0.01,15,33.5,8.614178506e-07,1155.914868,1.678435805,true
amplitude_ratio,beta_0p3,0.3,0.3,0,1,covfit_rank1_complex_gain_grid,28,38,10,0.2637754449,4,1,0.59,0.21,0.08815760776,0.09481533093,0.057675,NaN,NaN,NaN,NaN,0.41,0.148,0.1609223415,-0.152,0.2,0,0,0,0,1,0,12,20,3.2340695e-07,1186.251309,0.6688197645,true
amplitude_ratio,beta_0p3,0.3,0.3,0,1,covfit_rank1_complex_gain_grid,28,38,10,0.2637754449,8,1,0.64,0.26,0.08008384034,0.08584287542,0.05185,NaN,NaN,NaN,NaN,0.36,0.122,0.0575847202,-0.178,0.178,0,0,0,0,1,0,10,14,1.263467818e-07,1209.043483,0.2656952029,true
amplitude_ratio,beta_0p1,0.1,0.1,0,1,center_real,28,38,10,0.2637754449,-4,0,0,0,NaN,NaN,NaN,NaN,NaN,NaN,NaN,1,NaN,0,NaN,NaN,NaN,0,NaN,NaN,NaN,NaN,NaN,NaN,NaN,NaN,NaN,true
amplitude_ratio,beta_0p1,0.1,0.1,0,1,center_real,28,38,10,0.2637754449,8,0,0,0,NaN,NaN,NaN,NaN,NaN,NaN,NaN,1,NaN,0,NaN,NaN,NaN,0,NaN,NaN,NaN,NaN,NaN,NaN,NaN,NaN,NaN,true
amplitude_ratio,beta_0p1,0.1,0.1,0,1,min_den_fb,28,38,10,0.2637754449,-4,0,0,0,NaN,NaN,NaN,NaN,NaN,NaN,NaN,1,NaN,0,NaN,NaN,NaN,0,NaN,NaN,NaN,NaN,NaN,NaN,NaN,NaN,NaN,true
amplitude_ratio,beta_0p1,0.1,0.1,0,1,min_den_fb,28,38,10,0.2637754449,8,0,0,0,NaN,NaN,NaN,NaN,NaN,NaN,NaN,1,NaN,0,NaN,NaN,NaN,0,NaN,NaN,NaN,NaN,NaN,NaN,NaN,NaN,NaN,true
amplitude_ratio,beta_0p1,0.1,0.1,0,1,covfit_rank1_equal_phase,28,38,10,0.2637754449,-4,1,0,0,0.1194014202,0.08438975806,0.1076,NaN,NaN,NaN,NaN,1,NaN,0,NaN,NaN,NaN,0,NaN,NaN,NaN,NaN,400,419,0.00290773358,NaN,NaN,true
amplitude_ratio,beta_0p1,0.1,0.1,0,1,covfit_rank1_equal_phase,28,38,10,0.2637754449,8,1,0,0,0.1117882306,0.04433466907,0.10795,NaN,NaN,NaN,NaN,1,NaN,0,NaN,NaN,NaN,0,NaN,NaN,NaN,NaN,400,405.5,0.0029326185,NaN,NaN,true
amplitude_ratio,beta_0p1,0.1,0.1,0,1,covfit_rank1_complex_gain_grid,28,38,10,0.2637754449,-4,1,0.43,0.18,0.09261165351,0.1097622136,0.058775,NaN,NaN,NaN,NaN,0.57,0.336,0.3456935059,0.236,0.236,32.4,69.15374176,-32.4,32.4,1,0.04,24,88,2.690272026e-06,1028.188143,3.0279537,true
amplitude_ratio,beta_0p1,0.1,0.1,0,1,covfit_rank1_complex_gain_grid,28,38,10,0.2637754449,0,1,0.41,0.23,0.08713094261,0.1195356869,0.050675,NaN,NaN,NaN,NaN,0.59,0.156,0.1505456741,0.056,0.056,1.8,17.90977387,-1.8,1.8,1,0.01,18,39.5,9.00385363e-07,835.6048019,1.20769234,true
amplitude_ratio,beta_0p1,0.1,0.1,0,1,covfit_rank1_complex_gain_grid,28,38,10,0.2637754449,4,1,0.47,0.32,0.0801416498,0.1100591602,0.0444,NaN,NaN,NaN,NaN,0.53,0.135,0.05172040216,0.035,0.035,0,0,0,0,1,0,13.5,21,2.992786644e-07,846.4012966,0.4791523559,true
amplitude_ratio,beta_0p1,0.1,0.1,0,1,covfit_rank1_complex_gain_grid,28,38,10,0.2637754449,8,1,0.5,0.27,0.07870232378,0.1061887403,0.045425,NaN,NaN,NaN,NaN,0.5,0.124,0.0512249939,0.024,0.024,0,0,0,0,1,0,12,19.5,1.877316927e-07,862.4691681,0.1909241527,true
phase_offset,phase_0,0,1,0,1,center_real,28,38,10,0.2637754449,-4,0,0,0,NaN,NaN,NaN,NaN,NaN,NaN,NaN,1,NaN,0,NaN,NaN,NaN,0,NaN,NaN,NaN,NaN,NaN,NaN,NaN,NaN,NaN,false
phase_offset,phase_0,0,1,0,1,center_real,28,38,10,0.2637754449,8,0.01,0,0,1.346619647,1.776224555,1.012245551,NaN,NaN,NaN,NaN,1,NaN,0,NaN,NaN,NaN,0,NaN,NaN,NaN,NaN,NaN,NaN,NaN,NaN,NaN,false
phase_offset,phase_0,0,1,0,1,min_den_fb,28,38,10,0.2637754449,-4,0,0,0,NaN,NaN,NaN,NaN,NaN,NaN,NaN,1,NaN,0,NaN,NaN,NaN,0,NaN,NaN,NaN,NaN,NaN,NaN,NaN,NaN,NaN,false
phase_offset,phase_0,0,1,0,1,min_den_fb,28,38,10,0.2637754449,8,0.01,0,0,1.346619647,1.776224555,1.012245551,NaN,NaN,NaN,NaN,1,NaN,0,NaN,NaN,NaN,0,NaN,NaN,NaN,NaN,NaN,NaN,NaN,NaN,NaN,false
phase_offset,phase_0,0,1,0,1,covfit_rank1_equal_phase,28,38,10,0.2637754449,-4,1,0.97,0.93,0.03423235265,0.05135407119,0.000875,-4,<= -4 dB,-4,<= -4 dB,0.03,NaN,0,NaN,NaN,NaN,0,NaN,NaN,NaN,NaN,1,6,1.013301403e-06,NaN,NaN,false
phase_offset,phase_0,0,1,0,1,covfit_rank1_equal_phase,28,38,10,0.2637754449,8,1,1,1,0.01508083228,0.02533880423,0,-4,<= -4 dB,-4,<= -4 dB,0,NaN,0,NaN,NaN,NaN,0,NaN,NaN,NaN,NaN,1,1,1.215837316e-07,NaN,NaN,false
phase_offset,phase_0,0,1,0,1,covfit_rank1_complex_gain_grid,28,38,10,0.2637754449,-4,1,0.48,0.32,0.1247793025,0.1161255089,0.076825,NaN,NaN,NaN,NaN,0.52,0.657,0.5036377667,-0.343,0.537,41.4,75.74985149,-41.4,41.4,1,0,15,72,2.303998996e-06,5078.352225,9.943422449,false
phase_offset,phase_0,0,1,0,1,covfit_rank1_complex_gain_grid,28,38,10,0.2637754449,0,1,0.28,0.14,0.1454207304,0.1083837152,0.1131,NaN,NaN,NaN,NaN,0.72,0.268,0.2248910847,-0.732,0.74,0,0,0,0,1,0,9.5,35.5,8.730428545e-07,2387.289817,3.95680986,false
phase_offset,phase_0,0,1,0,1,covfit_rank1_complex_gain_grid,28,38,10,0.2637754449,4,1,0.28,0.15,0.1557177116,0.1202316796,0.122575,NaN,NaN,NaN,NaN,0.72,0.236,0.1578100124,-0.764,0.764,1.8,17.90977387,-1.8,1.8,1,0,6,15,3.068565189e-07,2465.467996,1.573381029,false
phase_offset,phase_0,0,1,0,1,covfit_rank1_complex_gain_grid,28,38,10,0.2637754449,8,1,0.21,0.12,0.1754838118,0.1454520996,0.137875,NaN,NaN,NaN,NaN,0.79,0.236,0.1682379268,-0.764,0.764,0,0,0,0,1,0,6,14,1.184696602e-07,2466.491387,0.6266925561,false
phase_offset,phase_30,30,1,30,1,center_real,28,38,10,0.2637754449,-4,0.01,0,0,1.615039818,2.151224555,1.204745551,NaN,NaN,NaN,NaN,1,NaN,0,NaN,NaN,NaN,0,NaN,NaN,NaN,NaN,NaN,NaN,NaN,NaN,NaN,true
phase_offset,phase_30,30,1,30,1,center_real,28,38,10,0.2637754449,8,0.15,0.14,0.07,0.06134461033,0.09360538561,0.02164970338,NaN,NaN,NaN,NaN,0.86,NaN,0,NaN,NaN,NaN,0,NaN,NaN,NaN,NaN,NaN,NaN,NaN,NaN,NaN,true
phase_offset,phase_30,30,1,30,1,min_den_fb,28,38,10,0.2637754449,-4,0.01,0,0,1.615039818,2.151224555,1.204745551,NaN,NaN,NaN,NaN,1,NaN,0,NaN,NaN,NaN,0,NaN,NaN,NaN,NaN,NaN,NaN,NaN,NaN,NaN,true
phase_offset,phase_30,30,1,30,1,min_den_fb,28,38,10,0.2637754449,8,0.15,0.14,0.07,0.06134461033,0.09360538561,0.02164970338,NaN,NaN,NaN,NaN,0.86,NaN,0,NaN,NaN,NaN,0,NaN,NaN,NaN,NaN,NaN,NaN,NaN,NaN,NaN,true
phase_offset,phase_30,30,1,30,1,covfit_rank1_equal_phase,28,38,10,0.2637754449,-4,1,0.99,0.88,0.04096298922,0.0665244911,0.0004,-4,<= -4 dB,0,0 dB,0.01,NaN,0,NaN,NaN,NaN,0,NaN,NaN,NaN,NaN,1,3,9.263886534e-07,NaN,NaN,true
phase_offset,phase_30,30,1,30,1,covfit_rank1_equal_phase,28,38,10,0.2637754449,8,1,1,1,0.01702048557,0.02858575084,0,-4,<= -4 dB,0,0 dB,0,NaN,0,NaN,NaN,NaN,0,NaN,NaN,NaN,NaN,1,1,1.253155341e-07,NaN,NaN,true
phase_offset,phase_30,30,1,30,1,covfit_rank1_complex_gain_grid,28,38,10,0.2637754449,-4,1,0.43,0.31,0.1352472492,0.1277,0.0811,NaN,NaN,NaN,NaN,0.57,0.664,0.5554313639,-0.336,0.58,43.2,76.87496341,13.2,58.8,1,0,2475,2501.5,0.0003122291408,4827.660132,9.30695671,true
phase_offset,phase_30,30,1,30,1,covfit_rank1_complex_gain_grid,28,38,10,0.2637754449,0,1,0.21,0.09,0.1633934804,0.1331061707,0.12865,NaN,NaN,NaN,NaN,0.79,0.233,0.2005268062,-0.767,0.771,0,0,-30,30,1,0,2472,2490,0.0003120915382,2328.617966,3.708530224,true
phase_offset,phase_30,30,1,30,1,covfit_rank1_complex_gain_grid,28,38,10,0.2637754449,4,1,0.18,0.11,0.1727265342,0.1375786263,0.140525,NaN,NaN,NaN,NaN,0.82,0.204,0.1666853323,-0.796,0.8,0,0,-30,30,1,0,2469,2486,0.0003119465446,2405.246263,1.490743322,true
phase_offset,phase_30,30,1,30,1,covfit_rank1_complex_gain_grid,28,38,10,0.2637754449,8,1,0.2,0.08,0.1914686326,0.1650765907,0.147375,NaN,NaN,NaN,NaN,0.8,0.229,0.1626622267,-0.771,0.771,0,0,-30,30,1,0,2468,2478.5,0.0003118559251,2323.208331,0.6039411171,true
phase_offset,phase_60,60,1,60,1,center_real,28,38,10,0.2637754449,-4,0.01,0,0,0.5027566102,0.5812245551,0.4102544493,8,8 dB,8,8 dB,1,NaN,0,NaN,NaN,NaN,0,NaN,NaN,NaN,NaN,NaN,NaN,NaN,NaN,NaN,true
phase_offset,phase_60,60,1,60,1,center_real,28,38,10,0.2637754449,8,1,1,1,0.02619342261,0.03542544493,0.01453517797,8,8 dB,8,8 dB,0,NaN,0,NaN,NaN,NaN,0,NaN,NaN,NaN,NaN,NaN,NaN,NaN,NaN,NaN,true
phase_offset,phase_60,60,1,60,1,min_den_fb,28,38,10,0.2637754449,-4,0.01,0,0,0.5062420791,0.5862245551,0.4127544493,8,8 dB,8,8 dB,1,NaN,0,NaN,NaN,NaN,0,NaN,NaN,NaN,NaN,NaN,NaN,NaN,NaN,NaN,true
phase_offset,phase_60,60,1,60,1,min_den_fb,28,38,10,0.2637754449,8,1,1,1,0.02616321319,0.03537544493,0.01451017797,8,8 dB,8,8 dB,0,NaN,0,NaN,NaN,NaN,0,NaN,NaN,NaN,NaN,NaN,NaN,NaN,NaN,NaN,true
phase_offset,phase_60,60,1,60,1,covfit_rank1_equal_phase,28,38,10,0.2637754449,-4,1,0.99,0.92,0.03587282226,0.05395,0.000575,-4,<= -4 dB,-4,<= -4 dB,0.01,NaN,0,NaN,NaN,NaN,0,NaN,NaN,NaN,NaN,1,1,8.008970763e-07,NaN,NaN,true
phase_offset,phase_60,60,1,60,1,covfit_rank1_equal_phase,28,38,10,0.2637754449,8,1,1,1,0.01670122339,0.02617754449,0,-4,<= -4 dB,-4,<= -4 dB,0,NaN,0,NaN,NaN,NaN,0,NaN,NaN,NaN,NaN,1,1,3.799592802e-07,NaN,NaN,true
phase_offset,phase_60,60,1,60,1,covfit_rank1_complex_gain_grid,28,38,10,0.2637754449,-4,1,0.32,0.24,0.1463889852,0.1355826335,0.094725,NaN,NaN,NaN,NaN,0.68,0.707,0.548863371,-0.293,0.559,75.6,88.84053129,15.6,85.2,1,0,8128,8151,0.001436824221,8485.092348,7.555835693,true
phase_offset,phase_60,60,1,60,1,covfit_rank1_complex_gain_grid,28,38,10,0.2637754449,0,1,0.45,0.32,0.1385619254,0.1130653309,0.0921,NaN,NaN,NaN,NaN,0.55,0.439,0.3864957956,-0.561,0.619,14.4,48.83277588,-45.6,64.8,1,0,8121,8142.5,0.001440652545,1951.413867,3.047945772,true
phase_offset,phase_60,60,1,60,1,covfit_rank1_complex_gain_grid,28,38,10,0.2637754449,4,1,0.4,0.27,0.1514995968,0.1205316796,0.106375,NaN,NaN,NaN,NaN,0.6,0.414,0.3733684507,-0.586,0.646,7.2,35.2726523,-52.8,62.4,1,0,8121,8132,0.001442035698,1899.423777,1.257120316,true
phase_offset,phase_60,60,1,60,1,covfit_rank1_complex_gain_grid,28,38,10,0.2637754449,8,1,0.45,0.27,0.1639150657,0.1341326974,0.1165,NaN,NaN,NaN,NaN,0.55,0.383,0.3464260383,-0.617,0.659,7.2,35.2726523,-52.8,62.4,1,0,8124,8130,0.001442638259,2412.535851,0.5447136437,true
phase_offset,phase_90,90,1,90,1,center_real,28,38,10,0.2637754449,-4,0.11,0.08,0.06,0.07858133933,0.06648421225,0.04974959552,0,0 dB,4,4 dB,0.92,NaN,0,NaN,NaN,NaN,0,NaN,NaN,NaN,NaN,NaN,NaN,NaN,NaN,NaN,true
phase_offset,phase_90,90,1,90,1,center_real,28,38,10,0.2637754449,8,1,1,1,0.01332943066,0.01934484705,0.005655978853,0,0 dB,4,4 dB,0,NaN,0,NaN,NaN,NaN,0,NaN,NaN,NaN,NaN,NaN,NaN,NaN,NaN,NaN,true
phase_offset,phase_90,90,1,90,1,min_den_fb,28,38,10,0.2637754449,-4,0.11,0.08,0.06,0.07847531716,0.0660296668,0.04997686824,0,0 dB,4,4 dB,0.92,NaN,0,NaN,NaN,NaN,0,NaN,NaN,NaN,NaN,NaN,NaN,NaN,NaN,NaN,true
phase_offset,phase_90,90,1,90,1,min_den_fb,28,38,10,0.2637754449,8,1,1,1,0.01333899287,0.01924382925,0.005680978853,0,0 dB,4,4 dB,0,NaN,0,NaN,NaN,NaN,0,NaN,NaN,NaN,NaN,NaN,NaN,NaN,NaN,NaN,true
phase_offset,phase_90,90,1,90,1,covfit_rank1_equal_phase,28,38,10,0.2637754449,-4,1,1,0.97,0.03363485867,0.05694592881,0.000875,-4,<= -4 dB,-4,<= -4 dB,0,NaN,0,NaN,NaN,NaN,0,NaN,NaN,NaN,NaN,1,5,1.231555626e-06,NaN,NaN,true
phase_offset,phase_90,90,1,90,1,covfit_rank1_equal_phase,28,38,10,0.2637754449,8,1,1,1,0.0169541004,0.02686940211,0,-4,<= -4 dB,-4,<= -4 dB,0,NaN,0,NaN,NaN,NaN,0,NaN,NaN,NaN,NaN,1,1,3.868450291e-07,NaN,NaN,true
phase_offset,phase_90,90,1,90,1,covfit_rank1_complex_gain_grid,28,38,10,0.2637754449,-4,1,0.4,0.29,0.1417534736,0.1394775445,0.0871,NaN,NaN,NaN,NaN,0.6,0.98,0.613025285,-0.02,0.546,70.2,87.79498847,-19.8,90,1,0,18385.5,18404.5,0.004266634202,3261.218129,5.160846917,true
phase_offset,phase_90,90,1,90,1,covfit_rank1_complex_gain_grid,28,38,10,0.2637754449,0,1,0.43,0.37,0.133174933,0.1270969466,0.085125,NaN,NaN,NaN,NaN,0.57,0.887,0.5570736038,-0.113,0.499,66.6,86.90477547,-23.4,90,1,0,18382.5,18405,0.00428090602,3190.226242,2.145962417,true
phase_offset,phase_90,90,1,90,1,covfit_rank1_complex_gain_grid,28,38,10,0.2637754449,4,1,0.48,0.44,0.1133664869,0.1061724555,0.069325,NaN,NaN,NaN,NaN,0.52,0.897,0.5246818083,-0.103,0.465,59.4,84.63828921,-30.6,90,1,0,18382,18393.5,0.004286176824,2541.928022,0.9409072931,true
phase_offset,phase_90,90,1,90,1,covfit_rank1_complex_gain_grid,28,38,10,0.2637754449,8,1,0.3,0.27,0.1504961555,0.1439255089,0.102975,NaN,NaN,NaN,NaN,0.7,0.814,0.5922870925,-0.186,0.556,81,89.54886934,-9,90,1,0,18380,18390.5,0.004288711893,4338.517394,0.4620814741,true
phase_offset,phase_120,120,1,120,1,center_real,28,38,10,0.2637754449,-4,0.97,0.95,0.83,0.03785812524,0.04075532522,0.02251790363,-4,<= -4 dB,0,0 dB,0.05,NaN,0,NaN,NaN,NaN,0,NaN,NaN,NaN,NaN,NaN,NaN,NaN,NaN,NaN,true
phase_offset,phase_120,120,1,120,1,center_real,28,38,10,0.2637754449,8,1,1,1,0.0105888862,0.01617862626,0.003665711893,-4,<= -4 dB,0,0 dB,0,NaN,0,NaN,NaN,NaN,0,NaN,NaN,NaN,NaN,NaN,NaN,NaN,NaN,NaN,true
phase_offset,phase_120,120,1,120,1,min_den_fb,28,38,10,0.2637754449,-4,0.97,0.95,0.83,0.03786041718,0.04080687161,0.02249737681,-4,<= -4 dB,0,0 dB,0.05,NaN,0,NaN,NaN,NaN,0,NaN,NaN,NaN,NaN,NaN,NaN,NaN,NaN,NaN,true
phase_offset,phase_120,120,1,120,1,min_den_fb,28,38,10,0.2637754449,8,1,1,1,0.01067143476,0.01632862626,0.00369580088,-4,<= -4 dB,0,0 dB,0,NaN,0,NaN,NaN,NaN,0,NaN,NaN,NaN,NaN,NaN,NaN,NaN,NaN,NaN,true
phase_offset,phase_120,120,1,120,1,covfit_rank1_equal_phase,28,38,10,0.2637754449,-4,1,1,0.87,0.04390538625,0.07273269745,0.00075,-4,<= -4 dB,0,0 dB,0,NaN,0,NaN,NaN,NaN,0,NaN,NaN,NaN,NaN,1,7.5,1.813075497e-06,NaN,NaN,true
phase_offset,phase_120,120,1,120,1,covfit_rank1_equal_phase,28,38,10,0.2637754449,8,1,1,1,0.03431671809,0.06440006397,0,-4,<= -4 dB,0,0 dB,0,NaN,0,NaN,NaN,NaN,0,NaN,NaN,NaN,NaN,1,1,7.782845042e-07,NaN,NaN,true
phase_offset,phase_120,120,1,120,1,covfit_rank1_complex_gain_grid,28,38,10,0.2637754449,-4,1,0.31,0.14,0.168043347,0.1743112597,0.105525,NaN,NaN,NaN,NaN,0.69,0.792,0.6139511381,-0.208,0.582,37.8,73.31548268,-82.2,107.4,1,0,38748,38765,0.01244719882,1529.321138,2.787817363,true
phase_offset,phase_120,120,1,120,1,covfit_rank1_complex_gain_grid,28,38,10,0.2637754449,0,1,0.49,0.3,0.1584025138,0.1473377864,0.092975,NaN,NaN,NaN,NaN,0.51,0.867,0.5422278119,-0.133,0.475,37.8,73.31548268,-82.2,107.4,1,0,38746.5,38763,0.01249212044,1859.827264,1.23912314,true
phase_offset,phase_120,120,1,120,1,covfit_rank1_complex_gain_grid,28,38,10,0.2637754449,4,1,0.61,0.48,0.1287685952,0.1246092241,0.071475,NaN,NaN,NaN,NaN,0.39,0.917,0.5353606261,-0.083,0.449,30.6,67.6139039,-89.4,109.8,1,0,38748,38762,0.01250797695,788.5237607,0.6245806901,true
phase_offset,phase_120,120,1,120,1,covfit_rank1_complex_gain_grid,28,38,10,0.2637754449,8,1,0.58,0.4,0.1599721618,0.146905153,0.090825,NaN,NaN,NaN,NaN,0.42,0.789,0.5178600197,-0.211,0.469,18,54,-102,114,1,0,38743,38756,0.01251447313,866.8495055,0.3795425102,true
phase_offset,phase_150,150,1,150,1,center_real,28,38,10,0.2637754449,-4,1,0.82,0.23,0.07437213498,0.1428245551,0.009425444933,0,0 dB,NaN,NaN,0.18,NaN,0,NaN,NaN,NaN,0,NaN,NaN,NaN,NaN,NaN,NaN,NaN,NaN,NaN,true
phase_offset,phase_150,150,1,150,1,center_real,28,38,10,0.2637754449,8,1,1,0.26,0.07041753325,0.1404745551,0.001600444933,0,0 dB,NaN,NaN,0,NaN,0,NaN,NaN,NaN,0,NaN,NaN,NaN,NaN,NaN,NaN,NaN,NaN,NaN,true
phase_offset,phase_150,150,1,150,1,min_den_fb,28,38,10,0.2637754449,-4,1,0.82,0.22,0.07441472391,0.1429245551,0.009475444933,0,0 dB,NaN,NaN,0.18,NaN,0,NaN,NaN,NaN,0,NaN,NaN,NaN,NaN,NaN,NaN,NaN,NaN,NaN,true
phase_offset,phase_150,150,1,150,1,min_den_fb,28,38,10,0.2637754449,8,1,1,0.26,0.07041753325,0.1404745551,0.001600444933,0,0 dB,NaN,NaN,0,NaN,0,NaN,NaN,NaN,0,NaN,NaN,NaN,NaN,NaN,NaN,NaN,NaN,NaN,true
phase_offset,phase_150,150,1,150,1,covfit_rank1_equal_phase,28,38,10,0.2637754449,-4,1,0.05,0,0.1507338743,0.2973745551,0.001175,NaN,NaN,NaN,NaN,0.95,NaN,0,NaN,NaN,NaN,0,NaN,NaN,NaN,NaN,14,24,1.354286583e-05,NaN,NaN,true
phase_offset,phase_150,150,1,150,1,covfit_rank1_equal_phase,28,38,10,0.2637754449,8,1,0,0,0.1446395293,0.2886245551,0,NaN,NaN,NaN,NaN,1,NaN,0,NaN,NaN,NaN,0,NaN,NaN,NaN,NaN,12,12,1.182430314e-05,NaN,NaN,true
phase_offset,phase_150,150,1,150,1,covfit_rank1_complex_gain_grid,28,38,10,0.2637754449,-4,1,0,0,0.2487096174,0.3741745551,0.135225,NaN,NaN,NaN,NaN,1,0.824,0.6600181816,-0.176,0.63,0,0,-150,150,1,0,96363,96381.5,0.05008528405,107.5178794,1.039491998,true
phase_offset,phase_150,150,1,150,1,covfit_rank1_complex_gain_grid,28,38,10,0.2637754449,0,1,0,0,0.2453125329,0.3656245551,0.1305,NaN,NaN,NaN,NaN,1,0.737,0.5759609362,-0.263,0.573,0,0,-150,150,1,0,96352,96367,0.05027917659,111.7233754,0.5761709363,true
phase_offset,phase_150,150,1,150,1,covfit_rank1_complex_gain_grid,28,38,10,0.2637754449,4,1,0,0,0.2283463369,0.3510245551,0.1087,NaN,NaN,NaN,NaN,1,0.778,0.5170261115,-0.222,0.488,0,0,-150,150,1,0,96345.5,96356,0.05035652832,103.1410038,0.3913655615,true
phase_offset,phase_150,150,1,150,1,covfit_rank1_complex_gain_grid,28,38,10,0.2637754449,8,1,0,0,0.2077019255,0.3355745551,0.084425,NaN,NaN,NaN,NaN,1,0.883,0.4827121295,-0.117,0.419,0,0,-150,150,1,0,96341,96353,0.0503861907,89.44119369,0.31829967,true
phase_offset,phase_180,180,1,180,1,center_real,28,38,10,0.2637754449,-4,1,0,0,0.5782312247,1.156224555,0.002217046693,NaN,NaN,NaN,NaN,1,NaN,0,NaN,NaN,NaN,0,NaN,NaN,NaN,NaN,NaN,NaN,NaN,NaN,NaN,true
phase_offset,phase_180,180,1,180,1,center_real,28,38,10,0.2637754449,8,1,0,0,0.5777217996,1.155424555,0.0007179365601,NaN,NaN,NaN,NaN,1,NaN,0,NaN,NaN,NaN,0,NaN,NaN,NaN,NaN,NaN,NaN,NaN,NaN,NaN,true
phase_offset,phase_180,180,1,180,1,min_den_fb,28,38,10,0.2637754449,-4,1,0,0,0.5782053535,1.156174555,0.002236957707,NaN,NaN,NaN,NaN,1,NaN,0,NaN,NaN,NaN,0,NaN,NaN,NaN,NaN,NaN,NaN,NaN,NaN,NaN,true
phase_offset,phase_180,180,1,180,1,min_den_fb,28,38,10,0.2637754449,8,1,0,0,0.5776967711,1.155374555,0.0007378475735,NaN,NaN,NaN,NaN,1,NaN,0,NaN,NaN,NaN,0,NaN,NaN,NaN,NaN,NaN,NaN,NaN,NaN,NaN,true
phase_offset,phase_180,180,1,180,1,covfit_rank1_equal_phase,28,38,10,0.2637754449,-4,1,0,0,0.2690635489,0.5362245551,0.0181,NaN,NaN,NaN,NaN,1,NaN,0,NaN,NaN,NaN,0,NaN,NaN,NaN,NaN,184.5,240,0.001137115398,NaN,NaN,true
phase_offset,phase_180,180,1,180,1,covfit_rank1_equal_phase,28,38,10,0.2637754449,8,1,0,0,0.2681463096,0.5362245551,0.00225,NaN,NaN,NaN,NaN,1,NaN,0,NaN,NaN,NaN,0,NaN,NaN,NaN,NaN,175,178,0.001114532422,NaN,NaN,true
phase_offset,phase_180,180,1,180,1,covfit_rank1_complex_gain_grid,28,38,10,0.2637754449,-4,1,0.13,0,0.1494288634,0.2714765907,0.018925,NaN,NaN,NaN,NaN,0.87,1,0,0,0,180,0,0,0,1,0,50.5,72,2.647700046e-05,909.2974298,0.1115428087,true
phase_offset,phase_180,180,1,180,1,covfit_rank1_complex_gain_grid,28,38,10,0.2637754449,0,1,0,0,0.1833963972,0.359600064,0.00805,NaN,NaN,NaN,NaN,1,1,0,0,0,180,0,0,0,1,0,47,65,1.321711347e-05,275.9347872,0.04467687792,true
phase_offset,phase_180,180,1,180,1,covfit_rank1_complex_gain_grid,28,38,10,0.2637754449,4,1,0,0,0.1954294061,0.3871245551,0.0056,NaN,NaN,NaN,NaN,1,1,0,0,0,180,0,0,0,1,0,37,59.5,4.792689963e-06,153.7100027,0.01796955296,true
phase_offset,phase_180,180,1,180,1,covfit_rank1_complex_gain_grid,28,38,10,0.2637754449,8,1,0,0,0.200683221,0.3987245551,0.0053,NaN,NaN,NaN,NaN,1,1,0,0,0,180,0,0,0,1,0,35.5,61.5,4.531343129e-06,147.5918727,0.007337853577,true
beta_phase_combo,case_1_beta0p3_phase60,1,0.3,60,1,center_real,28,38,10,0.2637754449,-4,0.02,0,0,1.355822845,1.843724555,0.9659955507,NaN,NaN,NaN,NaN,1,NaN,0,NaN,NaN,NaN,0,NaN,NaN,NaN,NaN,NaN,NaN,NaN,NaN,NaN,true
beta_phase_combo,case_1_beta0p3_phase60,1,0.3,60,1,center_real,28,38,10,0.2637754449,0,0,0,0,NaN,NaN,NaN,NaN,NaN,NaN,NaN,1,NaN,0,NaN,NaN,NaN,0,NaN,NaN,NaN,NaN,NaN,NaN,NaN,NaN,NaN,true
beta_phase_combo,case_1_beta0p3_phase60,1,0.3,60,1,center_real,28,38,10,0.2637754449,4,0.04,0,0,0.146202191,0.1599745551,0.1116205507,NaN,NaN,NaN,NaN,1,NaN,0,NaN,NaN,NaN,0,NaN,NaN,NaN,NaN,NaN,NaN,NaN,NaN,NaN,true
beta_phase_combo,case_1_beta0p3_phase60,1,0.3,60,1,center_real,28,38,10,0.2637754449,8,0.64,0.54,0.39,0.05202546403,0.05860806278,0.03145465446,NaN,NaN,NaN,NaN,0.46,NaN,0,NaN,NaN,NaN,0,NaN,NaN,NaN,NaN,NaN,NaN,NaN,NaN,NaN,true
beta_phase_combo,case_1_beta0p3_phase60,1,0.3,60,1,min_den_fb,28,38,10,0.2637754449,-4,0.02,0,0,1.355822845,1.843724555,0.9659955507,NaN,NaN,NaN,NaN,1,NaN,0,NaN,NaN,NaN,0,NaN,NaN,NaN,NaN,NaN,NaN,NaN,NaN,NaN,true
beta_phase_combo,case_1_beta0p3_phase60,1,0.3,60,1,min_den_fb,28,38,10,0.2637754449,0,0,0,0,NaN,NaN,NaN,NaN,NaN,NaN,NaN,1,NaN,0,NaN,NaN,NaN,0,NaN,NaN,NaN,NaN,NaN,NaN,NaN,NaN,NaN,true
beta_phase_combo,case_1_beta0p3_phase60,1,0.3,60,1,min_den_fb,28,38,10,0.2637754449,4,0.04,0,0,0.146202191,0.1599745551,0.1116205507,NaN,NaN,NaN,NaN,1,NaN,0,NaN,NaN,NaN,0,NaN,NaN,NaN,NaN,NaN,NaN,NaN,NaN,NaN,true
beta_phase_combo,case_1_beta0p3_phase60,1,0.3,60,1,min_den_fb,28,38,10,0.2637754449,8,0.64,0.54,0.39,0.05203549926,0.05852993778,0.03149371696,NaN,NaN,NaN,NaN,0.46,NaN,0,NaN,NaN,NaN,0,NaN,NaN,NaN,NaN,NaN,NaN,NaN,NaN,NaN,true
beta_phase_combo,case_1_beta0p3_phase60,1,0.3,60,1,covfit_rank1_equal_phase,28,38,10,0.2637754449,-4,1,0.27,0,0.09571339069,0.0637244911,0.0864,NaN,NaN,NaN,NaN,0.73,NaN,0,NaN,NaN,NaN,0,NaN,NaN,NaN,NaN,324,324,0.001864561482,NaN,NaN,true
beta_phase_combo,case_1_beta0p3_phase60,1,0.3,60,1,covfit_rank1_equal_phase,28,38,10,0.2637754449,0,1,0.29,0,0.09174008508,0.05113473304,0.0866,NaN,NaN,NaN,NaN,0.71,NaN,0,NaN,NaN,NaN,0,NaN,NaN,NaN,NaN,324,324,0.001885639796,NaN,NaN,true
beta_phase_combo,case_1_beta0p3_phase60,1,0.3,60,1,covfit_rank1_equal_phase,28,38,10,0.2637754449,4,1,0.14,0,0.0919895679,0.05700311736,0.086425,NaN,NaN,NaN,NaN,0.86,NaN,0,NaN,NaN,NaN,0,NaN,NaN,NaN,NaN,324,324,0.00188194135,NaN,NaN,true
beta_phase_combo,case_1_beta0p3_phase60,1,0.3,60,1,covfit_rank1_equal_phase,28,38,10,0.2637754449,8,1,0.16,0,0.09167096277,0.05540006397,0.08645,NaN,NaN,NaN,NaN,0.84,NaN,0,NaN,NaN,NaN,0,NaN,NaN,NaN,NaN,324,324,0.001881202428,NaN,NaN,true
beta_phase_combo,case_1_beta0p3_phase60,1,0.3,60,1,covfit_rank1_complex_gain_grid,28,38,10,0.2637754449,-4,1,0.42,0.17,0.08875775753,0.1011071246,0.057925,NaN,NaN,NaN,NaN,0.58,0.458,0.4174158598,0.158,0.328,18,54,-42,66,1,0.08,4135.5,4158,0.0006020195539,829.9649304,3.489058445,true
beta_phase_combo,case_1_beta0p3_phase60,1,0.3,60,1,covfit_rank1_complex_gain_grid,28,38,10,0.2637754449,0,1,0.63,0.19,0.07972996599,0.1083091602,0.045575,NaN,NaN,NaN,NaN,0.37,0.22,0.2078460969,-0.08,0.196,0,0,-60,60,1,0,4125,4146,0.0006025572234,890.0074377,1.396524996,true
beta_phase_combo,case_1_beta0p3_phase60,1,0.3,60,1,covfit_rank1_complex_gain_grid,28,38,10,0.2637754449,4,1,0.59,0.29,0.07333937385,0.1012581424,0.040425,NaN,NaN,NaN,NaN,0.41,0.165,0.132947358,-0.135,0.181,0,0,-60,60,1,0,4119,4142,0.0006029339119,943.4842522,0.5641100593,true
beta_phase_combo,case_1_beta0p3_phase60,1,0.3,60,1,covfit_rank1_complex_gain_grid,28,38,10,0.2637754449,8,1,0.71,0.34,0.06507641663,0.08777856229,0.037225,NaN,NaN,NaN,NaN,0.29,0.133,0.08006872048,-0.167,0.179,0,0,-60,60,1,0,4124.5,4138,0.000603085125,980.5751844,0.2333227765,true
beta_phase_combo,case_2_beta0p3_phase150,2,0.3,150,1,center_real,28,38,10,0.2637754449,-4,0.04,0,0,0.9766580277,1.412474555,0.6516205507,NaN,NaN,NaN,NaN,1,NaN,0,NaN,NaN,NaN,0,NaN,NaN,NaN,NaN,NaN,NaN,NaN,NaN,NaN,true
beta_phase_combo,case_2_beta0p3_phase150,2,0.3,150,1,center_real,28,38,10,0.2637754449,0,0.11,0,0,0.3033547572,0.4416791005,0.1772455507,NaN,NaN,NaN,NaN,1,NaN,0,NaN,NaN,NaN,0,NaN,NaN,NaN,NaN,NaN,NaN,NaN,NaN,NaN,true
beta_phase_combo,case_2_beta0p3_phase150,2,0.3,150,1,center_real,28,38,10,0.2637754449,4,0.8,0.13,0.05,0.1537707735,0.2223495551,0.0813144119,NaN,NaN,NaN,NaN,0.87,NaN,0,NaN,NaN,NaN,0,NaN,NaN,NaN,NaN,NaN,NaN,NaN,NaN,NaN,true
beta_phase_combo,case_2_beta0p3_phase150,2,0.3,150,1,center_real,28,38,10,0.2637754449,8,1,0.02,0,0.1349019586,0.2103745551,0.07802055067,NaN,NaN,NaN,NaN,0.98,NaN,0,NaN,NaN,NaN,0,NaN,NaN,NaN,NaN,NaN,NaN,NaN,NaN,NaN,true
beta_phase_combo,case_2_beta0p3_phase150,2,0.3,150,1,min_den_fb,28,38,10,0.2637754449,-4,0.04,0,0,0.9766580277,1.412474555,0.6516205507,NaN,NaN,NaN,NaN,1,NaN,0,NaN,NaN,NaN,0,NaN,NaN,NaN,NaN,NaN,NaN,NaN,NaN,NaN,true
beta_phase_combo,case_2_beta0p3_phase150,2,0.3,150,1,min_den_fb,28,38,10,0.2637754449,0,0.11,0,0,0.3033547572,0.4416791005,0.1772455507,NaN,NaN,NaN,NaN,1,NaN,0,NaN,NaN,NaN,0,NaN,NaN,NaN,NaN,NaN,NaN,NaN,NaN,NaN,true
beta_phase_combo,case_2_beta0p3_phase150,2,0.3,150,1,min_den_fb,28,38,10,0.2637754449,4,0.8,0.13,0.05,0.1537775543,0.2224120551,0.0812831619,NaN,NaN,NaN,NaN,0.87,NaN,0,NaN,NaN,NaN,0,NaN,NaN,NaN,NaN,NaN,NaN,NaN,NaN,NaN,true
beta_phase_combo,case_2_beta0p3_phase150,2,0.3,150,1,min_den_fb,28,38,10,0.2637754449,8,1,0.02,0,0.1349072154,0.2104245551,0.07799555067,NaN,NaN,NaN,NaN,0.98,NaN,0,NaN,NaN,NaN,0,NaN,NaN,NaN,NaN,NaN,NaN,NaN,NaN,NaN,true
beta_phase_combo,case_2_beta0p3_phase150,2,0.3,150,1,covfit_rank1_equal_phase,28,38,10,0.2637754449,-4,1,0,0,0.228565338,0.1845754449,0.2087,NaN,NaN,NaN,NaN,1,NaN,0,NaN,NaN,NaN,0,NaN,NaN,NaN,NaN,780,799,0.01084712067,NaN,NaN,true
beta_phase_combo,case_2_beta0p3_phase150,2,0.3,150,1,covfit_rank1_equal_phase,28,38,10,0.2637754449,0,1,0,0,0.2281834016,0.1836754449,0.2085,NaN,NaN,NaN,NaN,1,NaN,0,NaN,NaN,NaN,0,NaN,NaN,NaN,NaN,780,799,0.01086758932,NaN,NaN,true
beta_phase_combo,case_2_beta0p3_phase150,2,0.3,150,1,covfit_rank1_equal_phase,28,38,10,0.2637754449,4,1,0,0,0.2280258142,0.1822754449,0.2086,NaN,NaN,NaN,NaN,1,NaN,0,NaN,NaN,NaN,0,NaN,NaN,NaN,NaN,780,797.5,0.01088038826,NaN,NaN,true
beta_phase_combo,case_2_beta0p3_phase150,2,0.3,150,1,covfit_rank1_equal_phase,28,38,10,0.2637754449,8,1,0,0,0.2289531553,0.1867254449,0.208725,NaN,NaN,NaN,NaN,1,NaN,0,NaN,NaN,NaN,0,NaN,NaN,NaN,NaN,780,792.5,0.01088597123,NaN,NaN,true
beta_phase_combo,case_2_beta0p3_phase150,2,0.3,150,1,covfit_rank1_complex_gain_grid,28,38,10,0.2637754449,-4,1,0.48,0.37,0.1105351902,0.1066765267,0.063175,NaN,NaN,NaN,NaN,0.52,0.219,0.1553673067,-0.081,0.133,178.2,17.90977387,28.2,31.2,1,0.01,6860.5,6893.5,0.001156613495,1097.764031,1.472121844,true
beta_phase_combo,case_2_beta0p3_phase150,2,0.3,150,1,covfit_rank1_complex_gain_grid,28,38,10,0.2637754449,0,1,0.43,0.35,0.0886134404,0.1157632953,0.0488,NaN,NaN,NaN,NaN,0.57,0.131,0.05602677931,-0.169,0.169,180,0,30,30,1,0,6861,6883,0.0011590975,689.538872,0.5938634702,true
beta_phase_combo,case_2_beta0p3_phase150,2,0.3,150,1,covfit_rank1_complex_gain_grid,28,38,10,0.2637754449,4,1,0.36,0.24,0.09190326211,0.1252602419,0.051275,NaN,NaN,NaN,NaN,0.64,0.115,0.03840572874,-0.185,0.185,180,0,30,30,1,0,6858,6866.5,0.001160165485,659.806566,0.2433497196,true
beta_phase_combo,case_2_beta0p3_phase150,2,0.3,150,1,covfit_rank1_complex_gain_grid,28,38,10,0.2637754449,8,1,0.37,0.22,0.087795016,0.1245602419,0.048425,NaN,NaN,NaN,NaN,0.63,0.123,0.0486929153,-0.177,0.177,180,0,30,30,1,0,6858.5,6864,0.001160646691,674.2985174,0.104030817,true
beta_phase_combo,case_3_beta0p5_phase150,3,0.5,150,1,center_real,28,38,10,0.2637754449,-4,0.58,0.16,0.12,0.130024259,0.2023452447,0.05416919186,NaN,NaN,NaN,NaN,0.84,NaN,0,NaN,NaN,NaN,0,NaN,NaN,NaN,NaN,NaN,NaN,NaN,NaN,NaN,true
beta_phase_combo,case_3_beta0p5_phase150,3,0.5,150,1,center_real,28,38,10,0.2637754449,0,1,0.29,0.16,0.1050262849,0.169850064,0.04416126256,NaN,NaN,NaN,NaN,0.71,NaN,0,NaN,NaN,NaN,0,NaN,NaN,NaN,NaN,NaN,NaN,NaN,NaN,NaN,true
beta_phase_combo,case_3_beta0p5_phase150,3,0.5,150,1,center_real,28,38,10,0.2637754449,4,1,0.13,0.04,0.09241103357,0.1620745551,0.04052055067,NaN,NaN,NaN,NaN,0.87,NaN,0,NaN,NaN,NaN,0,NaN,NaN,NaN,NaN,NaN,NaN,NaN,NaN,NaN,true
beta_phase_combo,case_3_beta0p5_phase150,3,0.5,150,1,center_real,28,38,10,0.2637754449,8,1,0.03,0,0.09171794895,0.1627245551,0.04079555067,NaN,NaN,NaN,NaN,0.97,NaN,0,NaN,NaN,NaN,0,NaN,NaN,NaN,NaN,NaN,NaN,NaN,NaN,NaN,true
beta_phase_combo,case_3_beta0p5_phase150,3,0.5,150,1,min_den_fb,28,38,10,0.2637754449,-4,0.58,0.16,0.12,0.1300662648,0.2025176585,0.05408298497,NaN,NaN,NaN,NaN,0.84,NaN,0,NaN,NaN,NaN,0,NaN,NaN,NaN,NaN,NaN,NaN,NaN,NaN,NaN,true
beta_phase_combo,case_3_beta0p5_phase150,3,0.5,150,1,min_den_fb,28,38,10,0.2637754449,0,1,0.29,0.16,0.1050401773,0.169900064,0.04413626256,NaN,NaN,NaN,NaN,0.71,NaN,0,NaN,NaN,NaN,0,NaN,NaN,NaN,NaN,NaN,NaN,NaN,NaN,NaN,true
beta_phase_combo,case_3_beta0p5_phase150,3,0.5,150,1,min_den_fb,28,38,10,0.2637754449,4,1,0.13,0.04,0.09242005985,0.1621245551,0.04049555067,NaN,NaN,NaN,NaN,0.87,NaN,0,NaN,NaN,NaN,0,NaN,NaN,NaN,NaN,NaN,NaN,NaN,NaN,NaN,true
beta_phase_combo,case_3_beta0p5_phase150,3,0.5,150,1,min_den_fb,28,38,10,0.2637754449,8,1,0.03,0,0.09171794895,0.1627245551,0.04079555067,NaN,NaN,NaN,NaN,0.97,NaN,0,NaN,NaN,NaN,0,NaN,NaN,NaN,NaN,NaN,NaN,NaN,NaN,NaN,true
beta_phase_combo,case_3_beta0p5_phase150,3,0.5,150,1,covfit_rank1_equal_phase,28,38,10,0.2637754449,-4,1,0,0,0.2717271498,0.1967754449,0.25315,NaN,NaN,NaN,NaN,1,NaN,0,NaN,NaN,NaN,0,NaN,NaN,NaN,NaN,951,970,0.01587376185,NaN,NaN,true
beta_phase_combo,case_3_beta0p5_phase150,3,0.5,150,1,covfit_rank1_equal_phase,28,38,10,0.2637754449,0,1,0,0,0.2711708667,0.1939254449,0.253075,NaN,NaN,NaN,NaN,1,NaN,0,NaN,NaN,NaN,0,NaN,NaN,NaN,NaN,951,970,0.01590496966,NaN,NaN,true
beta_phase_combo,case_3_beta0p5_phase150,3,0.5,150,1,covfit_rank1_equal_phase,28,38,10,0.2637754449,4,1,0,0,0.2707270091,0.1919254449,0.252975,NaN,NaN,NaN,NaN,1,NaN,0,NaN,NaN,NaN,0,NaN,NaN,NaN,NaN,951,962.5,0.01594191909,NaN,NaN,true
beta_phase_combo,case_3_beta0p5_phase150,3,0.5,150,1,covfit_rank1_equal_phase,28,38,10,0.2637754449,8,1,0,0,0.2707351693,0.1904254449,0.253225,NaN,NaN,NaN,NaN,1,NaN,0,NaN,NaN,NaN,0,NaN,NaN,NaN,NaN,951,955.5,0.01594002583,NaN,NaN,true
beta_phase_combo,case_3_beta0p5_phase150,3,0.5,150,1,covfit_rank1_complex_gain_grid,28,38,10,0.2637754449,-4,1,0.07,0.06,0.2814856564,0.1910244271,0.1454,NaN,NaN,NaN,NaN,0.93,0.874,0.2773517622,0.374,0.388,180,0,30,30,1,0.24,25624,25639,0.00684513103,7042.919307,1.059746126,true
beta_phase_combo,case_3_beta0p5_phase150,3,0.5,150,1,covfit_rank1_complex_gain_grid,28,38,10,0.2637754449,0,1,0.08,0.08,0.3054955348,0.1885244271,0.1713,NaN,NaN,NaN,NaN,0.92,0.922,0.3198687231,0.422,0.432,180,0,30,30,1,0.29,25619.5,25641.5,0.006869016162,6664.705353,0.4498389334,true
beta_phase_combo,case_3_beta0p5_phase150,3,0.5,150,1,covfit_rank1_complex_gain_grid,28,38,10,0.2637754449,4,1,0.15,0.13,0.2687161586,0.1853754449,0.12005,NaN,NaN,NaN,NaN,0.85,0.827,0.2416009106,0.327,0.327,180,0,30,30,1,0.18,25626,25636.5,0.006878062391,6920.39094,0.2066634734,true
beta_phase_combo,case_3_beta0p5_phase150,3,0.5,150,1,covfit_rank1_complex_gain_grid,28,38,10,0.2637754449,8,1,0.06,0.05,0.288700963,0.1949754449,0.14415,NaN,NaN,NaN,NaN,0.94,0.877,0.2461117632,0.377,0.377,180,0,30,30,1,0.23,25624,25637,0.006881496101,7353.297525,0.1102314498,true
beta_phase_combo,case_4_beta0p1_phase0,4,0.1,0,1,center_real,28,38,10,0.2637754449,-4,0,0,0,NaN,NaN,NaN,NaN,NaN,NaN,NaN,1,NaN,0,NaN,NaN,NaN,0,NaN,NaN,NaN,NaN,NaN,NaN,NaN,NaN,NaN,true
beta_phase_combo,case_4_beta0p1_phase0,4,0.1,0,1,center_real,28,38,10,0.2637754449,0,0,0,0,NaN,NaN,NaN,NaN,NaN,NaN,NaN,1,NaN,0,NaN,NaN,NaN,0,NaN,NaN,NaN,NaN,NaN,NaN,NaN,NaN,NaN,true
beta_phase_combo,case_4_beta0p1_phase0,4,0.1,0,1,center_real,28,38,10,0.2637754449,4,0,0,0,NaN,NaN,NaN,NaN,NaN,NaN,NaN,1,NaN,0,NaN,NaN,NaN,0,NaN,NaN,NaN,NaN,NaN,NaN,NaN,NaN,NaN,true
beta_phase_combo,case_4_beta0p1_phase0,4,0.1,0,1,center_real,28,38,10,0.2637754449,8,0,0,0,NaN,NaN,NaN,NaN,NaN,NaN,NaN,1,NaN,0,NaN,NaN,NaN,0,NaN,NaN,NaN,NaN,NaN,NaN,NaN,NaN,NaN,true
beta_phase_combo,case_4_beta0p1_phase0,4,0.1,0,1,min_den_fb,28,38,10,0.2637754449,-4,0,0,0,NaN,NaN,NaN,NaN,NaN,NaN,NaN,1,NaN,0,NaN,NaN,NaN,0,NaN,NaN,NaN,NaN,NaN,NaN,NaN,NaN,NaN,true
beta_phase_combo,case_4_beta0p1_phase0,4,0.1,0,1,min_den_fb,28,38,10,0.2637754449,0,0,0,0,NaN,NaN,NaN,NaN,NaN,NaN,NaN,1,NaN,0,NaN,NaN,NaN,0,NaN,NaN,NaN,NaN,NaN,NaN,NaN,NaN,NaN,true
beta_phase_combo,case_4_beta0p1_phase0,4,0.1,0,1,min_den_fb,28,38,10,0.2637754449,4,0,0,0,NaN,NaN,NaN,NaN,NaN,NaN,NaN,1,NaN,0,NaN,NaN,NaN,0,NaN,NaN,NaN,NaN,NaN,NaN,NaN,NaN,NaN,true
beta_phase_combo,case_4_beta0p1_phase0,4,0.1,0,1,min_den_fb,28,38,10,0.2637754449,8,0,0,0,NaN,NaN,NaN,NaN,NaN,NaN,NaN,1,NaN,0,NaN,NaN,NaN,0,NaN,NaN,NaN,NaN,NaN,NaN,NaN,NaN,NaN,true
beta_phase_combo,case_4_beta0p1_phase0,4,0.1,0,1,covfit_rank1_equal_phase,28,38,10,0.2637754449,-4,1,0,0,0.1202431423,0.08521526696,0.108125,NaN,NaN,NaN,NaN,1,NaN,0,NaN,NaN,NaN,0,NaN,NaN,NaN,NaN,400,419,0.002921776222,NaN,NaN,true
beta_phase_combo,case_4_beta0p1_phase0,4,0.1,0,1,covfit_rank1_equal_phase,28,38,10,0.2637754449,0,1,0,0,0.1152392627,0.06098568687,0.10805,NaN,NaN,NaN,NaN,1,NaN,0,NaN,NaN,NaN,0,NaN,NaN,NaN,NaN,400,418,0.002936057852,NaN,NaN,true
beta_phase_combo,case_4_beta0p1_phase0,4,0.1,0,1,covfit_rank1_equal_phase,28,38,10,0.2637754449,4,1,0,0,0.1125527599,0.04778568687,0.10805,NaN,NaN,NaN,NaN,1,NaN,0,NaN,NaN,NaN,0,NaN,NaN,NaN,NaN,400,412,0.002930449443,NaN,NaN,true
beta_phase_combo,case_4_beta0p1_phase0,4,0.1,0,1,covfit_rank1_equal_phase,28,38,10,0.2637754449,8,1,0,0,0.1102472479,0.03761017797,0.10785,NaN,NaN,NaN,NaN,1,NaN,0,NaN,NaN,NaN,0,NaN,NaN,NaN,NaN,400,400,0.002928777532,NaN,NaN,true
beta_phase_combo,case_4_beta0p1_phase0,4,0.1,0,1,covfit_rank1_complex_gain_grid,28,38,10,0.2637754449,-4,1,0.46,0.18,0.08785917666,0.1010122136,0.05845,NaN,NaN,NaN,NaN,0.54,0.333,0.2901913162,0.233,0.233,39.6,74.56433464,-39.6,39.6,1,0.03,24.5,59,2.234482331e-06,790.9092853,3.028704652,true
beta_phase_combo,case_4_beta0p1_phase0,4,0.1,0,1,covfit_rank1_complex_gain_grid,28,38,10,0.2637754449,0,1,0.44,0.21,0.08381049397,0.1141377225,0.049675,NaN,NaN,NaN,NaN,0.56,0.157,0.08746999486,0.057,0.057,3.6,25.2,-3.6,3.6,1,0,17,36,8.286526997e-07,830.5023677,1.2076167,true
beta_phase_combo,case_4_beta0p1_phase0,4,0.1,0,1,covfit_rank1_complex_gain_grid,28,38,10,0.2637754449,4,1,0.48,0.31,0.08143969213,0.1076867047,0.046075,NaN,NaN,NaN,NaN,0.52,0.143,0.07107038764,0.043,0.043,0,0,0,0,1,0,13,22.5,3.462930444e-07,837.9828793,0.4799135992,true
beta_phase_combo,case_4_beta0p1_phase0,4,0.1,0,1,covfit_rank1_complex_gain_grid,28,38,10,0.2637754449,8,1,0.5,0.31,0.07943329031,0.1066142492,0.04385,NaN,NaN,NaN,NaN,0.5,0.117,0.03756327994,0.017,0.017,0,0,0,0,1,0,12,20,1.600032377e-07,871.0486959,0.1909154703,true
beta_phase_combo,case_5_beta0p1_phase90,5,0.1,90,1,center_real,28,38,10,0.2637754449,-4,0.01,0,0,1.615809136,2.016224555,1.262754449,NaN,NaN,NaN,NaN,1,NaN,0,NaN,NaN,NaN,0,NaN,NaN,NaN,NaN,NaN,NaN,NaN,NaN,NaN,true
beta_phase_combo,case_5_beta0p1_phase90,5,0.1,90,1,center_real,28,38,10,0.2637754449,0,0,0,0,NaN,NaN,NaN,NaN,NaN,NaN,NaN,1,NaN,0,NaN,NaN,NaN,0,NaN,NaN,NaN,NaN,NaN,NaN,NaN,NaN,NaN,true
beta_phase_combo,case_5_beta0p1_phase90,5,0.1,90,1,center_real,28,38,10,0.2637754449,4,0.05,0,0,0.8976239527,1.062224555,0.6865508899,NaN,NaN,NaN,NaN,1,NaN,0,NaN,NaN,NaN,0,NaN,NaN,NaN,NaN,NaN,NaN,NaN,NaN,NaN,true
beta_phase_combo,case_5_beta0p1_phase90,5,0.1,90,1,center_real,28,38,10,0.2637754449,8,0.06,0,0,0.3056484305,0.3953912217,0.2084955507,NaN,NaN,NaN,NaN,1,NaN,0,NaN,NaN,NaN,0,NaN,NaN,NaN,NaN,NaN,NaN,NaN,NaN,NaN,true
beta_phase_combo,case_5_beta0p1_phase90,5,0.1,90,1,min_den_fb,28,38,10,0.2637754449,-4,0.01,0,0,1.615809136,2.016224555,1.262754449,NaN,NaN,NaN,NaN,1,NaN,0,NaN,NaN,NaN,0,NaN,NaN,NaN,NaN,NaN,NaN,NaN,NaN,NaN,true
beta_phase_combo,case_5_beta0p1_phase90,5,0.1,90,1,min_den_fb,28,38,10,0.2637754449,0,0,0,0,NaN,NaN,NaN,NaN,NaN,NaN,NaN,1,NaN,0,NaN,NaN,NaN,0,NaN,NaN,NaN,NaN,NaN,NaN,NaN,NaN,NaN,true
beta_phase_combo,case_5_beta0p1_phase90,5,0.1,90,1,min_den_fb,28,38,10,0.2637754449,4,0.05,0,0,0.8976239527,1.062224555,0.6865508899,NaN,NaN,NaN,NaN,1,NaN,0,NaN,NaN,NaN,0,NaN,NaN,NaN,NaN,NaN,NaN,NaN,NaN,NaN,true
beta_phase_combo,case_5_beta0p1_phase90,5,0.1,90,1,min_den_fb,28,38,10,0.2637754449,8,0.06,0,0,0.3056484305,0.3953912217,0.2084955507,NaN,NaN,NaN,NaN,1,NaN,0,NaN,NaN,NaN,0,NaN,NaN,NaN,NaN,NaN,NaN,NaN,NaN,NaN,true
beta_phase_combo,case_5_beta0p1_phase90,5,0.1,90,1,covfit_rank1_equal_phase,28,38,10,0.2637754449,-4,1,0,0,0.1485442903,0.1347489182,0.12895,NaN,NaN,NaN,NaN,1,NaN,0,NaN,NaN,NaN,0,NaN,NaN,NaN,NaN,483,495,0.004141244682,NaN,NaN,true
beta_phase_combo,case_5_beta0p1_phase90,5,0.1,90,1,covfit_rank1_equal_phase,28,38,10,0.2637754449,0,1,0,0,0.1457824894,0.1199489182,0.12925,NaN,NaN,NaN,NaN,1,NaN,0,NaN,NaN,NaN,0,NaN,NaN,NaN,NaN,490,495,0.004186417711,NaN,NaN,true
beta_phase_combo,case_5_beta0p1_phase90,5,0.1,90,1,covfit_rank1_equal_phase,28,38,10,0.2637754449,4,1,0,0,0.1423176385,0.1046744271,0.129475,NaN,NaN,NaN,NaN,1,NaN,0,NaN,NaN,NaN,0,NaN,NaN,NaN,NaN,490,495,0.004192142867,NaN,NaN,true
beta_phase_combo,case_5_beta0p1_phase90,5,0.1,90,1,covfit_rank1_equal_phase,28,38,10,0.2637754449,8,1,0,0,0.1406347828,0.09644993603,0.129725,NaN,NaN,NaN,NaN,1,NaN,0,NaN,NaN,NaN,0,NaN,NaN,NaN,NaN,490,495,0.004192988845,NaN,NaN,true
beta_phase_combo,case_5_beta0p1_phase90,5,0.1,90,1,covfit_rank1_complex_gain_grid,28,38,10,0.2637754449,-4,1,0.39,0.22,0.1011136401,0.1211183204,0.062,NaN,NaN,NaN,NaN,0.61,0.333,0.3515835605,0.233,0.233,104.4,88.84053129,14.4,90,1,0.09,1553,1565.5,0.0001695756478,1547.391354,2.54441502,true
beta_phase_combo,case_5_beta0p1_phase90,5,0.1,90,1,covfit_rank1_complex_gain_grid,28,38,10,0.2637754449,0,1,0.45,0.31,0.0927843655,0.1036387403,0.06135,NaN,NaN,NaN,NaN,0.55,0.169,0.2872960146,0.069,0.069,10.8,42.74763151,-79.2,90,1,0.03,1551,1559,0.0001687922103,733.7400753,1.01335171,true
beta_phase_combo,case_5_beta0p1_phase90,5,0.1,90,1,covfit_rank1_complex_gain_grid,28,38,10,0.2637754449,4,1,0.58,0.48,0.07620327815,0.08365508899,0.0465,NaN,NaN,NaN,NaN,0.42,0.118,0.111696016,0.018,0.018,0,0,-90,90,1,0.01,1551,1559,0.0001684964246,735.1229043,0.4046857859,true
beta_phase_combo,case_5_beta0p1_phase90,5,0.1,90,1,covfit_rank1_complex_gain_grid,28,38,10,0.2637754449,8,1,0.63,0.59,0.07102379188,0.08062245551,0.03895,NaN,NaN,NaN,NaN,0.37,0.102,0.014,0.002,0.002,0,0,-90,90,1,0,1553,1558,0.0001684094918,746.9710022,0.1628624531,true
