trial_index,obs_id,obs_global_index,chunk_id,total_chunks,run_tag,scenario_name,center_az,trial_id,quant_mode,candidate_count,topK_default,top1_same_flag,topK_order_same_flag,topK_set_same_flag,topK_jaccard,topK_miss_count,topK_miss_rate,selected_candidate_same_flag,score_rank_spearman,score_rank_kendall_if_easy,score_gap_top1_top2_baseline,score_gap_top1_top2_quant,score_gap_norm_baseline,score_gap_norm_quant,score_gap_abs_error,score_gap_rel_error,score_margin_bin,argmax_changed_flag,score_gap_sign_flip_flag,reliable_margin_flag,reliable_top1_same_flag,reliable_topK_same_flag,candidate_score_max_abs_diff,candidate_score_p95_abs_diff,candidate_score_rel_l2_error,same_policy_flag,same_estimate_flag,same_confidence_flag,same_fallback_flag,boundary_state_same_flag,false_high_rate_if_available,boundary_missed_rate_if_available,az_rmse_gap_if_available,el_rmse_gap_if_available,W_scale,Gcache_scale,Z_scale,Rz_scale,score_scale,W_clip_rate,Gcache_clip_rate,Z_clip_rate,Rz_clip_rate,score_clip_rate,max_clip_rate,max_overflow_rate,W_relative_error,Gcache_relative_error,Z_relative_error,Rz_relative_error,score_relative_error
29,cp00p00_easy_noncoherent_t0029,29,29,120,formal_tps30,easy_noncoherent,0,29,double_baseline,7353,10,1,1,1,1,0,0,1,1,NaN,413.702152476209,413.702152476209,0.000966840865437964,0.000966840865437964,0,0,weak_margin,0,0,0,0,0,0,0,0,1,1,1,1,1,NaN,NaN,0,0,NaN,NaN,NaN,NaN,NaN,0,0,0,0,0,0,0,0,0,0,0,0
29,cp00p00_easy_noncoherent_t0029,29,29,120,formal_tps30,easy_noncoherent,0,29,float32_all,7353,10,1,1,1,1,0,0,1,0.999999999577414,NaN,413.702152476209,413.6875,0.000966840865437964,0.000966806504757129,0.0146524762094487,3.54179356373817e-05,weak_margin,0,0,0,0,0,1.28427753329743,0.0946525720937643,6.35595395338373e-07,1,1,1,1,1,NaN,NaN,0,0,NaN,NaN,NaN,NaN,NaN,0,0,0,0,0,0,0,0,0,0,0,0
29,cp00p00_easy_noncoherent_t0029,29,29,120,formal_tps30,easy_noncoherent,0,29,combined_int16,7353,10,1,1,1,1,0,0,1,0.999999978085873,NaN,413.702152476209,411.744487762364,0.000966840865437964,0.0009622580990057,1.95766471384559,0.0047320631573416,weak_margin,0,0,0,0,0,23.0236383988522,6.29922205215553,2.82407164714949e-05,1,1,1,1,1,NaN,NaN,0,0,1.02326866867281e-06,0.0012316833403547,0.00146710393671674,3.45215834824301,6.53562678987856,0,0,0,0,0,0,0,1.89921494063163e-05,3.11406035697417e-05,2.74992192833928e-05,6.97738872679245e-05,1.58464041896503e-05
29,cp00p00_easy_noncoherent_t0029,29,29,120,formal_tps30,easy_noncoherent,0,29,combined_int18,7353,10,1,1,1,1,0,0,1,0.999999994808224,NaN,413.702152476209,413.366396255471,0.000966840865437964,0.000966058139135277,0.335756220738403,0.000811589252627134,weak_margin,0,0,0,0,0,4.71733482644777,1.66476264290395,7.36581575082745e-06,1,1,1,1,1,NaN,NaN,0,0,2.55811311933242e-07,0.000307913774244636,0.00036676752152285,0.863022009810943,1.63385927373705,0,0,0,0,0,0,0,4.75555370558934e-06,7.77744768055423e-06,6.80054209308456e-06,1.56318416070565e-05,3.96638304066426e-06
29,cp00p00_easy_noncoherent_t0029,29,29,120,formal_tps30,easy_noncoherent,0,29,combined_int24,7353,10,1,1,1,1,0,0,1,0.999999999969815,NaN,413.702152476209,413.696338206792,0.000966840865437964,0.000966827235758924,0.00581426941789687,1.40542401897008e-05,weak_margin,0,0,0,0,0,0.119904246428632,0.0228079450607765,1.00808938989153e-07,1,1,1,1,1,NaN,NaN,0,0,3.99702173035428e-09,4.8111164869768e-06,5.73069950210166e-06,0.0134846303470227,0.025528931700511,0,0,0,0,0,0,0,7.42029538126525e-08,1.2062533238579e-07,1.04567227621569e-07,2.43302694232117e-07,6.27739386626163e-08
29,cp00p00_easy_noncoherent_t0029,29,29,120,formal_tps30,easy_noncoherent,0,29,mixed_Z16_G24_Rz24,7353,10,1,1,1,1,0,0,1,0.999999998762426,NaN,413.702152476209,413.619652738853,0.000966840865437964,0.000966648075903774,0.0824997373565566,0.00019941819703561,weak_margin,0,0,0,0,0,0.514080870882026,0.375758705980843,1.631526018632e-06,1,1,1,1,1,NaN,NaN,0,0,NaN,4.81111649577584e-06,0.00146710366832939,0.0134846057653979,0.0255289256103476,0,0,0,0,0,0,0,0,1.20552980091729e-07,2.74392905709409e-05,2.63754725221841e-07,6.25349872871988e-08
29,cp00p00_easy_noncoherent_t0029,29,29,120,formal_tps30,easy_noncoherent,0,29,combined_int14,7353,10,1,1,1,1,0,0,1,0.999999858342977,NaN,413.702152476209,418.307227001787,0.000966840865437964,0.000977636563607441,4.60507452557795,0.0111313767598605,weak_margin,0,0,0,0,0,81.5018579437165,23.0024669174454,0.000103707483767415,1,1,1,1,1,NaN,NaN,0,0,4.09344945261897e-06,0.00492718452979009,0.00586895433809549,13.809922875016,26.1442016876127,0,0,0,0,0,0,0,7.59786814574564e-05,0.000125043022251653,0.000108319282180415,0.000246485930873562,6.41094918084842e-05
29,cp00p00_easy_noncoherent_t0029,29,29,120,formal_tps30,easy_noncoherent,0,29,W_int18_G24_Z16,7353,10,1,1,1,1,0,0,1,0.999999998822795,NaN,413.702152476209,413.645154707192,0.000966840865437964,0.000966707795848356,0.056997769017471,0.000137774891129552,weak_margin,0,0,0,0,0,0.533950599099626,0.364096381439595,1.58701121390228e-06,1,1,1,1,1,NaN,NaN,0,0,2.55811311933242e-07,4.81111658991996e-06,0.00146710366568564,NaN,0.0255289239466266,0,0,0,0,0,0,0,4.75555370558934e-06,1.21162671873752e-07,2.74465385803982e-05,0,6.22239847255299e-08
149,cp00p00_low_snr_hard_t0029,149,29,120,formal_tps30,low_snr_hard,0,29,double_baseline,7353,10,1,1,1,1,0,0,1,1,NaN,118.284336062585,118.284336062585,0.000595390966795706,0.000595390966795706,0,0,weak_margin,0,0,0,0,0,0,0,0,1,1,1,1,1,NaN,NaN,0,0,NaN,NaN,NaN,NaN,NaN,0,0,0,0,0,0,0,0,0,0,0,0
149,cp00p00_low_snr_hard_t0029,149,29,120,formal_tps30,low_snr_hard,0,29,float32_all,7353,10,1,1,1,1,0,0,1,0.999999999758522,NaN,118.284336062585,118.2578125,0.000595390966795706,0.000595257500089169,0.0265235625847708,0.000224235629734922,weak_margin,0,0,0,0,0,0.462685855571181,0.066809845957323,6.93881505561286e-07,1,1,1,1,1,NaN,NaN,0,0,NaN,NaN,NaN,NaN,NaN,0,0,0,0,0,0,0,0,0,0,0,0
149,cp00p00_low_snr_hard_t0029,149,29,120,formal_tps30,low_snr_hard,0,29,combined_int16,7353,10,1,1,1,1,0,0,1,0.999999973739269,NaN,118.284336062585,118.299459258531,0.000595390966795706,0.000595465302694817,0.0151231959462166,0.000127854595541838,weak_margin,0,0,0,0,0,20.4452297884563,4.18726273192442,3.50898871575465e-05,1,1,1,1,1,NaN,NaN,0,0,1.02326866867281e-06,0.0012316833403547,0.00112298636598845,2.63273034875128,3.03331946816769,0,0,0,0,0,0,0,1.89921494063163e-05,3.11406035697417e-05,3.02951846797464e-05,7.56832551078343e-05,1.40549962022502e-05
149,cp00p00_low_snr_hard_t0029,149,29,120,formal_tps30,low_snr_hard,0,29,combined_int18,7353,10,1,1,1,1,0,0,1,0.999999993751757,NaN,118.284336062585,118.295765047049,0.000595390966795706,0.0005954516653562,0.0114289844641462,9.66229751511567e-05,weak_margin,0,0,0,0,0,4.30016754688404,1.02917098339094,8.83520394966323e-06,1,1,1,1,1,NaN,NaN,0,0,2.55811311933242e-07,0.000307913774244636,0.000280740201124849,0.658168585287114,0.758306186198986,0,0,0,0,0,0,0,4.75555370558934e-06,7.77744768055423e-06,7.64322351610634e-06,1.90785700587784e-05,3.49808987362771e-06
149,cp00p00_low_snr_hard_t0029,149,29,120,formal_tps30,low_snr_hard,0,29,combined_int24,7353,10,1,1,1,1,0,0,1,0.999999999879261,NaN,118.284336062585,118.283648565528,0.000595390966795706,0.000595387515088186,0.000687497056787834,5.81224090757102e-06,weak_margin,0,0,0,0,0,0.0761163665665663,0.0148482860422519,1.25741807065493e-07,1,1,1,1,1,NaN,NaN,0,0,3.99702173035428e-09,4.8111164869768e-06,4.386532305113e-06,0.0102838120089199,0.0118485073189956,0,0,0,0,0,0,0,7.42029538126525e-08,1.2062533238579e-07,1.18828579432401e-07,3.13522136189157e-07,5.49906770029004e-08
149,cp00p00_low_snr_hard_t0029,149,29,120,formal_tps30,low_snr_hard,0,29,mixed_Z16_G24_Rz24,7353,10,1,1,1,1,0,0,1,0.999999999607598,NaN,118.284336062585,118.271806612873,0.000595390966795706,0.000595327839443062,0.0125294497120194,0.000105926533716096,weak_margin,0,0,0,0,0,0.165730698921834,0.11590678578068,9.63243995353738e-07,1,1,1,1,1,NaN,NaN,0,0,NaN,4.81111649577584e-06,0.00112298640879582,0.0102838024621076,0.0118485079756427,0,0,0,0,0,0,0,0,1.20552980091729e-07,3.03148197022791e-05,2.68934650654461e-07,5.48571664654312e-08
149,cp00p00_low_snr_hard_t0029,149,29,120,formal_tps30,low_snr_hard,0,29,combined_int14,7353,10,0,0,1,1,0,0,0,0.999999858554271,NaN,118.284336062585,121.338469879498,0.000595390966795706,0.00061079892499386,3.05413381691324,0.0258202727307636,weak_margin,1,0,0,0,0,66.2778657919043,15.9002484204393,0.000133720021079886,1,0,1,1,1,NaN,NaN,0,0,4.09344945261897e-06,0.00492718452979009,0.00449235215137049,10.5317371754125,12.1338469879504,0,0,0,0,0,0,0,7.59786814574564e-05,0.000125043022251653,0.000122570982684664,0.000301092110624448,5.59065645125109e-05
149,cp00p00_low_snr_hard_t0029,149,29,120,formal_tps30,low_snr_hard,0,29,W_int18_G24_Z16,7353,10,1,1,1,1,0,0,1,0.999999999577414,NaN,118.284336062585,118.271828851532,0.000595390966795706,0.000595327839443084,0.0125072110531619,0.000105738523539958,weak_margin,0,0,0,0,0,0.168245453984127,0.117689557904669,9.72920331052452e-07,1,1,1,1,1,NaN,NaN,0,0,2.55811311933242e-07,4.81111658991996e-06,0.00112298650781686,NaN,0.0118485102035184,0,0,0,0,0,0,0,4.75555370558934e-06,1.21162671873752e-07,3.03216987296222e-05,0,5.51188264981049e-08
269,cp00p00_cache_boundary_center_t0029,269,29,120,formal_tps30,cache_boundary_center,0,29,double_baseline,7353,10,1,1,1,1,0,0,1,1,NaN,572.105454762263,572.105454762263,0.00178386610308107,0.00178386610308107,0,0,reliable,0,0,1,1,1,0,0,0,1,1,1,1,1,NaN,NaN,0,0,NaN,NaN,NaN,NaN,NaN,0,0,0,0,0,0,0,0,0,0,0,0
269,cp00p00_cache_boundary_center_t0029,269,29,120,formal_tps30,cache_boundary_center,0,29,float32_all,7353,10,1,1,1,1,0,0,1,0.999999999577414,NaN,572.105454762263,572.140625,0.00178386610308107,0.00178397611673168,0.035170237737475,6.14750959717556e-05,reliable,0,0,1,1,1,1.15337541846384,0.0965452383388765,7.71044290246032e-07,1,1,1,1,1,NaN,NaN,0,0,NaN,NaN,NaN,NaN,NaN,0,0,0,0,0,0,0,0,0,0,0,0
269,cp00p00_cache_boundary_center_t0029,269,29,120,formal_tps30,cache_boundary_center,0,29,combined_int16,7353,10,1,1,1,1,0,0,1,0.999999974856105,NaN,572.105454762263,573.600911754998,0.00178386610308107,0.00178852591833929,1.49545699273585,0.00261395338968982,reliable,0,0,1,1,1,24.0865822735068,5.2313327609445,3.07984174945636e-05,1,1,1,1,1,NaN,NaN,0,0,1.02326866867281e-06,0.0012316833403547,0.00143559690209093,2.48447570572294,4.9025718953418,0,0,0,0,0,0,0,1.89921494063163e-05,3.11406035697417e-05,3.06530076178846e-05,4.01037045727867e-05,1.56884273264741e-05
269,cp00p00_cache_boundary_center_t0029,269,29,120,formal_tps30,cache_boundary_center,0,29,combined_int18,7353,10,1,1,1,1,0,0,1,0.999999994113974,NaN,572.105454762263,572.360606163333,0.00178386610308107,0.00178465653960061,0.255151401070179,0.000445986660232434,reliable,0,0,1,1,1,5.2637024569849,1.42768799021724,8.33230899748719e-06,1,1,1,1,1,NaN,NaN,0,0,2.55811311933242e-07,0.000307913774244636,0.000358890973725423,0.621101682338804,1.22561157636691,0,0,0,0,0,0,0,4.75555370558934e-06,7.77744768055423e-06,7.67082538041532e-06,1.12052344854514e-05,3.92704088380846e-06
269,cp00p00_cache_boundary_center_t0029,269,29,120,formal_tps30,cache_boundary_center,0,29,combined_int24,7353,10,1,1,1,1,0,0,1,0.999999999909446,NaN,572.105454762263,572.10525495364,0.00178386610308107,0.00178386548454055,0.000199808622710407,3.49251385469549e-07,reliable,0,0,1,1,1,0.151991959952284,0.0218292549761827,1.27895022554396e-07,1,1,1,1,1,NaN,NaN,0,0,3.99702173035428e-09,4.8111164869768e-06,5.60762916716721e-06,0.00970464547102856,0.019149966693009,0,0,0,0,0,0,0,7.42029538126525e-08,1.2062533238579e-07,1.20000164849882e-07,1.49914886191098e-07,6.09063614757934e-08
269,cp00p00_cache_boundary_center_t0029,269,29,120,formal_tps30,cache_boundary_center,0,29,mixed_Z16_G24_Rz24,7353,10,1,1,1,1,0,0,1,0.999999998702056,NaN,572.105454762263,572.106026680878,0.00178386610308107,0.00178386548454056,0.000571918615605682,9.99673418326945e-07,reliable,0,0,1,1,1,0.457668245973764,0.40352566538786,2.15920551492137e-06,1,1,1,1,1,NaN,NaN,0,0,NaN,4.81111649577584e-06,0.00143559670481385,0.00970468554258497,0.0191499925248829,0,0,0,0,0,0,0,0,1.20552980091729e-07,3.06805358255433e-05,1.80002293732549e-07,6.11154422088638e-08
269,cp00p00_cache_boundary_center_t0029,269,29,120,formal_tps30,cache_boundary_center,0,29,combined_int14,7353,10,1,1,1,1,0,0,1,0.999999861059605,NaN,572.105454762263,568.74959855873,0.00178386610308107,0.00177337491591761,3.35585620353231,0.00586580004717283,reliable,0,0,1,1,1,82.0077239930542,22.1819457919337,0.000127991413573819,1,1,1,1,1,NaN,NaN,0,0,4.09344945261897e-06,0.00492718452979009,0.00574291567411652,9.93868895588731,19.6120551227143,0,0,0,0,0,0,0,7.59786814574564e-05,0.000125043022251653,0.00012549041466518,0.000173621686934942,6.20571070766363e-05
269,cp00p00_cache_boundary_center_t0029,269,29,120,formal_tps30,cache_boundary_center,0,29,W_int18_G24_Z16,7353,10,1,1,1,1,0,0,1,0.999999998702056,NaN,572.105454762263,572.106093901995,0.00178386610308107,0.00178386548454061,0.0006391397328116,1.11717119193907e-06,reliable,0,0,1,1,1,0.478462947256048,0.404930629229057,2.14863943919207e-06,1,1,1,1,1,NaN,NaN,0,0,2.55811311933242e-07,4.81111658991996e-06,0.00143559675335444,NaN,0.0191499947749616,0,0,0,0,0,0,0,4.75555370558934e-06,1.21162671873752e-07,3.06884662900947e-05,0,6.12612626173295e-08
389,cp04p00_hard_phase_t0029,389,29,120,formal_tps30,hard_phase,3.75,29,double_baseline,7353,10,1,1,1,1,0,0,1,1,NaN,426.34854861378,426.34854861378,0.00149772319931571,0.00149772319931571,0,0,reliable,0,0,1,1,1,0,0,0,1,1,1,1,1,NaN,NaN,0,0,NaN,NaN,NaN,NaN,NaN,0,0,0,0,0,0,0,0,0,0,0,0
389,cp04p00_hard_phase_t0029,389,29,120,formal_tps30,hard_phase,3.75,29,float32_all,7353,10,1,1,1,1,0,0,1,0.999999999667968,NaN,426.34854861378,426.359375,0.00149772319931571,0.00149776186502996,0.0108263862202875,2.53932756555363e-05,reliable,0,0,1,1,1,1.13930406290456,0.0990543998632347,8.52448145141495e-07,1,1,1,1,1,NaN,NaN,0,0,NaN,NaN,NaN,NaN,NaN,0,0,0,0,0,0,0,0,0,0,0,0
389,cp04p00_hard_phase_t0029,389,29,120,formal_tps30,hard_phase,3.75,29,combined_int16,7353,10,1,1,1,1,0,0,1,0.999999977934949,NaN,426.34854861378,426.319602598611,0.00149772319931571,0.00149764655541289,0.0289460151689127,6.7892843221883e-05,reliable,0,0,1,1,1,22.2999548268708,5.6944051739265,3.74358393281513e-05,1,1,1,1,1,NaN,NaN,0,0,1.02326866867281e-06,0.0012316833403547,0.00132999616102377,2.78618454711933,4.35020002651652,0,0,0,0,0,0,0,1.89921494063163e-05,3.11406035697831e-05,2.9884514372104e-05,5.76239113976948e-05,1.58020838446877e-05
389,cp04p00_hard_phase_t0029,389,29,120,formal_tps30,hard_phase,3.75,29,combined_int18,7353,10,1,1,1,1,0,0,1,0.999999994476191,NaN,426.34854861378,426.316622950486,0.00149772319931571,0.00149761222540585,0.031925663293805,7.48816042592554e-05,reliable,0,0,1,1,1,4.62169654975878,1.22765430811705,8.21942498295316e-06,1,1,1,1,1,NaN,NaN,0,0,2.55811311933242e-07,0.000307913774244636,0.000332491410568487,0.696531503471971,1.08754240548599,0,0,0,0,0,0,0,4.75555370558934e-06,7.77744768042514e-06,7.52566119218235e-06,1.34229312272134e-05,3.95783326662197e-06
389,cp04p00_hard_phase_t0029,389,29,120,formal_tps30,hard_phase,3.75,29,combined_int24,7353,10,1,1,1,1,0,0,1,0.999999999909446,NaN,426.34854861378,426.347788778949,0.00149772319931571,0.00149772052785666,0.000759834831114858,1.78219166826149e-06,reliable,0,0,1,1,1,0.149444016402413,0.0192462137201801,1.2967002888401e-07,1,1,1,1,1,NaN,NaN,0,0,3.99702173035428e-09,4.8111164869768e-06,5.19513928127621e-06,0.0108832270996083,0.0169927376954542,0,0,0,0,0,0,0,7.42029538126525e-08,1.20625332464326e-07,1.19141038754183e-07,1.90542222598722e-07,6.16291352681145e-08
389,cp04p00_hard_phase_t0029,389,29,120,formal_tps30,hard_phase,3.75,29,mixed_Z16_G24_Rz24,7353,10,1,1,1,1,0,0,1,0.999999999094458,NaN,426.34854861378,426.346202564397,0.00149772319931571,0.00149772052785667,0.00234604938304983,5.50265596230531e-06,reliable,0,0,1,1,1,0.642387435160344,0.515267978189513,3.96428305815515e-06,1,1,1,1,1,NaN,NaN,0,0,NaN,4.81111649577584e-06,0.00132999608441386,0.0108832135340726,0.0169926744744675,0,0,0,0,0,0,0,0,1.20552980091729e-07,2.99028538614376e-05,2.36308633532326e-07,6.14720860183406e-08
389,cp04p00_hard_phase_t0029,389,29,120,formal_tps30,hard_phase,3.75,29,combined_int14,7353,10,1,1,1,1,0,0,1,0.999999846510556,NaN,426.34854861378,435.063327877462,0.00149772319931571,0.00152839762792686,8.71477926368243,0.0204405041180918,reliable,0,0,1,1,1,82.4547900051693,21.1771581799148,0.00014221052405308,1,1,1,1,1,NaN,NaN,0,0,4.09344945261897e-06,0.00492718452979009,0.00532047504129151,11.1456172044483,17.4025331150987,0,0,0,0,0,0,0,7.59786814574564e-05,0.000125043022251554,0.000123597690133958,0.000230722879307954,6.29061264523257e-05
389,cp04p00_hard_phase_t0029,389,29,120,formal_tps30,hard_phase,3.75,29,W_int18_G24_Z16,7353,10,1,1,1,1,0,0,1,0.999999999185012,NaN,426.34854861378,426.345899767621,0.00149772319931571,0.00149772052785672,0.00264884615899064,6.21286543041611e-06,reliable,0,0,1,1,1,0.701448020976386,0.589423801095109,4.58562079062289e-06,1,1,1,1,1,NaN,NaN,0,0,2.55811311933242e-07,4.81111658991996e-06,0.00132999608370074,NaN,0.0169926624060422,0,0,0,0,0,0,0,4.75555370558934e-06,1.21162671883256e-07,2.99175948306343e-05,0,6.18505430412347e-08
509,cp04p00_medium_beta_coherent_t0029,509,29,120,formal_tps30,medium_beta_coherent,3.75,29,double_baseline,7353,10,1,1,1,1,0,0,1,1,NaN,466.44045961235,466.44045961235,0.00145172645905602,0.00145172645905602,0,0,reliable,0,0,1,1,1,0,0,0,1,1,1,1,1,NaN,NaN,0,0,NaN,NaN,NaN,NaN,NaN,0,0,0,0,0,0,0,0,0,0,0,0
509,cp04p00_medium_beta_coherent_t0029,509,29,120,formal_tps30,medium_beta_coherent,3.75,29,float32_all,7353,10,1,1,1,1,0,0,1,0.999999999698153,NaN,466.44045961235,466.4375,0.00145172645905602,0.00145171717639356,0.00295961234951392,6.34510212080144e-06,reliable,0,0,1,1,1,1.21509215893457,0.100408052981948,6.60514332228683e-07,1,1,1,1,1,NaN,NaN,0,0,NaN,NaN,NaN,NaN,NaN,0,0,0,0,0,0,0,0,0,0,0,0
509,cp04p00_medium_beta_coherent_t0029,509,29,120,formal_tps30,medium_beta_coherent,3.75,29,combined_int16,7353,10,1,1,1,1,0,0,1,0.999999972924281,NaN,466.44045961235,466.444671053207,0.00145172645905602,0.00145173367563683,0.00421144085703418,9.02889269197237e-06,reliable,0,0,1,1,1,26.7665489312203,6.8158796102216,3.59155043774508e-05,1,1,1,1,1,NaN,NaN,0,0,1.02326866867281e-06,0.0012316833403547,0.00144242736759584,3.85203858287403,4.9099439058233,0,0,0,0,0,0,0,1.89921494063163e-05,3.11406035697831e-05,3.10312723150871e-05,7.2081323611454e-05,1.42154474689882e-05
509,cp04p00_medium_beta_coherent_t0029,509,29,120,formal_tps30,medium_beta_coherent,3.75,29,combined_int18,7353,10,1,1,1,1,0,0,1,0.999999994204529,NaN,466.44045961235,466.432649337279,0.00145172645905602,0.00145170039959966,0.00781027507036924,1.6744420235029e-05,reliable,0,0,1,1,1,6.18492140623857,1.62645403397619,8.57497810117973e-06,1,1,1,1,1,NaN,NaN,0,0,2.55811311933242e-07,0.000307913774244636,0.000360598525636895,0.962986752913035,1.22745434036124,0,0,0,0,0,0,0,4.75555370558934e-06,7.77744768042514e-06,7.93347364788238e-06,1.61229086037932e-05,3.55970103556278e-06
509,cp04p00_medium_beta_coherent_t0029,509,29,120,formal_tps30,medium_beta_coherent,3.75,29,combined_int24,7353,10,1,1,1,1,0,0,1,0.999999999939631,NaN,466.44045961235,466.447779300681,0.00145172645905602,0.00145174925906822,0.00731968833133578,1.56926531146527e-05,reliable,0,0,1,1,1,0.128446444294241,0.0232745096873259,1.21932210895836e-07,1,1,1,1,1,NaN,NaN,0,0,3.99702173035428e-09,4.8111164869768e-06,5.63430952682983e-06,0.0150465535517425,0.0191788075860653,0,0,0,0,0,0,0,7.42029538126525e-08,1.20625332464326e-07,1.18722842849063e-07,2.69374872233032e-07,5.58608564503326e-08
509,cp04p00_medium_beta_coherent_t0029,509,29,120,formal_tps30,medium_beta_coherent,3.75,29,mixed_Z16_G24_Rz24,7353,10,1,1,1,1,0,0,1,0.999999999215197,NaN,466.44045961235,466.448054645851,0.00145172645905602,0.00145174925906822,0.00759503350127488,1.62829646201511e-05,reliable,0,0,1,1,1,0.484252891634242,0.332008586359734,1.7123880102631e-06,1,1,1,1,1,NaN,NaN,0,0,NaN,4.81111649577584e-06,0.00144242708707596,0.0150465624568178,0.0191788189073585,0,0,0,0,0,0,0,0,1.20552980091729e-07,3.10511789510573e-05,2.62343605047618e-07,5.557967059967e-08
509,cp04p00_medium_beta_coherent_t0029,509,29,120,formal_tps30,medium_beta_coherent,3.75,29,combined_int14,7353,10,1,1,1,1,0,0,1,0.999999851853256,NaN,466.44045961235,471.424535528873,0.00145172645905602,0.00146717202592003,4.98407591652358,0.01068534217779,reliable,0,0,1,1,1,159.889379471933,26.4378763826389,0.000142413976547286,1,1,1,1,1,NaN,NaN,0,0,4.09344945261897e-06,0.00492718452979009,0.00577023260102994,15.4095381321095,19.6426889803698,0,0,0,0,0,0,0,7.59786814574564e-05,0.000125043022251554,0.000122216540871043,0.000256974526438589,5.79533485962014e-05
509,cp04p00_medium_beta_coherent_t0029,509,29,120,formal_tps30,medium_beta_coherent,3.75,29,W_int18_G24_Z16,7353,10,1,1,1,1,0,0,1,0.999999999215197,NaN,466.44045961235,466.448074824119,0.00145172645905602,0.00145174925906829,0.00761521176900715,1.63262247347411e-05,reliable,0,0,1,1,1,0.466512164624874,0.324096092255786,1.67737049775733e-06,1,1,1,1,1,NaN,NaN,0,0,2.55811311933242e-07,4.81111658991996e-06,0.00144242711733615,NaN,0.0191788197370221,0,0,0,0,0,0,0,4.75555370558934e-06,1.21162671883256e-07,3.10344389575169e-05,0,5.57851596640429e-08
629,cp08p00_easy_noncoherent_t0029,629,29,120,formal_tps30,easy_noncoherent,7.5,29,double_baseline,7353,10,1,1,1,1,0,0,1,1,NaN,193.680762788543,193.680762788543,0.000457099700310659,0.000457099700310659,0,0,weak_margin,0,0,0,0,0,0,0,0,1,1,1,1,1,NaN,NaN,0,0,NaN,NaN,NaN,NaN,NaN,0,0,0,0,0,0,0,0,0,0,0,0
629,cp08p00_easy_noncoherent_t0029,629,29,120,formal_tps30,easy_noncoherent,7.5,29,float32_all,7353,10,1,1,1,1,0,0,1,0.999999999698153,NaN,193.680762788543,193.734375,0.000457099700310659,0.000457226159088964,0.0536122114572208,0.000276807106112824,weak_margin,0,0,0,0,0,1.15502832183847,0.103219349664869,6.78481386978981e-07,1,1,1,1,1,NaN,NaN,0,0,NaN,NaN,NaN,NaN,NaN,0,0,0,0,0,0,0,0,0,0,0,0
629,cp08p00_easy_noncoherent_t0029,629,29,120,formal_tps30,easy_noncoherent,7.5,29,combined_int16,7353,10,1,1,1,1,0,0,1,0.999999973527976,NaN,193.680762788543,194.055823771661,0.000457099700310659,0.000457987298485607,0.375060983118601,0.00193649063396186,weak_margin,0,0,0,0,0,20.2932756727969,5.69327227730537,2.61693499164705e-05,1,1,1,1,1,NaN,NaN,0,0,1.02326866867281e-06,0.0012316833403547,0.00146973748151086,3.29516785663418,6.46852745905511,0,0,0,0,0,0,0,1.89921494063163e-05,3.11406035699207e-05,2.78112727430078e-05,5.83892734683615e-05,1.59791252772538e-05
629,cp08p00_easy_noncoherent_t0029,629,29,120,formal_tps30,easy_noncoherent,7.5,29,combined_int18,7353,10,1,1,1,1,0,0,1,0.999999994415822,NaN,193.680762788543,194.052359588415,0.000457099700310659,0.000457976811107467,0.37159679987235,0.00191860458685849,weak_margin,0,0,0,0,0,4.90416219002509,1.56290024543705,6.89985565779563e-06,1,1,1,1,1,NaN,NaN,0,0,2.55811311933242e-07,0.000307913774244636,0.000367425894341156,0.82377543983369,1.61710299657012,0,0,0,0,0,0,0,4.75555370558934e-06,7.77744768057293e-06,6.8874503008564e-06,1.52750642044163e-05,4.04353150948269e-06
629,cp08p00_easy_noncoherent_t0029,629,29,120,formal_tps30,easy_noncoherent,7.5,29,combined_int24,7353,10,1,1,1,1,0,0,1,0.999999999909446,NaN,193.680762788543,193.671773884475,0.000457099700310659,0.000457078481955564,0.00898890406824648,4.64109286788612e-05,weak_margin,0,0,0,0,0,0.108309893577825,0.0228586999728577,1.02202631762551e-07,1,1,1,1,1,NaN,NaN,0,0,3.99702173035428e-09,4.8111164869768e-06,5.74098648336039e-06,0.012871400704189,0.0252670285563586,0,0,0,0,0,0,0,7.42029538126525e-08,1.20625332357787e-07,1.0994207967962e-07,2.42520518008964e-07,6.25282505262836e-08
629,cp08p00_easy_noncoherent_t0029,629,29,120,formal_tps30,easy_noncoherent,7.5,29,mixed_Z16_G24_Rz24,7353,10,1,1,1,1,0,0,1,0.999999999034088,NaN,193.680762788543,193.746757952409,0.000457099700310659,0.000457257459444577,0.0659951638663188,0.000340741965883164,weak_margin,0,0,0,0,0,1.12377421036945,0.971258996229153,4.64211429048698e-06,1,1,1,1,1,NaN,NaN,0,0,NaN,4.81111649577584e-06,0.00146973721505294,0.0128713534926856,0.0252669220073598,0,0,0,0,0,0,0,0,1.20552980091729e-07,2.78532362238926e-05,2.33098939696311e-07,6.23140471544659e-08
629,cp08p00_easy_noncoherent_t0029,629,29,120,formal_tps30,easy_noncoherent,7.5,29,combined_int14,7353,10,1,1,1,1,0,0,1,0.999999843582635,NaN,193.680762788543,207.010779438046,0.000457099700310659,0.000488579455233871,13.3300166495028,0.0688246806630779,weak_margin,0,0,0,0,0,71.8767960136174,25.1386481059308,0.00011215628540143,1,1,1,1,1,NaN,NaN,0,0,4.09344945261897e-06,0.00492718452979009,0.00587948868859338,13.1819976616877,25.8763474297576,0,0,0,0,0,0,0,7.59786814574564e-05,0.000125043022251619,0.000112289192580093,0.000233746553330464,6.39187304775383e-05
629,cp08p00_easy_noncoherent_t0029,629,29,120,formal_tps30,easy_noncoherent,7.5,29,W_int18_G24_Z16,7353,10,1,1,1,1,0,0,1,0.999999999003904,NaN,193.680762788543,193.746763201605,0.000457099700310659,0.000457257459444666,0.0660004130622838,0.0003407690681926,weak_margin,0,0,0,0,0,1.13666510948678,0.951136256364407,4.63435667961032e-06,1,1,1,1,1,NaN,NaN,0,0,2.55811311933242e-07,4.81111658991996e-06,0.00146973721723654,NaN,0.0252669226919136,0,0,0,0,0,0,0,4.75555370558934e-06,1.2116267188959e-07,2.78540819116851e-05,0,6.22224469621318e-08
749,cp08p00_low_snr_hard_t0029,749,29,120,formal_tps30,low_snr_hard,7.5,29,double_baseline,7353,10,1,1,1,1,0,0,1,1,NaN,121.657602956853,121.657602956853,0.00061254870974641,0.00061254870974641,0,0,weak_margin,0,0,0,0,0,0,0,0,1,1,1,1,1,NaN,NaN,0,0,NaN,NaN,NaN,NaN,NaN,0,0,0,0,0,0,0,0,0,0,0,0
749,cp08p00_low_snr_hard_t0029,749,29,120,formal_tps30,low_snr_hard,7.5,29,float32_all,7353,10,1,1,1,1,0,0,1,0.999999999637783,NaN,121.657602956853,121.640625,0.00061254870974641,0.000612463382006274,0.0169779568532249,0.000139555247190315,weak_margin,0,0,0,0,0,0.655718933048774,0.0652907424664591,7.26127945033012e-07,1,1,1,1,1,NaN,NaN,0,0,NaN,NaN,NaN,NaN,NaN,0,0,0,0,0,0,0,0,0,0,0,0
749,cp08p00_low_snr_hard_t0029,749,29,120,formal_tps30,low_snr_hard,7.5,29,combined_int16,7353,10,1,1,1,1,0,0,1,0.999999976757744,NaN,121.657602956853,121.299018299367,0.00061254870974641,0.000610742968821578,0.358584657486062,0.0029474907344117,weak_margin,0,0,0,0,0,18.4208513923513,3.73882220967425,3.19020323208167e-05,1,1,1,1,1,NaN,NaN,0,0,1.02326866867281e-06,0.0012316833403547,0.00112310018740475,2.63264112244178,3.03247545748415,0,0,0,0,0,0,0,1.89921494063163e-05,3.11406035699207e-05,3.06700845765403e-05,7.56121792483805e-05,1.40151365092879e-05
749,cp08p00_low_snr_hard_t0029,749,29,120,formal_tps30,low_snr_hard,7.5,29,combined_int18,7353,10,1,1,1,1,0,0,1,0.999999994808224,NaN,121.657602956853,122.054929841936,0.00061254870974641,0.000614548383279715,0.397326885082293,0.00326594372587801,weak_margin,0,0,0,0,0,4.33509197977401,0.973050980363041,7.96739363971031e-06,1,1,1,1,1,NaN,NaN,0,0,2.55811311933242e-07,0.000307913774244636,0.000280768683099655,0.658147279206695,0.758105154297722,0,0,0,0,0,0,0,4.75555370558934e-06,7.77744768057293e-06,7.78601118046473e-06,1.62715970278346e-05,3.54512252095968e-06
749,cp08p00_low_snr_hard_t0029,749,29,120,formal_tps30,low_snr_hard,7.5,29,combined_int24,7353,10,1,1,1,1,0,0,1,0.999999999818892,NaN,121.657602956853,121.662697640961,0.00061254870974641,0.000612574397133698,0.00509468410746194,4.18772356485506e-05,weak_margin,0,0,0,0,0,0.0847300603199983,0.0164318656024989,1.35827926779456e-07,1,1,1,1,1,NaN,NaN,0,0,3.99702173035428e-09,4.8111164869768e-06,4.38697739024251e-06,0.0102834668772268,0.0118452631331866,0,0,0,0,0,0,0,7.42029538126525e-08,1.20625332357787e-07,1.19596918265297e-07,2.71535287391284e-07,5.46541144949712e-08
749,cp08p00_low_snr_hard_t0029,749,29,120,formal_tps30,low_snr_hard,7.5,29,mixed_Z16_G24_Rz24,7353,10,1,1,1,1,0,0,1,0.999999999185012,NaN,121.657602956853,121.686220107105,0.00061254870974641,0.000612693752545532,0.0286171502521029,0.000235226977653441,weak_margin,0,0,0,0,0,0.254086826069397,0.224310091143707,2.04840882619553e-06,1,1,1,1,1,NaN,NaN,0,0,NaN,4.81111649577584e-06,0.00112310035378097,0.0102834448219234,0.0118452467737867,0,0,0,0,0,0,0,0,1.20552980091729e-07,3.06564051285004e-05,2.68009543510027e-07,5.50833827808429e-08
749,cp08p00_low_snr_hard_t0029,749,29,120,formal_tps30,low_snr_hard,7.5,29,combined_int14,7353,10,0,0,1,1,0,0,0,0.999999846993512,NaN,121.657602956853,121.312193760445,0.00061254870974641,0.000610798924993951,11.7858101796301,0.0968768896738002,weak_margin,1,0,0,0,0,70.4299850435491,15.1776457700762,0.00012915237347338,1,0,1,1,1,NaN,NaN,0,0,4.09344945261897e-06,0.00492718452979009,0.00449280828872841,10.5315039653475,12.1312193760433,0,0,0,0,0,0,0,7.59786814574564e-05,0.000125043022251619,0.000124214221963772,0.00033205242987522,5.59998469991957e-05
749,cp08p00_low_snr_hard_t0029,749,29,120,formal_tps30,low_snr_hard,7.5,29,W_int18_G24_Z16,7353,10,1,1,1,1,0,0,1,0.999999999154827,NaN,121.657602956853,121.68633011276,0.00061254870974641,0.000612693752545568,0.0287271559063811,0.000236131201077251,weak_margin,0,0,0,0,0,0.254544332237856,0.178619069367414,1.62973894174118e-06,1,1,1,1,1,NaN,NaN,0,0,2.55811311933242e-07,4.81111658991996e-06,0.00112310043832377,NaN,0.0118452574820167,0,0,0,0,0,0,0,4.75555370558934e-06,1.2116267188959e-07,3.06609072688987e-05,0,5.51779430815422e-08
869,cp08p00_cache_boundary_center_t0029,869,29,120,formal_tps30,cache_boundary_center,7.5,29,double_baseline,7353,10,1,1,1,1,0,0,1,1,NaN,565.384984899167,565.384984899167,0.00176027234936544,0.00176027234936544,0,0,reliable,0,0,1,1,1,0,0,0,1,1,1,1,1,NaN,NaN,0,0,NaN,NaN,NaN,NaN,NaN,0,0,0,0,0,0,0,0,0,0,0,0
869,cp08p00_cache_boundary_center_t0029,869,29,120,formal_tps30,cache_boundary_center,7.5,29,float32_all,7353,10,1,1,1,1,0,0,1,0.999999999637783,NaN,565.384984899167,565.40625,0.00176027234936544,0.00176033915887253,0.0212651008332614,3.76117183887611e-05,reliable,0,0,1,1,1,1.01209036214277,0.10741882774164,8.14130690980887e-07,1,1,1,1,1,NaN,NaN,0,0,NaN,NaN,NaN,NaN,NaN,0,0,0,0,0,0,0,0,0,0,0,0
869,cp08p00_cache_boundary_center_t0029,869,29,120,formal_tps30,cache_boundary_center,7.5,29,combined_int16,7353,10,1,1,1,1,0,0,1,0.999999974765551,NaN,565.384984899167,564.62816215778,0.00176027234936544,0.00175789908130663,0.756822741386713,0.00133859717113232,reliable,0,0,1,1,1,26.9374858826341,5.41892258603184,3.16806716527273e-05,1,1,1,1,1,NaN,NaN,0,0,1.02326866867281e-06,0.0012316833403547,0.00148603077571222,2.47917486285297,4.9098101057199,0,0,0,0,0,0,0,1.89921494063163e-05,3.11406035699207e-05,3.22423039521906e-05,4.71526810918237e-05,1.56091952095101e-05
869,cp08p00_cache_boundary_center_t0029,869,29,120,formal_tps30,cache_boundary_center,7.5,29,combined_int18,7353,10,1,1,1,1,0,0,1,0.999999994838408,NaN,565.384984899167,565.838418339437,0.00176027234936544,0.0017616869394415,0.453433440270601,0.00080199059469446,reliable,0,0,1,1,1,5.1630020912562,1.35290525190067,7.81597858557511e-06,1,1,1,1,1,NaN,NaN,0,0,2.55811311933242e-07,0.000307913774244636,0.000371499159849087,0.619779330170621,1.22741522416366,0,0,0,0,0,0,0,4.75555370558934e-06,7.77744768057293e-06,8.05426508616797e-06,1.04642420845774e-05,3.90162801094983e-06
869,cp08p00_cache_boundary_center_t0029,869,29,120,formal_tps30,cache_boundary_center,7.5,29,combined_int24,7353,10,1,1,1,1,0,0,1,0.999999999818892,NaN,565.384984899167,565.393203954998,0.00176027234936544,0.00176029794599661,0.00821905583143234,1.45370960512829e-05,reliable,0,0,1,1,1,0.169125844433438,0.0220542203460354,1.29700939921225e-07,1,1,1,1,1,NaN,NaN,0,0,3.99702173035428e-09,4.8111164869768e-06,5.80463053947711e-06,0.00968396886985217,0.0191782233965946,0,0,0,0,0,0,0,7.42029538126525e-08,1.20625332357787e-07,1.27227869213753e-07,1.66674737312545e-07,6.12612730949444e-08
869,cp08p00_cache_boundary_center_t0029,869,29,120,formal_tps30,cache_boundary_center,7.5,29,mixed_Z16_G24_Rz24,7353,10,1,1,1,1,0,0,1,0.999999998732241,NaN,565.384984899167,565.374989379401,0.00176027234936544,0.00176023813131978,0.00999551976565272,1.76791390514825e-05,reliable,0,0,1,1,1,0.60079948483326,0.483013648685301,2.74708856884498e-06,1,1,1,1,1,NaN,NaN,0,0,NaN,4.81111649577584e-06,0.00148603058898803,0.00968397998812365,0.0191782560847824,0,0,0,0,0,0,0,0,1.20552980091729e-07,3.21746964125635e-05,1.83762777974815e-07,6.10181220780374e-08
869,cp08p00_cache_boundary_center_t0029,869,29,120,formal_tps30,cache_boundary_center,7.5,29,combined_int14,7353,10,1,1,1,1,0,0,1,0.999999856682816,NaN,565.384984899167,569.574510248145,0.00176027234936544,0.00177337491591752,4.18952534897835,0.0074100399919986,reliable,0,0,1,1,1,76.9497808621527,22.2084238784155,0.000127134352754569,1,1,1,1,1,NaN,NaN,0,0,4.09344945261897e-06,0.00492718452979009,0.00594466760879296,9.91762603945121,19.6405003533848,0,0,0,0,0,0,0,7.59786814574564e-05,0.000125043022251619,0.000127494506608463,0.000150713800002513,6.26932999630013e-05
869,cp08p00_cache_boundary_center_t0029,869,29,120,formal_tps30,cache_boundary_center,7.5,29,W_int18_G24_Z16,7353,10,1,1,1,1,0,0,1,0.999999998671871,NaN,565.384984899167,565.394499413582,0.00176027234936544,0.00176029794599668,0.00951451441505924,1.68283818445516e-05,reliable,0,0,1,1,1,0.698814867559122,0.570664130500518,3.30753993863477e-06,1,1,1,1,1,NaN,NaN,0,0,2.55811311933242e-07,4.81111658991996e-06,0.00148603065219824,NaN,0.0191782673387459,0,0,0,0,0,0,0,4.75555370558934e-06,1.2116267188959e-07,3.21769795587817e-05,0,6.1692426160672e-08
989,cp15p00_hard_phase_t0029,989,29,120,formal_tps30,hard_phase,15,29,double_baseline,7353,10,1,1,1,1,0,0,1,1,NaN,424.437853888288,424.437853888288,0.0014918887648776,0.0014918887648776,0,0,reliable,0,0,1,1,1,0,0,0,1,1,1,1,1,NaN,NaN,0,0,NaN,NaN,NaN,NaN,NaN,0,0,0,0,0,0,0,0,0,0,0,0
989,cp15p00_hard_phase_t0029,989,29,120,formal_tps30,hard_phase,15,29,float32_all,7353,10,1,1,1,1,0,0,1,0.999999999667968,NaN,424.437853888288,424.453125,0.0014918887648776,0.00149194309537358,0.0152711117116269,3.59796176795442e-05,reliable,0,0,1,1,1,1.04930291819619,0.0954213902587071,8.11565306655698e-07,1,1,1,1,1,NaN,NaN,0,0,NaN,NaN,NaN,NaN,NaN,0,0,0,0,0,0,0,0,0,0,0,0
989,cp15p00_hard_phase_t0029,989,29,120,formal_tps30,hard_phase,15,29,combined_int16,7353,10,1,1,1,1,0,0,1,0.99999997482592,NaN,424.437853888288,426.073761262407,0.0014918887648776,0.00149764655541289,1.63590737411869,0.00385429188073611,reliable,0,0,1,1,1,22.4824173796951,5.39075919773313,3.52926870712211e-05,1,1,1,1,1,NaN,NaN,0,0,1.02326866867281e-06,0.0012316833403547,0.00126399599055152,2.78667390009065,4.34769144145324,0,0,0,0,0,0,0,1.89921494063163e-05,3.11406035699755e-05,2.89088321133529e-05,5.06844854420458e-05,1.58472262557628e-05
989,cp15p00_hard_phase_t0029,989,29,120,formal_tps30,hard_phase,15,29,combined_int18,7353,10,1,1,1,1,0,0,1,0.999999994928962,NaN,424.437853888288,424.976138259633,0.0014918887648776,0.00149378607913631,0.538284371345071,0.00126822894427024,reliable,0,0,1,1,1,5.84897787624504,1.33665657565871,8.8545976689641e-06,1,1,1,1,1,NaN,NaN,0,0,2.55811311933242e-07,0.000307913774244636,0.00031599173454898,0.69665277883528,1.08689549427014,0,0,0,0,0,0,0,4.75555370558934e-06,7.77744768038871e-06,6.99653711565623e-06,1.3606471279439e-05,3.95624977815267e-06
989,cp15p00_hard_phase_t0029,989,29,120,formal_tps30,hard_phase,15,29,combined_int24,7353,10,1,1,1,1,0,0,1,0.999999999788707,NaN,424.437853888288,424.43018651579,0.0014918887648776,0.00149186179600529,0.00766737249796279,1.80647706789622e-05,reliable,0,0,1,1,1,0.159633708113688,0.0215860582366076,1.41270767558925e-07,1,1,1,1,1,NaN,NaN,0,0,3.99702173035428e-09,4.81111648697679e-06,4.93733382068351e-06,0.0108851253561602,0.016982641906042,0,0,0,0,0,0,0,7.42029538126525e-08,1.20625332497314e-07,1.14077062181373e-07,2.09809179686166e-07,6.12797038125622e-08
989,cp15p00_hard_phase_t0029,989,29,120,formal_tps30,hard_phase,15,29,mixed_Z16_G24_Rz24,7353,10,1,1,1,1,0,0,1,0.999999999577414,NaN,424.437853888288,424.430201752722,0.0014918887648776,0.00149186179600528,0.00765213556587696,1.80288715904472e-05,reliable,0,0,1,1,1,0.229425176199584,0.141145581495948,9.26980106477097e-07,1,1,1,1,1,NaN,NaN,0,0,NaN,4.81111649577584e-06,0.00126399587994086,0.0108851121173354,0.0169826425157145,0,0,0,0,0,0,0,0,1.20552980091729e-07,2.88562357661692e-05,1.99975772552146e-07,6.20697942698563e-08
989,cp15p00_hard_phase_t0029,989,29,120,formal_tps30,hard_phase,15,29,combined_int14,7353,10,1,1,1,1,0,0,1,0.999999868635976,NaN,424.437853888288,434.810403868963,0.0014918887648776,0.00152839762792686,10.3725499806751,0.0244383244464457,reliable,0,0,1,1,1,84.005311243207,20.755946897043,0.000136675962056794,1,1,1,1,1,NaN,NaN,0,0,4.09344945261897e-06,0.00492718452979009,0.00505645014861704,11.1475866038275,17.3924161547587,0,0,0,0,0,0,0,7.59786814574564e-05,0.000125043022251462,0.000113410038662215,0.000228015684159106,6.34219136679005e-05
989,cp15p00_hard_phase_t0029,989,29,120,formal_tps30,hard_phase,15,29,W_int18_G24_Z16,7353,10,1,1,1,1,0,0,1,0.999999999607598,NaN,424.437853888288,424.44716716031,0.0014918887648776,0.00149192157863722,0.00931327202124521,2.19426046379371e-05,reliable,0,0,1,1,1,0.194368774165923,0.137173932569567,8.96240502041572e-07,1,1,1,1,1,NaN,NaN,0,0,2.55811311933242e-07,4.81111658991996e-06,0.00126399586898616,NaN,0.0169826418261239,0,0,0,0,0,0,0,4.75555370558934e-06,1.21162671904418e-07,2.88422371069747e-05,0,6.18777743217997e-08
1109,cp15p00_medium_beta_coherent_t0029,1109,29,120,formal_tps30,medium_beta_coherent,15,29,double_baseline,7353,10,1,1,1,1,0,0,1,1,NaN,468.313168709748,468.313168709748,0.00145242369709021,0.00145242369709021,0,0,reliable,0,0,1,1,1,0,0,0,1,1,1,1,1,NaN,NaN,0,0,NaN,NaN,NaN,NaN,NaN,0,0,0,0,0,0,0,0,0,0,0,0
1109,cp15p00_medium_beta_coherent_t0029,1109,29,120,formal_tps30,medium_beta_coherent,15,29,float32_all,7353,10,1,1,1,1,0,0,1,0.999999999849077,NaN,468.313168709748,468.28125,0.00145242369709021,0.0014523247857615,0.0319187097484246,6.81567632111733e-05,reliable,0,0,1,1,1,1.06352680092095,0.101626295363531,6.72790443145907e-07,1,1,1,1,1,NaN,NaN,0,0,NaN,NaN,NaN,NaN,NaN,0,0,0,0,0,0,0,0,0,0,0,0
1109,cp15p00_medium_beta_coherent_t0029,1109,29,120,formal_tps30,medium_beta_coherent,15,29,combined_int16,7353,10,0,0,1,1,0,0,0,0.999999975037213,NaN,468.313168709748,468.095655249752,0.00145242369709021,0.00145173367563682,0.217513459996553,0.000464461549513599,reliable,1,0,1,0,1,27.6080767277672,6.10883548604033,3.22467569157766e-05,1,0,1,1,1,NaN,NaN,0,0,1.02326866867281e-06,0.0012316833403547,0.00143531394881637,3.87077554908209,4.9273226868396,0,0,0,0,0,0,0,1.89921494063163e-05,3.11406035699755e-05,3.09509338251288e-05,6.99446400718328e-05,1.43293189554794e-05
1109,cp15p00_medium_beta_coherent_t0029,1109,29,120,formal_tps30,medium_beta_coherent,15,29,combined_int18,7353,10,1,1,1,1,0,0,1,0.999999994898778,NaN,468.313168709748,468.079727348028,0.00145242369709021,0.00145170039959963,0.233441361720907,0.000498472768476833,reliable,0,0,1,1,1,6.22814591907081,1.54365467640309,8.19983973854898e-06,1,1,1,1,1,NaN,NaN,0,0,2.55811311933242e-07,0.000307913774244636,0.000358820210039068,0.967672525194814,1.23178875617903,0,0,0,0,0,0,0,4.75555370558934e-06,7.77744768038871e-06,7.63329563872374e-06,1.76144923699843e-05,3.54660914812498e-06
1109,cp15p00_medium_beta_coherent_t0029,1109,29,120,formal_tps30,medium_beta_coherent,15,29,combined_int24,7353,10,1,1,1,1,0,0,1,0.999999999909446,NaN,468.313168709748,468.307720694924,0.00145242369709021,0.00145240681573473,0.00544801482465118,1.16332727513536e-05,reliable,0,0,1,1,1,0.115397184941685,0.0247680741449585,1.2926283541032e-07,1,1,1,1,1,NaN,NaN,0,0,3.99702173035428e-09,4.81111648697679e-06,5.60652363897277e-06,0.0151197637784127,0.0192465773752643,0,0,0,0,0,0,0,7.42029538126525e-08,1.20625332497314e-07,1.21539827535951e-07,2.46467242545223e-07,5.5919996965232e-08
1109,cp15p00_medium_beta_coherent_t0029,1109,29,120,formal_tps30,medium_beta_coherent,15,29,mixed_Z16_G24_Rz24,7353,10,1,1,1,1,0,0,1,0.999999999275566,NaN,468.313168709748,468.288170380838,0.00145242369709021,0.00145234703782035,0.0249983289104421,5.33795130709544e-05,reliable,0,0,1,1,1,0.477705881916336,0.325331830681534,1.58415997921118e-06,1,1,1,1,1,NaN,NaN,0,0,NaN,4.81111649577584e-06,0.00143531368343092,0.0151197517674148,0.0192465648917357,0,0,0,0,0,0,0,0,1.20552980091729e-07,3.09117355205245e-05,2.60301647595075e-07,5.57951418361085e-08
1109,cp15p00_medium_beta_coherent_t0029,1109,29,120,formal_tps30,medium_beta_coherent,15,29,combined_int14,7353,10,0,0,1,1,0,0,0,0.999999853754896,NaN,468.313168709748,473.082500893477,0.00145242369709021,0.00146717202592011,4.76933218372869,0.0101840659250918,reliable,1,0,1,0,1,147.881104005806,24.205474566159,0.000131588619042218,1,0,1,1,1,NaN,NaN,0,0,4.09344945261897e-06,0.00492718452979009,0.00574177844815986,15.4843206352149,19.7117708705605,0,0,0,0,0,0,0,7.59786814574564e-05,0.000125043022251462,0.000121068481482196,0.000275583905897076,5.71096731739344e-05
1109,cp15p00_medium_beta_coherent_t0029,1109,29,120,formal_tps30,medium_beta_coherent,15,29,W_int18_G24_Z16,7353,10,1,1,1,1,0,0,1,0.99999999936612,NaN,468.313168709748,468.288151033659,0.00145242369709021,0.00145234703782029,0.0250176760891918,5.34208255516669e-05,reliable,0,0,1,1,1,0.585036794072948,0.356563486260711,1.69358855465136e-06,1,1,1,1,1,NaN,NaN,0,0,2.55811311933242e-07,4.81111658991996e-06,0.00143531369213021,NaN,0.0192465640965707,0,0,0,0,0,0,0,4.75555370558934e-06,1.21162671904418e-07,3.0911770792101e-05,0,5.59620472197058e-08
