center_az,actual_center_az,selected_center_column,scenario_name,trial_id,seed,method_name,true_orientation,source_corr_empirical,direct_success,cached_success,direct_rmse,cached_rmse,direct_num_pairs,cached_num_pairs,same_estimate_flag,same_score_flag,max_abs_score_diff,relative_score_diff,az_diff_max,el_diff_max,direct_policy_name,cached_policy_name,same_policy_flag,direct_topK_miss,cached_topK_miss,direct_boundary_hit,cached_boundary_hit,cache_miss_count,direct_az_hat_1,direct_az_hat_2,cached_az_hat_1,cached_az_hat_2,direct_el_hat_1,direct_el_hat_2,cached_el_hat_1,cached_el_hat_2,az_true_1,az_true_2,el_true_1,el_true_2,direct_score,cached_score,pass_flag
0,0,1,easy_noncoherent,1,20361610,fixed_topK3,1,0.0689746340530481,1,1,0.0595818764390646,0.0595818764390646,18612,18612,1,1,0,0,0,0,FIXED_TOPK3,FIXED_TOPK3,1,0,0,0,0,0,-0.62,0.66,-0.62,0.66,10,10.72,10,10.72,-0.635,0.635,9.975,10.645,216391.478454406,216391.478454406,1
0,0,1,easy_noncoherent,1,20361610,c05_adaptive,1,0.0689746340530481,1,1,0.0373898381916808,0.0373898381916808,9729,9729,1,1,0,0,0,0,EASY,EASY,1,0,0,0,0,0,-0.652,0.628,-0.652,0.628,10.012,10.612,10.012,10.612,-0.635,0.635,9.975,10.645,216589.664587449,216589.664587449,1
0,0,1,easy_noncoherent,2,20361611,fixed_topK3,-1,0.188759428834411,1,1,0.0595818764390646,0.0595818764390646,17154,17154,1,1,0,0,0,0,FIXED_TOPK3,FIXED_TOPK3,1,0,0,0,0,0,-0.62,0.66,-0.62,0.66,10.72,10,10.72,10,-0.635,0.635,10.645,9.975,191462.028246826,191462.028246826,1
0,0,1,easy_noncoherent,2,20361611,c05_adaptive,-1,0.188759428834411,1,1,0.0282488937836506,0.0282488937836506,9729,9729,1,1,0,0,0,0,EASY,EASY,1,0,0,0,0,0,-0.652,0.628,-0.652,0.628,10.672,9.952,10.672,9.952,-0.635,0.635,10.645,9.975,191592.136213101,191592.136213101,1
0,0,1,easy_noncoherent,3,20361612,fixed_topK3,1,0.010531292613259,1,1,0.0595818764390646,0.0595818764390646,18612,18612,1,1,0,0,0,0,FIXED_TOPK3,FIXED_TOPK3,1,0,0,0,0,0,-0.62,0.66,-0.62,0.66,10,10.72,10,10.72,-0.635,0.635,9.975,10.645,215259.45928446,215259.45928446,1
0,0,1,easy_noncoherent,3,20361612,c05_adaptive,1,0.010531292613259,1,1,0.0373898381916808,0.0373898381916808,9729,9729,1,1,0,0,0,0,EASY,EASY,1,0,0,0,0,0,-0.652,0.628,-0.652,0.628,10.012,10.612,10.012,10.612,-0.635,0.635,9.975,10.645,215446.063340362,215446.063340362,1
0,0,1,easy_noncoherent,4,20361613,fixed_topK3,-1,0.0856736825645262,1,1,0.0595818764390646,0.0595818764390646,17154,17154,1,1,0,0,0,0,FIXED_TOPK3,FIXED_TOPK3,1,0,0,0,0,0,-0.62,0.66,-0.62,0.66,10.72,10,10.72,10,-0.635,0.635,10.645,9.975,188715.228958581,188715.228958581,1
0,0,1,easy_noncoherent,4,20361613,c05_adaptive,-1,0.0856736825645262,1,1,0.0282488937836506,0.0282488937836506,9729,9729,1,1,0,0,0,0,EASY,EASY,1,0,0,0,0,0,-0.652,0.628,-0.652,0.628,10.672,9.952,10.672,9.952,-0.635,0.635,10.645,9.975,188828.49769423,188828.49769423,1
0,0,1,easy_noncoherent,5,20361614,fixed_topK3,1,0.0907775235955427,1,1,0.0595818764390646,0.0595818764390646,18612,18612,1,1,0,0,0,0,FIXED_TOPK3,FIXED_TOPK3,1,0,0,0,0,0,-0.62,0.66,-0.62,0.66,10,10.72,10,10.72,-0.635,0.635,9.975,10.645,216173.462222442,216173.462222442,1
0,0,1,easy_noncoherent,5,20361614,c05_adaptive,1,0.0907775235955427,1,1,0.0373898381916808,0.0373898381916808,9729,9729,1,1,0,0,0,0,EASY,EASY,1,0,0,0,0,0,-0.652,0.628,-0.652,0.628,10.012,10.612,10.012,10.612,-0.635,0.635,9.975,10.645,216364.364191162,216364.364191162,1
0,0,1,easy_noncoherent,6,20361615,fixed_topK3,-1,0.095884494067441,1,1,0.0595818764390646,0.0595818764390646,17154,17154,1,1,0,0,0,0,FIXED_TOPK3,FIXED_TOPK3,1,0,0,0,0,0,-0.62,0.66,-0.62,0.66,10.72,10,10.72,10,-0.635,0.635,10.645,9.975,186774.006081963,186774.006081963,1
0,0,1,easy_noncoherent,6,20361615,c05_adaptive,-1,0.095884494067441,1,1,0.0282488937836506,0.0282488937836506,9729,9729,1,1,0,0,0,0,EASY,EASY,1,0,0,0,0,0,-0.652,0.628,-0.652,0.628,10.672,9.952,10.672,9.952,-0.635,0.635,10.645,9.975,186872.592448283,186872.592448283,1
0,0,1,easy_noncoherent,7,20361616,fixed_topK3,1,0.155346717607249,1,1,0.0595818764390646,0.0595818764390646,18612,18612,1,1,0,0,0,0,FIXED_TOPK3,FIXED_TOPK3,1,0,0,0,0,0,-0.62,0.66,-0.62,0.66,10,10.72,10,10.72,-0.635,0.635,9.975,10.645,212777.6099694,212777.6099694,1
0,0,1,easy_noncoherent,7,20361616,c05_adaptive,1,0.155346717607249,1,1,0.0595818764390646,0.0595818764390646,18612,18612,1,1,0,0,0,0,NORMAL,NORMAL,1,0,0,0,0,0,-0.62,0.66,-0.62,0.66,10,10.72,10,10.72,-0.635,0.635,9.975,10.645,212777.6099694,212777.6099694,1
0,0,1,easy_noncoherent,8,20361617,fixed_topK3,-1,0.0960827172009707,1,1,0.0595818764390646,0.0595818764390646,17154,17154,1,1,0,0,0,0,FIXED_TOPK3,FIXED_TOPK3,1,0,0,0,0,0,-0.62,0.66,-0.62,0.66,10.72,10,10.72,10,-0.635,0.635,10.645,9.975,188647.564140052,188647.564140052,1
0,0,1,easy_noncoherent,8,20361617,c05_adaptive,-1,0.0960827172009707,1,1,0.0282488937836506,0.0282488937836506,9729,9729,1,1,0,0,0,0,EASY,EASY,1,0,0,0,0,0,-0.652,0.628,-0.652,0.628,10.672,9.952,10.672,9.952,-0.635,0.635,10.645,9.975,188760.817348152,188760.817348152,1
0,0,1,easy_noncoherent,9,20361618,fixed_topK3,1,0.0278255869881476,1,1,0.0595818764390646,0.0595818764390646,18612,18612,1,1,0,0,0,0,FIXED_TOPK3,FIXED_TOPK3,1,0,0,0,0,0,-0.62,0.66,-0.62,0.66,10,10.72,10,10.72,-0.635,0.635,9.975,10.645,215406.285004226,215406.285004226,1
0,0,1,easy_noncoherent,9,20361618,c05_adaptive,1,0.0278255869881476,1,1,0.0373898381916808,0.0373898381916808,9729,9729,1,1,0,0,0,0,EASY,EASY,1,0,0,0,0,0,-0.652,0.628,-0.652,0.628,10.012,10.612,10.012,10.612,-0.635,0.635,9.975,10.645,215592.282124669,215592.282124669,1
0,0,1,easy_noncoherent,10,20361619,fixed_topK3,-1,0.181317329993755,1,1,0.0595818764390646,0.0595818764390646,17154,17154,1,1,0,0,0,0,FIXED_TOPK3,FIXED_TOPK3,1,0,0,0,0,0,-0.62,0.66,-0.62,0.66,10.72,10,10.72,10,-0.635,0.635,10.645,9.975,191447.640398917,191447.640398917,1
0,0,1,easy_noncoherent,10,20361619,c05_adaptive,-1,0.181317329993755,1,1,0.0282488937836506,0.0282488937836506,9729,9729,1,1,0,0,0,0,EASY,EASY,1,0,0,0,0,0,-0.652,0.628,-0.652,0.628,10.672,9.952,10.672,9.952,-0.635,0.635,10.645,9.975,191574.014924573,191574.014924573,1
0,0,1,strong_coherent,1,20362610,fixed_topK3,1,0.990489868557474,1,1,0.0543139024560002,0.0543139024560002,19998,19998,1,1,0,0,0,0,FIXED_TOPK3,FIXED_TOPK3,1,0,0,0,0,0,-0.62,0.66,-0.62,0.66,10.18,10.54,10.18,10.54,-0.635,0.635,10.125,10.495,200013.915119089,200013.915119089,1
0,0,1,strong_coherent,1,20362610,c05_adaptive,1,0.990489868557474,1,1,0.0140712472794702,0.0140712472794702,9729,9729,1,1,0,0,0,0,EASY,EASY,1,0,0,0,0,0,-0.652,0.628,-0.652,0.628,10.132,10.492,10.132,10.492,-0.635,0.635,10.125,10.495,200136.980526299,200136.980526299,1
0,0,1,strong_coherent,2,20362611,fixed_topK3,-1,0.990081454441392,1,1,0.0543139024560002,0.0543139024560002,19998,19998,1,1,0,0,0,0,FIXED_TOPK3,FIXED_TOPK3,1,0,0,0,0,0,-0.62,0.66,-0.62,0.66,10.54,10.18,10.54,10.18,-0.635,0.635,10.495,10.125,183754.313291088,183754.313291088,1
0,0,1,strong_coherent,2,20362611,c05_adaptive,-1,0.990081454441392,1,1,0.0140712472794702,0.0140712472794702,9729,9729,1,1,0,0,0,0,EASY,EASY,1,0,0,0,0,0,-0.652,0.628,-0.652,0.628,10.492,10.132,10.492,10.132,-0.635,0.635,10.495,10.125,183944.159257444,183944.159257444,1
0,0,1,strong_coherent,3,20362612,fixed_topK3,1,0.990362247421735,1,1,0.0543139024560002,0.0543139024560002,19998,19998,1,1,0,0,0,0,FIXED_TOPK3,FIXED_TOPK3,1,0,0,0,0,0,-0.62,0.66,-0.62,0.66,10.18,10.54,10.18,10.54,-0.635,0.635,10.125,10.495,200015.306838508,200015.306838508,1
0,0,1,strong_coherent,3,20362612,c05_adaptive,1,0.990362247421735,1,1,0.0140712472794702,0.0140712472794702,9729,9729,1,1,0,0,0,0,EASY,EASY,1,0,0,0,0,0,-0.652,0.628,-0.652,0.628,10.132,10.492,10.132,10.492,-0.635,0.635,10.125,10.495,200140.550685568,200140.550685568,1
0,0,1,strong_coherent,4,20362613,fixed_topK3,-1,0.990288370693355,1,1,0.0543139024560002,0.0543139024560002,19998,19998,1,1,0,0,0,0,FIXED_TOPK3,FIXED_TOPK3,1,0,0,0,0,0,-0.62,0.66,-0.62,0.66,10.54,10.18,10.54,10.18,-0.635,0.635,10.495,10.125,183703.064397535,183703.064397535,1
0,0,1,strong_coherent,4,20362613,c05_adaptive,-1,0.990288370693355,1,1,0.0140712472794702,0.0140712472794702,9729,9729,1,1,0,0,0,0,EASY,EASY,1,0,0,0,0,0,-0.652,0.628,-0.652,0.628,10.492,10.132,10.492,10.132,-0.635,0.635,10.495,10.125,183892.53605167,183892.53605167,1
0,0,1,strong_coherent,5,20362614,fixed_topK3,1,0.989875577737541,1,1,0.0543139024560002,0.0543139024560002,19998,19998,1,1,0,0,0,0,FIXED_TOPK3,FIXED_TOPK3,1,0,0,0,0,0,-0.62,0.66,-0.62,0.66,10.18,10.54,10.18,10.54,-0.635,0.635,10.125,10.495,200418.628961545,200418.628961545,1
0,0,1,strong_coherent,5,20362614,c05_adaptive,1,0.989875577737541,1,1,0.0140712472794702,0.0140712472794702,9729,9729,1,1,0,0,0,0,EASY,EASY,1,0,0,0,0,0,-0.652,0.628,-0.652,0.628,10.132,10.492,10.132,10.492,-0.635,0.635,10.125,10.495,200545.618436541,200545.618436541,1
0,0,1,strong_coherent,6,20362615,fixed_topK3,-1,0.990096598750488,1,1,0.0543139024560002,0.0543139024560002,19998,19998,1,1,0,0,0,0,FIXED_TOPK3,FIXED_TOPK3,1,0,0,0,0,0,-0.62,0.66,-0.62,0.66,10.54,10.18,10.54,10.18,-0.635,0.635,10.495,10.125,183818.402930232,183818.402930232,1
0,0,1,strong_coherent,6,20362615,c05_adaptive,-1,0.990096598750488,1,1,0.0140712472794702,0.0140712472794702,9729,9729,1,1,0,0,0,0,EASY,EASY,1,0,0,0,0,0,-0.652,0.628,-0.652,0.628,10.492,10.132,10.492,10.132,-0.635,0.635,10.495,10.125,184009.133322193,184009.133322193,1
0,0,1,strong_coherent,7,20362616,fixed_topK3,1,0.990229736656984,1,1,0.0543139024560002,0.0543139024560002,19998,19998,1,1,0,0,0,0,FIXED_TOPK3,FIXED_TOPK3,1,0,0,0,0,0,-0.62,0.66,-0.62,0.66,10.18,10.54,10.18,10.54,-0.635,0.635,10.125,10.495,199980.101898688,199980.101898688,1
0,0,1,strong_coherent,7,20362616,c05_adaptive,1,0.990229736656984,1,1,0.0140712472794702,0.0140712472794702,9729,9729,1,1,0,0,0,0,EASY,EASY,1,0,0,0,0,0,-0.652,0.628,-0.652,0.628,10.132,10.492,10.132,10.492,-0.635,0.635,10.125,10.495,200103.701057214,200103.701057214,1
0,0,1,strong_coherent,8,20362617,fixed_topK3,-1,0.990522821474954,1,1,0.0543139024560002,0.0543139024560002,19998,19998,1,1,0,0,0,0,FIXED_TOPK3,FIXED_TOPK3,1,0,0,0,0,0,-0.62,0.66,-0.62,0.66,10.54,10.18,10.54,10.18,-0.635,0.635,10.495,10.125,183618.52803081,183618.52803081,1
0,0,1,strong_coherent,8,20362617,c05_adaptive,-1,0.990522821474954,1,1,0.0140712472794702,0.0140712472794702,9729,9729,1,1,0,0,0,0,EASY,EASY,1,0,0,0,0,0,-0.652,0.628,-0.652,0.628,10.492,10.132,10.492,10.132,-0.635,0.635,10.495,10.125,183808.459464694,183808.459464694,1
0,0,1,strong_coherent,9,20362618,fixed_topK3,1,0.989820698800728,1,1,0.0543139024560002,0.0543139024560002,19998,19998,1,1,0,0,0,0,FIXED_TOPK3,FIXED_TOPK3,1,0,0,0,0,0,-0.62,0.66,-0.62,0.66,10.18,10.54,10.18,10.54,-0.635,0.635,10.125,10.495,200367.503301872,200367.503301872,1
0,0,1,strong_coherent,9,20362618,c05_adaptive,1,0.989820698800728,1,1,0.0140712472794702,0.0140712472794702,9729,9729,1,1,0,0,0,0,EASY,EASY,1,0,0,0,0,0,-0.652,0.628,-0.652,0.628,10.132,10.492,10.132,10.492,-0.635,0.635,10.125,10.495,200492.352938985,200492.352938985,1
0,0,1,strong_coherent,10,20362619,fixed_topK3,-1,0.990040461306137,1,1,0.0543139024560002,0.0543139024560002,19998,19998,1,1,0,0,0,0,FIXED_TOPK3,FIXED_TOPK3,1,0,0,0,0,0,-0.62,0.66,-0.62,0.66,10.54,10.18,10.54,10.18,-0.635,0.635,10.495,10.125,184040.545664172,184040.545664172,1
0,0,1,strong_coherent,10,20362619,c05_adaptive,-1,0.990040461306137,1,1,0.0140712472794702,0.0140712472794702,9729,9729,1,1,0,0,0,0,EASY,EASY,1,0,0,0,0,0,-0.652,0.628,-0.652,0.628,10.492,10.132,10.492,10.132,-0.635,0.635,10.495,10.125,184231.424273102,184231.424273102,1
0,0,1,hard_phase,1,20363610,fixed_topK3,1,0.99070399475776,1,1,0.0595818764390641,0.0595818764390641,18540,18540,1,1,0,0,0,0,FIXED_TOPK3,FIXED_TOPK3,1,0,0,0,0,0,-0.46,0.42,-0.46,0.42,10.18,10.54,10.18,10.54,-0.415,0.415,10.125,10.495,142563.766766712,142563.766766712,1
0,0,1,hard_phase,1,20363610,c05_adaptive,1,0.99070399475776,1,1,0.0199499373432599,0.0199499373432599,9729,9729,1,1,0,0,0,0,EASY,EASY,1,0,0,0,0,0,-0.412,0.388,-0.412,0.388,10.132,10.492,10.132,10.492,-0.415,0.415,10.125,10.495,142711.172486241,142711.172486241,1
0,0,1,hard_phase,2,20363611,fixed_topK3,-1,0.9901160778353,1,1,0.0561248608016082,0.0561248608016082,18612,18612,1,1,0,0,0,0,FIXED_TOPK3,FIXED_TOPK3,1,0,0,0,0,0,-0.38,0.42,-0.38,0.42,10.54,10.18,10.54,10.18,-0.415,0.415,10.495,10.125,165616.464817795,165616.464817795,1
0,0,1,hard_phase,2,20363611,c05_adaptive,-1,0.9901160778353,1,1,0.0199499373432599,0.0199499373432599,9729,9729,1,1,0,0,0,0,EASY,EASY,1,0,0,0,0,0,-0.412,0.388,-0.412,0.388,10.492,10.132,10.492,10.132,-0.415,0.415,10.495,10.125,165801.655405927,165801.655405927,1
0,0,1,hard_phase,3,20363612,fixed_topK3,1,0.989886613106294,1,1,0.0595818764390641,0.0595818764390641,18540,18540,1,1,0,0,0,0,FIXED_TOPK3,FIXED_TOPK3,1,0,0,0,0,0,-0.46,0.42,-0.46,0.42,10.18,10.54,10.18,10.54,-0.415,0.415,10.125,10.495,142632.861762267,142632.861762267,1
0,0,1,hard_phase,3,20363612,c05_adaptive,1,0.989886613106294,1,1,0.0199499373432599,0.0199499373432599,9729,9729,1,1,0,0,0,0,EASY,EASY,1,0,0,0,0,0,-0.412,0.388,-0.412,0.388,10.132,10.492,10.132,10.492,-0.415,0.415,10.125,10.495,142780.772862001,142780.772862001,1
0,0,1,hard_phase,4,20363613,fixed_topK3,-1,0.98989918775892,1,1,0.0561248608016082,0.0561248608016082,18612,18612,1,1,0,0,0,0,FIXED_TOPK3,FIXED_TOPK3,1,0,0,0,0,0,-0.38,0.42,-0.38,0.42,10.54,10.18,10.54,10.18,-0.415,0.415,10.495,10.125,166808.620239753,166808.620239753,1
0,0,1,hard_phase,4,20363613,c05_adaptive,-1,0.98989918775892,1,1,0.0199499373432599,0.0199499373432599,9729,9729,1,1,0,0,0,0,EASY,EASY,1,0,0,0,0,0,-0.412,0.388,-0.412,0.388,10.492,10.132,10.492,10.132,-0.415,0.415,10.495,10.125,166993.389009209,166993.389009209,1
0,0,1,hard_phase,5,20363614,fixed_topK3,1,0.989814622951959,1,1,0.0595818764390641,0.0595818764390641,18540,18540,1,1,0,0,0,0,FIXED_TOPK3,FIXED_TOPK3,1,0,0,0,0,0,-0.46,0.42,-0.46,0.42,10.18,10.54,10.18,10.54,-0.415,0.415,10.125,10.495,142659.412082992,142659.412082992,1
0,0,1,hard_phase,5,20363614,c05_adaptive,1,0.989814622951959,1,1,0.0199499373432599,0.0199499373432599,9729,9729,1,1,0,0,0,0,EASY,EASY,1,0,0,0,0,0,-0.412,0.388,-0.412,0.388,10.132,10.492,10.132,10.492,-0.415,0.415,10.125,10.495,142807.315684579,142807.315684579,1
0,0,1,hard_phase,6,20363615,fixed_topK3,-1,0.99012145114608,1,1,0.0561248608016082,0.0561248608016082,18612,18612,1,1,0,0,0,0,FIXED_TOPK3,FIXED_TOPK3,1,0,0,0,0,0,-0.38,0.42,-0.38,0.42,10.54,10.18,10.54,10.18,-0.415,0.415,10.495,10.125,165585.971648279,165585.971648279,1
0,0,1,hard_phase,6,20363615,c05_adaptive,-1,0.99012145114608,1,1,0.0199499373432599,0.0199499373432599,9729,9729,1,1,0,0,0,0,EASY,EASY,1,0,0,0,0,0,-0.412,0.388,-0.412,0.388,10.492,10.132,10.492,10.132,-0.415,0.415,10.495,10.125,165770.949612275,165770.949612275,1
0,0,1,hard_phase,7,20363616,fixed_topK3,1,0.98993845342531,1,1,0.0595818764390641,0.0595818764390641,18540,18540,1,1,0,0,0,0,FIXED_TOPK3,FIXED_TOPK3,1,0,0,0,0,0,-0.46,0.42,-0.46,0.42,10.18,10.54,10.18,10.54,-0.415,0.415,10.125,10.495,142605.475061756,142605.475061756,1
0,0,1,hard_phase,7,20363616,c05_adaptive,1,0.98993845342531,1,1,0.0199499373432599,0.0199499373432599,9729,9729,1,1,0,0,0,0,EASY,EASY,1,0,0,0,0,0,-0.412,0.388,-0.412,0.388,10.132,10.492,10.132,10.492,-0.415,0.415,10.125,10.495,142752.934902543,142752.934902543,1
0,0,1,hard_phase,8,20363617,fixed_topK3,-1,0.990920128965197,1,1,0.0561248608016082,0.0561248608016082,18612,18612,1,1,0,0,0,0,FIXED_TOPK3,FIXED_TOPK3,1,0,0,0,0,0,-0.38,0.42,-0.38,0.42,10.54,10.18,10.54,10.18,-0.415,0.415,10.495,10.125,167051.588698777,167051.588698777,1
0,0,1,hard_phase,8,20363617,c05_adaptive,-1,0.990920128965197,1,1,0.0199499373432599,0.0199499373432599,9729,9729,1,1,0,0,0,0,EASY,EASY,1,0,0,0,0,0,-0.412,0.388,-0.412,0.388,10.492,10.132,10.492,10.132,-0.415,0.415,10.495,10.125,167237.448175102,167237.448175102,1
0,0,1,hard_phase,9,20363618,fixed_topK3,1,0.989981473680079,1,1,0.0595818764390641,0.0595818764390641,18540,18540,1,1,0,0,0,0,FIXED_TOPK3,FIXED_TOPK3,1,0,0,0,0,0,-0.46,0.42,-0.46,0.42,10.18,10.54,10.18,10.54,-0.415,0.415,10.125,10.495,142629.151593861,142629.151593861,1
0,0,1,hard_phase,9,20363618,c05_adaptive,1,0.989981473680079,1,1,0.0199499373432599,0.0199499373432599,9729,9729,1,1,0,0,0,0,EASY,EASY,1,0,0,0,0,0,-0.412,0.388,-0.412,0.388,10.132,10.492,10.132,10.492,-0.415,0.415,10.125,10.495,142777.473700421,142777.473700421,1
0,0,1,hard_phase,10,20363619,fixed_topK3,-1,0.990289746697873,1,1,0.0561248608016082,0.0561248608016082,18612,18612,1,1,0,0,0,0,FIXED_TOPK3,FIXED_TOPK3,1,0,0,0,0,0,-0.38,0.42,-0.38,0.42,10.54,10.18,10.54,10.18,-0.415,0.415,10.495,10.125,166482.215428176,166482.215428176,1
0,0,1,hard_phase,10,20363619,c05_adaptive,-1,0.990289746697873,1,1,0.0199499373432599,0.0199499373432599,9729,9729,1,1,0,0,0,0,EASY,EASY,1,0,0,0,0,0,-0.412,0.388,-0.412,0.388,10.492,10.132,10.492,10.132,-0.415,0.415,10.495,10.125,166667.090996531,166667.090996531,1
0,0,1,weak_secondary,1,20364610,fixed_topK3,1,0.990132466838793,0,0,0.141950695665783,0.141950695665783,23133,23133,1,1,0,0,0,0,FIXED_TOPK3,FIXED_TOPK3,1,0,0,0,0,0,-0.46,0.58,-0.46,0.58,10.12,10.6,10.12,10.6,-0.415,0.415,10.125,10.495,99741.633490895,99741.633490895,1
0,0,1,weak_secondary,1,20364610,c05_adaptive,1,0.990132466838793,0,0,0.141950695665783,0.141950695665783,23133,23133,1,1,0,0,0,0,NORMAL,NORMAL,1,0,0,0,0,0,-0.46,0.58,-0.46,0.58,10.12,10.6,10.12,10.6,-0.415,0.415,10.125,10.495,99741.633490895,99741.633490895,1
0,0,1,weak_secondary,2,20364611,fixed_topK3,-1,0.989892742274268,1,1,0.10074720839805,0.10074720839805,18837,18837,1,1,0,0,0,0,FIXED_TOPK3,FIXED_TOPK3,1,0,0,0,0,0,-0.38,0.34,-0.38,0.34,10.48,10.24,10.48,10.24,-0.415,0.415,10.495,10.125,104960.123547655,104960.123547655,1
0,0,1,weak_secondary,2,20364611,c05_adaptive,-1,0.989892742274268,1,1,0.0199499373432599,0.0199499373432599,9729,9729,1,1,0,0,0,0,EASY,EASY,1,0,0,0,0,0,-0.412,0.388,-0.412,0.388,10.492,10.132,10.492,10.132,-0.415,0.415,10.495,10.125,105043.81539153,105043.81539153,1
0,0,1,weak_secondary,3,20364612,fixed_topK3,1,0.99105634285944,0,0,0.141950695665783,0.141950695665783,23133,23133,1,1,0,0,0,0,FIXED_TOPK3,FIXED_TOPK3,1,0,0,0,0,0,-0.46,0.58,-0.46,0.58,10.12,10.6,10.12,10.6,-0.415,0.415,10.125,10.495,99689.014649273,99689.014649273,1
0,0,1,weak_secondary,3,20364612,c05_adaptive,1,0.99105634285944,0,0,0.141950695665783,0.141950695665783,23133,23133,1,1,0,0,0,0,NORMAL,NORMAL,1,0,0,0,0,0,-0.46,0.58,-0.46,0.58,10.12,10.6,10.12,10.6,-0.415,0.415,10.125,10.495,99689.014649273,99689.014649273,1
0,0,1,weak_secondary,4,20364613,fixed_topK3,-1,0.990222546470622,1,1,0.10074720839805,0.10074720839805,18837,18837,1,1,0,0,0,0,FIXED_TOPK3,FIXED_TOPK3,1,0,0,0,0,0,-0.38,0.34,-0.38,0.34,10.48,10.24,10.48,10.24,-0.415,0.415,10.495,10.125,104925.163574887,104925.163574887,1
0,0,1,weak_secondary,4,20364613,c05_adaptive,-1,0.990222546470622,1,1,0.0199499373432599,0.0199499373432599,9729,9729,1,1,0,0,0,0,EASY,EASY,1,0,0,0,0,0,-0.412,0.388,-0.412,0.388,10.492,10.132,10.492,10.132,-0.415,0.415,10.495,10.125,105008.825801033,105008.825801033,1
0,0,1,weak_secondary,5,20364614,fixed_topK3,1,0.989915880474787,0,0,0.141950695665783,0.141950695665783,23133,23133,1,1,0,0,0,0,FIXED_TOPK3,FIXED_TOPK3,1,0,0,0,0,0,-0.46,0.58,-0.46,0.58,10.12,10.6,10.12,10.6,-0.415,0.415,10.125,10.495,99754.5860417788,99754.5860417788,1
0,0,1,weak_secondary,5,20364614,c05_adaptive,1,0.989915880474787,0,0,0.141950695665783,0.141950695665783,23133,23133,1,1,0,0,0,0,NORMAL,NORMAL,1,0,0,0,0,0,-0.46,0.58,-0.46,0.58,10.12,10.6,10.12,10.6,-0.415,0.415,10.125,10.495,99754.5860417788,99754.5860417788,1
0,0,1,weak_secondary,6,20364615,fixed_topK3,-1,0.990196013950612,1,1,0.10074720839805,0.10074720839805,18837,18837,1,1,0,0,0,0,FIXED_TOPK3,FIXED_TOPK3,1,0,0,0,0,0,-0.38,0.34,-0.38,0.34,10.48,10.24,10.48,10.24,-0.415,0.415,10.495,10.125,105006.614748602,105006.614748602,1
0,0,1,weak_secondary,6,20364615,c05_adaptive,-1,0.990196013950612,1,1,0.0199499373432599,0.0199499373432599,9729,9729,1,1,0,0,0,0,EASY,EASY,1,0,0,0,0,0,-0.412,0.388,-0.412,0.388,10.492,10.132,10.492,10.132,-0.415,0.415,10.495,10.125,105090.168497138,105090.168497138,1
0,0,1,weak_secondary,7,20364616,fixed_topK3,1,0.990173865751857,0,0,0.141950695665783,0.141950695665783,23133,23133,1,1,0,0,0,0,FIXED_TOPK3,FIXED_TOPK3,1,0,0,0,0,0,-0.46,0.58,-0.46,0.58,10.12,10.6,10.12,10.6,-0.415,0.415,10.125,10.495,99746.6552750908,99746.6552750908,1
0,0,1,weak_secondary,7,20364616,c05_adaptive,1,0.990173865751857,0,0,0.141950695665783,0.141950695665783,23133,23133,1,1,0,0,0,0,NORMAL,NORMAL,1,0,0,0,0,0,-0.46,0.58,-0.46,0.58,10.12,10.6,10.12,10.6,-0.415,0.415,10.125,10.495,99746.6552750908,99746.6552750908,1
0,0,1,weak_secondary,8,20364617,fixed_topK3,-1,0.989894336552572,1,1,0.10074720839805,0.10074720839805,18837,18837,1,1,0,0,0,0,FIXED_TOPK3,FIXED_TOPK3,1,0,0,0,0,0,-0.38,0.34,-0.38,0.34,10.48,10.24,10.48,10.24,-0.415,0.415,10.495,10.125,104767.04101061,104767.04101061,1
0,0,1,weak_secondary,8,20364617,c05_adaptive,-1,0.989894336552572,1,1,0.0199499373432599,0.0199499373432599,9729,9729,1,1,0,0,0,0,EASY,EASY,1,0,0,0,0,0,-0.412,0.388,-0.412,0.388,10.492,10.132,10.492,10.132,-0.415,0.415,10.495,10.125,104850.274862675,104850.274862675,1
0,0,1,weak_secondary,9,20364618,fixed_topK3,1,0.990022032331,0,0,0.141950695665783,0.141950695665783,23133,23133,1,1,0,0,0,0,FIXED_TOPK3,FIXED_TOPK3,1,0,0,0,0,0,-0.46,0.58,-0.46,0.58,10.12,10.6,10.12,10.6,-0.415,0.415,10.125,10.495,99716.4155836276,99716.4155836276,1
0,0,1,weak_secondary,9,20364618,c05_adaptive,1,0.990022032331,0,0,0.141950695665783,0.141950695665783,23133,23133,1,1,0,0,0,0,NORMAL,NORMAL,1,0,0,0,0,0,-0.46,0.58,-0.46,0.58,10.12,10.6,10.12,10.6,-0.415,0.415,10.125,10.495,99716.4155836276,99716.4155836276,1
0,0,1,weak_secondary,10,20364619,fixed_topK3,-1,0.990401199577359,1,1,0.10074720839805,0.10074720839805,18495,18495,1,1,0,0,0,0,FIXED_TOPK3,FIXED_TOPK3,1,0,0,0,0,0,-0.38,0.34,-0.38,0.34,10.48,10.24,10.48,10.24,-0.415,0.415,10.495,10.125,104305.286408968,104305.286408968,1
0,0,1,weak_secondary,10,20364619,c05_adaptive,-1,0.990401199577359,1,1,0.0199499373432599,0.0199499373432599,9729,9729,1,1,0,0,0,0,EASY,EASY,1,0,0,0,0,0,-0.412,0.388,-0.412,0.388,10.492,10.132,10.492,10.132,-0.415,0.415,10.495,10.125,104385.365384862,104385.365384862,1
0,0,1,low_snr_hard,1,20365610,fixed_topK3,1,1,0,0,0.141950695665783,0.141950695665783,23133,23133,1,1,0,0,0,0,FIXED_TOPK3,FIXED_TOPK3,1,0,0,0,0,0,-0.46,0.58,-0.46,0.58,10.12,10.6,10.12,10.6,-0.415,0.415,10.125,10.495,99542.2840495634,99542.2840495634,1
0,0,1,low_snr_hard,1,20365610,c05_adaptive,1,1,0,0,0.141950695665783,0.141950695665783,23133,23133,1,1,0,0,0,0,NORMAL,NORMAL,1,0,0,0,0,0,-0.46,0.58,-0.46,0.58,10.12,10.6,10.12,10.6,-0.415,0.415,10.125,10.495,99542.2840495634,99542.2840495634,1
0,0,1,low_snr_hard,2,20365611,fixed_topK3,-1,1,1,1,0.10074720839805,0.10074720839805,18837,18837,1,1,0,0,0,0,FIXED_TOPK3,FIXED_TOPK3,1,0,0,0,0,0,-0.38,0.34,-0.38,0.34,10.48,10.24,10.48,10.24,-0.415,0.415,10.495,10.125,104851.088698306,104851.088698306,1
0,0,1,low_snr_hard,2,20365611,c05_adaptive,-1,1,1,1,0.0199499373432599,0.0199499373432599,9729,9729,1,1,0,0,0,0,EASY,EASY,1,0,0,0,0,0,-0.412,0.388,-0.412,0.388,10.492,10.132,10.492,10.132,-0.415,0.415,10.495,10.125,104933.511679489,104933.511679489,1
0,0,1,low_snr_hard,3,20365612,fixed_topK3,1,1,0,0,0.141950695665783,0.141950695665783,23133,23133,1,1,0,0,0,0,FIXED_TOPK3,FIXED_TOPK3,1,0,0,0,0,0,-0.46,0.58,-0.46,0.58,10.12,10.6,10.12,10.6,-0.415,0.415,10.125,10.495,99586.0453471162,99586.0453471162,1
0,0,1,low_snr_hard,3,20365612,c05_adaptive,1,1,0,0,0.141950695665783,0.141950695665783,23133,23133,1,1,0,0,0,0,NORMAL,NORMAL,1,0,0,0,0,0,-0.46,0.58,-0.46,0.58,10.12,10.6,10.12,10.6,-0.415,0.415,10.125,10.495,99586.0453471162,99586.0453471162,1
0,0,1,low_snr_hard,4,20365613,fixed_topK3,-1,1,1,1,0.10074720839805,0.10074720839805,18837,18837,1,1,0,0,0,0,FIXED_TOPK3,FIXED_TOPK3,1,0,0,0,0,0,-0.38,0.34,-0.38,0.34,10.48,10.24,10.48,10.24,-0.415,0.415,10.495,10.125,104914.734151345,104914.734151345,1
0,0,1,low_snr_hard,4,20365613,c05_adaptive,-1,1,1,1,0.0199499373432599,0.0199499373432599,9729,9729,1,1,0,0,0,0,EASY,EASY,1,0,0,0,0,0,-0.412,0.388,-0.412,0.388,10.492,10.132,10.492,10.132,-0.415,0.415,10.495,10.125,104998.499625962,104998.499625962,1
0,0,1,low_snr_hard,5,20365614,fixed_topK3,1,1,0,0,0.141950695665783,0.141950695665783,23133,23133,1,1,0,0,0,0,FIXED_TOPK3,FIXED_TOPK3,1,0,0,0,0,0,-0.46,0.58,-0.46,0.58,10.12,10.6,10.12,10.6,-0.415,0.415,10.125,10.495,99516.6936458347,99516.6936458347,1
0,0,1,low_snr_hard,5,20365614,c05_adaptive,1,1,0,0,0.141950695665783,0.141950695665783,23133,23133,1,1,0,0,0,0,NORMAL,NORMAL,1,0,0,0,0,0,-0.46,0.58,-0.46,0.58,10.12,10.6,10.12,10.6,-0.415,0.415,10.125,10.495,99516.6936458347,99516.6936458347,1
0,0,1,low_snr_hard,6,20365615,fixed_topK3,-1,1,1,1,0.10074720839805,0.10074720839805,18837,18837,1,1,0,0,0,0,FIXED_TOPK3,FIXED_TOPK3,1,0,0,0,0,0,-0.38,0.34,-0.38,0.34,10.48,10.24,10.48,10.24,-0.415,0.415,10.495,10.125,104859.219432072,104859.219432072,1
0,0,1,low_snr_hard,6,20365615,c05_adaptive,-1,1,1,1,0.0199499373432599,0.0199499373432599,9729,9729,1,1,0,0,0,0,EASY,EASY,1,0,0,0,0,0,-0.412,0.388,-0.412,0.388,10.492,10.132,10.492,10.132,-0.415,0.415,10.495,10.125,104940.064580503,104940.064580503,1
0,0,1,low_snr_hard,7,20365616,fixed_topK3,1,1,0,0,0.141950695665783,0.141950695665783,23133,23133,1,1,0,0,0,0,FIXED_TOPK3,FIXED_TOPK3,1,0,0,0,0,0,-0.46,0.58,-0.46,0.58,10.12,10.6,10.12,10.6,-0.415,0.415,10.125,10.495,99480.5504551957,99480.5504551957,1
0,0,1,low_snr_hard,7,20365616,c05_adaptive,1,1,0,0,0.141950695665783,0.141950695665783,23133,23133,1,1,0,0,0,0,NORMAL,NORMAL,1,0,0,0,0,0,-0.46,0.58,-0.46,0.58,10.12,10.6,10.12,10.6,-0.415,0.415,10.125,10.495,99480.5504551957,99480.5504551957,1
0,0,1,low_snr_hard,8,20365617,fixed_topK3,-1,1,1,1,0.10074720839805,0.10074720839805,18837,18837,1,1,0,0,0,0,FIXED_TOPK3,FIXED_TOPK3,1,0,0,0,0,0,-0.38,0.34,-0.38,0.34,10.48,10.24,10.48,10.24,-0.415,0.415,10.495,10.125,104848.796399124,104848.796399124,1
0,0,1,low_snr_hard,8,20365617,c05_adaptive,-1,1,1,1,0.0199499373432599,0.0199499373432599,9729,9729,1,1,0,0,0,0,EASY,EASY,1,0,0,0,0,0,-0.412,0.388,-0.412,0.388,10.492,10.132,10.492,10.132,-0.415,0.415,10.495,10.125,104932.20268213,104932.20268213,1
0,0,1,low_snr_hard,9,20365618,fixed_topK3,1,1,0,0,0.141950695665783,0.141950695665783,23133,23133,1,1,0,0,0,0,FIXED_TOPK3,FIXED_TOPK3,1,0,0,0,0,0,-0.46,0.58,-0.46,0.58,10.12,10.6,10.12,10.6,-0.415,0.415,10.125,10.495,99521.1727864042,99521.1727864042,1
0,0,1,low_snr_hard,9,20365618,c05_adaptive,1,1,0,0,0.141950695665783,0.141950695665783,23133,23133,1,1,0,0,0,0,NORMAL,NORMAL,1,0,0,0,0,0,-0.46,0.58,-0.46,0.58,10.12,10.6,10.12,10.6,-0.415,0.415,10.125,10.495,99521.1727864042,99521.1727864042,1
0,0,1,low_snr_hard,10,20365619,fixed_topK3,-1,1,1,1,0.10074720839805,0.10074720839805,18837,18837,1,1,0,0,0,0,FIXED_TOPK3,FIXED_TOPK3,1,0,0,0,0,0,-0.38,0.34,-0.38,0.34,10.48,10.24,10.48,10.24,-0.415,0.415,10.495,10.125,104699.435849157,104699.435849157,1
0,0,1,low_snr_hard,10,20365619,c05_adaptive,-1,1,1,1,0.0199499373432599,0.0199499373432599,9729,9729,1,1,0,0,0,0,EASY,EASY,1,0,0,0,0,0,-0.412,0.388,-0.412,0.388,10.492,10.132,10.492,10.132,-0.415,0.415,10.495,10.125,104782.005628479,104782.005628479,1
8,7.5,5,easy_noncoherent,1,20461610,fixed_topK3,1,0.133022566662063,1,1,0.0595818764390646,0.0595818764390646,18612,18612,1,1,5.82076609134674e-11,2.74069987507408e-16,0,0,FIXED_TOPK3,FIXED_TOPK3,1,0,0,0,0,0,6.88,8.16,6.88,8.16,10,10.72,10,10.72,6.865,8.135,9.975,10.645,212382.470050261,212382.47005026,1
8,7.5,5,easy_noncoherent,1,20461610,c05_adaptive,1,0.133022566662063,1,1,0.0595818764390646,0.0595818764390646,18612,18612,1,1,5.82076609134674e-11,2.74069987507408e-16,0,0,NORMAL,NORMAL,1,0,0,0,0,0,6.88,8.16,6.88,8.16,10,10.72,10,10.72,6.865,8.135,9.975,10.645,212382.470050261,212382.47005026,1
8,7.5,5,easy_noncoherent,2,20461611,fixed_topK3,-1,0.0875088913936949,1,1,0.0595818764390646,0.0595818764390646,17154,17154,1,1,8.73114913702011e-11,4.65298441573513e-16,0,0,FIXED_TOPK3,FIXED_TOPK3,1,0,0,0,0,0,6.88,8.16,6.88,8.16,10.72,10,10.72,10,6.865,8.135,10.645,9.975,187646.214921626,187646.214921626,1
8,7.5,5,easy_noncoherent,2,20461611,c05_adaptive,-1,0.0875088913936949,1,1,0.0282488937836506,0.0282488937836506,9729,9729,1,1,2.91038304567337e-11,1.55011229118974e-16,0,0,EASY,EASY,1,0,0,0,0,0,6.848,8.128,6.848,8.128,10.672,9.952,10.672,9.952,6.865,8.135,10.645,9.975,187753.046164133,187753.046164133,1
8,7.5,5,easy_noncoherent,3,20461612,fixed_topK3,1,0.0804248340254801,1,1,0.0595818764390646,0.0595818764390646,18612,18612,1,1,5.82076609134674e-11,2.68699708758374e-16,0,0,FIXED_TOPK3,FIXED_TOPK3,1,0,0,0,0,0,6.88,8.16,6.88,8.16,10,10.72,10,10.72,6.865,8.135,9.975,10.645,216627.18274775,216627.18274775,1
8,7.5,5,easy_noncoherent,3,20461612,c05_adaptive,1,0.0804248340254801,1,1,0.0373898381916808,0.0373898381916808,9729,9729,1,1,2.91038304567337e-11,1.34228493101916e-16,0,0,EASY,EASY,1,0,0,0,0,0,6.848,8.128,6.848,8.128,10.012,10.612,10.012,10.612,6.865,8.135,9.975,10.645,216823.043931783,216823.043931783,1
8,7.5,5,easy_noncoherent,4,20461613,fixed_topK3,-1,0.118677098007057,1,1,0.0595818764390646,0.0595818764390646,17154,17154,1,1,2.91038304567337e-11,1.56331786177188e-16,0,0,FIXED_TOPK3,FIXED_TOPK3,1,0,0,0,0,0,6.88,8.16,6.88,8.16,10.72,10,10.72,10,6.865,8.135,10.645,9.975,186167.069208479,186167.069208479,1
8,7.5,5,easy_noncoherent,4,20461613,c05_adaptive,-1,0.118677098007057,1,1,0.0282488937836506,0.0282488937836506,9729,9729,1,1,2.91038304567337e-11,1.56249197700243e-16,0,0,EASY,EASY,1,0,0,0,0,0,6.848,8.128,6.848,8.128,10.672,9.952,10.672,9.952,6.865,8.135,10.645,9.975,186265.471343847,186265.471343847,1
8,7.5,5,easy_noncoherent,5,20461614,fixed_topK3,1,0.031033854251278,1,1,0.0595818764390646,0.0595818764390646,18612,18612,1,1,5.82076609134674e-11,2.70114233471923e-16,0,0,FIXED_TOPK3,FIXED_TOPK3,1,0,0,0,0,0,6.88,8.16,6.88,8.16,10,10.72,10,10.72,6.865,8.135,9.975,10.645,215492.757139426,215492.757139426,1
8,7.5,5,easy_noncoherent,5,20461614,c05_adaptive,1,0.031033854251278,1,1,0.0373898381916808,0.0373898381916808,9729,9729,1,1,0,0,0,0,EASY,EASY,1,0,0,0,0,0,6.848,8.128,6.848,8.128,10.012,10.612,10.012,10.612,6.865,8.135,9.975,10.645,215681.650080686,215681.650080686,1
8,7.5,5,easy_noncoherent,6,20461615,fixed_topK3,-1,0.19604264810015,1,1,0.0595818764390646,0.0595818764390646,17154,17154,1,1,2.91038304567337e-11,1.57411276310905e-16,0,0,FIXED_TOPK3,FIXED_TOPK3,1,0,0,0,0,0,6.88,8.16,6.88,8.16,10.72,10,10.72,10,6.865,8.135,10.645,9.975,184890.378496458,184890.378496458,1
8,7.5,5,easy_noncoherent,6,20461615,c05_adaptive,-1,0.19604264810015,1,1,0.0282488937836506,0.0282488937836506,9729,9729,1,1,5.82076609134674e-11,3.14662822986856e-16,0,0,EASY,EASY,1,0,0,0,0,0,6.848,8.128,6.848,8.128,10.672,9.952,10.672,9.952,6.865,8.135,10.645,9.975,184984.232839921,184984.232839921,1
8,7.5,5,easy_noncoherent,7,20461616,fixed_topK3,1,0.117683787064623,1,1,0.0595818764390646,0.0595818764390646,18612,18612,1,1,2.91038304567337e-11,1.33890738722985e-16,0,0,FIXED_TOPK3,FIXED_TOPK3,1,0,0,0,0,0,6.88,8.16,6.88,8.16,10,10.72,10,10.72,6.865,8.135,9.975,10.645,217370.004335762,217370.004335762,1
8,7.5,5,easy_noncoherent,7,20461616,c05_adaptive,1,0.117683787064623,1,1,0.0373898381916808,0.0373898381916808,9729,9729,1,1,5.82076609134674e-11,2.67525321414155e-16,0,0,EASY,EASY,1,0,0,0,0,0,6.848,8.128,6.848,8.128,10.012,10.612,10.012,10.612,6.865,8.135,9.975,10.645,217578.136550881,217578.136550881,1
8,7.5,5,easy_noncoherent,8,20461617,fixed_topK3,-1,0.151399230950211,1,1,0.0595818764390646,0.0595818764390646,17154,17154,1,1,2.91038304567337e-11,1.52469053388127e-16,0,0,FIXED_TOPK3,FIXED_TOPK3,1,0,0,0,0,0,6.88,8.16,6.88,8.16,10.72,10,10.72,10,6.865,8.135,10.645,9.975,190883.525607302,190883.525607302,1
8,7.5,5,easy_noncoherent,8,20461617,c05_adaptive,-1,0.151399230950211,1,1,0.0282488937836506,0.0282488937836506,9729,9729,1,1,2.91038304567337e-11,1.52371149215452e-16,0,0,EASY,EASY,1,0,0,0,0,0,6.848,8.128,6.848,8.128,10.672,9.952,10.672,9.952,6.865,8.135,10.645,9.975,191006.175424858,191006.175424858,1
8,7.5,5,easy_noncoherent,9,20461618,fixed_topK3,1,0.0765624567287665,1,1,0.0595818764390646,0.0595818764390646,18612,18612,1,1,2.91038304567337e-11,1.34621224381617e-16,0,0,FIXED_TOPK3,FIXED_TOPK3,1,0,0,0,0,0,6.88,8.16,6.88,8.16,10,10.72,10,10.72,6.865,8.135,9.975,10.645,216190.50480652,216190.50480652,1
8,7.5,5,easy_noncoherent,9,20461618,c05_adaptive,1,0.0765624567287665,1,1,0.0373898381916808,0.0373898381916808,9729,9729,1,1,5.82076609134674e-11,2.68995712497791e-16,0,0,EASY,EASY,1,0,0,0,0,0,6.848,8.128,6.848,8.128,10.012,10.612,10.012,10.612,6.865,8.135,9.975,10.645,216388.805505387,216388.805505387,1
8,7.5,5,easy_noncoherent,10,20461619,fixed_topK3,-1,0.0828173096446283,1,1,0.0595818764390646,0.0595818764390646,17154,17154,1,1,0,0,0,0,FIXED_TOPK3,FIXED_TOPK3,1,0,0,0,0,0,6.88,8.16,6.88,8.16,10.72,10,10.72,10,6.865,8.135,10.645,9.975,189582.766056551,189582.766056551,1
8,7.5,5,easy_noncoherent,10,20461619,c05_adaptive,-1,0.0828173096446283,1,1,0.0282488937836506,0.0282488937836506,9729,9729,1,1,2.91038304567337e-11,1.53419864378447e-16,0,0,EASY,EASY,1,0,0,0,0,0,6.848,8.128,6.848,8.128,10.672,9.952,10.672,9.952,6.865,8.135,10.645,9.975,189700.535681234,189700.535681234,1
8,7.5,5,strong_coherent,1,20462610,fixed_topK3,1,0.990176649031314,1,1,0.0543139024560002,0.0543139024560002,19998,19998,1,1,2.91038304567337e-11,1.45540497209578e-16,0,0,FIXED_TOPK3,FIXED_TOPK3,1,0,0,0,0,0,6.88,8.16,6.88,8.16,10.18,10.54,10.18,10.54,6.865,8.135,10.125,10.495,199970.668059656,199970.668059656,1
8,7.5,5,strong_coherent,1,20462610,c05_adaptive,1,0.990176649031314,1,1,0.0140712472794703,0.0140712472794703,9729,9729,1,1,2.91038304567337e-11,1.45451060756121e-16,0,0,EASY,EASY,1,0,0,0,0,0,6.848,8.128,6.848,8.128,10.132,10.492,10.132,10.492,6.865,8.135,10.125,10.495,200093.628093455,200093.628093455,1
8,7.5,5,strong_coherent,2,20462611,fixed_topK3,-1,0.990140798660545,1,1,0.0543139024560002,0.0543139024560002,19998,19998,1,1,2.91038304567337e-11,1.58209285065935e-16,0,0,FIXED_TOPK3,FIXED_TOPK3,1,0,0,0,0,0,6.88,8.16,6.88,8.16,10.54,10.18,10.54,10.18,6.865,8.135,10.495,10.125,183957.790117088,183957.790117088,1
8,7.5,5,strong_coherent,2,20462611,c05_adaptive,-1,0.990140798660545,1,1,0.0140712472794703,0.0140712472794703,9729,9729,1,1,5.82076609134674e-11,3.16093591579242e-16,0,0,EASY,EASY,1,0,0,0,0,0,6.848,8.128,6.848,8.128,10.492,10.132,10.492,10.132,6.865,8.135,10.495,10.125,184146.918710547,184146.918710547,1
8,7.5,5,strong_coherent,3,20462612,fixed_topK3,1,0.989923067710517,1,1,0.0543139024560002,0.0543139024560002,19998,19998,1,1,5.82076609134674e-11,2.90849929565454e-16,0,0,FIXED_TOPK3,FIXED_TOPK3,1,0,0,0,0,0,6.88,8.16,6.88,8.16,10.18,10.54,10.18,10.54,6.865,8.135,10.125,10.495,200129.534156783,200129.534156783,1
8,7.5,5,strong_coherent,3,20462612,c05_adaptive,1,0.989923067710517,1,1,0.0140712472794703,0.0140712472794703,9729,9729,1,1,2.91038304567337e-11,1.45335028699221e-16,0,0,EASY,EASY,1,0,0,0,0,0,6.848,8.128,6.848,8.128,10.132,10.492,10.132,10.492,6.865,8.135,10.125,10.495,200253.378123767,200253.378123767,1
8,7.5,5,strong_coherent,4,20462613,fixed_topK3,-1,0.989919778002993,1,1,0.0543139024560002,0.0543139024560002,19998,19998,1,1,2.91038304567337e-11,1.58338806233235e-16,0,0,FIXED_TOPK3,FIXED_TOPK3,1,0,0,0,0,0,6.88,8.16,6.88,8.16,10.54,10.18,10.54,10.18,6.865,8.135,10.495,10.125,183807.31261712,183807.31261712,1
8,7.5,5,strong_coherent,4,20462613,c05_adaptive,-1,0.989919778002993,1,1,0.0140712472794703,0.0140712472794703,9729,9729,1,1,2.91038304567337e-11,1.58175961232329e-16,0,0,EASY,EASY,1,0,0,0,0,0,6.848,8.128,6.848,8.128,10.492,10.132,10.492,10.132,6.865,8.135,10.495,10.125,183996.545555908,183996.545555908,1
8,7.5,5,strong_coherent,5,20462614,fixed_topK3,1,0.989895029824395,1,1,0.0543139024560002,0.0543139024560002,19998,19998,1,1,2.91038304567337e-11,1.4525505622044e-16,0,0,FIXED_TOPK3,FIXED_TOPK3,1,0,0,0,0,0,6.88,8.16,6.88,8.16,10.18,10.54,10.18,10.54,6.865,8.135,10.125,10.495,200363.630802397,200363.630802397,1
8,7.5,5,strong_coherent,5,20462614,c05_adaptive,1,0.989895029824395,1,1,0.0140712472794703,0.0140712472794703,9729,9729,1,1,2.91038304567337e-11,1.45162234717532e-16,0,0,EASY,EASY,1,0,0,0,0,0,6.848,8.128,6.848,8.128,10.132,10.492,10.132,10.492,6.865,8.135,10.125,10.495,200491.749891879,200491.749891879,1
8,7.5,5,strong_coherent,6,20462615,fixed_topK3,-1,0.990070438713304,1,1,0.0543139024560002,0.0543139024560002,19998,19998,1,1,5.82076609134674e-11,3.17168487963104e-16,0,0,FIXED_TOPK3,FIXED_TOPK3,1,0,0,0,0,0,6.88,8.16,6.88,8.16,10.54,10.18,10.54,10.18,6.865,8.135,10.495,10.125,183522.837616323,183522.837616323,1
8,7.5,5,strong_coherent,6,20462615,c05_adaptive,-1,0.990070438713304,1,1,0.0140712472794703,0.0140712472794703,9729,9729,1,1,0,0,0,0,EASY,EASY,1,0,0,0,0,0,6.848,8.128,6.848,8.128,10.492,10.132,10.492,10.132,6.865,8.135,10.495,10.125,183711.751104535,183711.751104535,1
8,7.5,5,strong_coherent,7,20462616,fixed_topK3,1,0.989814809877599,1,1,0.0543139024560002,0.0543139024560002,19998,19998,1,1,0,0,0,0,FIXED_TOPK3,FIXED_TOPK3,1,0,0,0,0,0,6.88,8.16,6.88,8.16,10.18,10.54,10.18,10.54,6.865,8.135,10.125,10.495,200325.580116282,200325.580116282,1
8,7.5,5,strong_coherent,7,20462616,c05_adaptive,1,0.989814809877599,1,1,0.0140712472794703,0.0140712472794703,9729,9729,1,1,8.73114913702011e-11,4.35573333860574e-16,0,0,EASY,EASY,1,0,0,0,0,0,6.848,8.128,6.848,8.128,10.132,10.492,10.132,10.492,6.865,8.135,10.125,10.495,200451.874765477,200451.874765477,1
8,7.5,5,strong_coherent,8,20462617,fixed_topK3,-1,0.989988716579998,1,1,0.0543139024560002,0.0543139024560002,19998,19998,1,1,0,0,0,0,FIXED_TOPK3,FIXED_TOPK3,1,0,0,0,0,0,6.88,8.16,6.88,8.16,10.54,10.18,10.54,10.18,6.865,8.135,10.495,10.125,183917.921998515,183917.921998515,1
8,7.5,5,strong_coherent,8,20462617,c05_adaptive,-1,0.989988716579998,1,1,0.0140712472794703,0.0140712472794703,9729,9729,1,1,2.91038304567337e-11,1.58080164134592e-16,0,0,EASY,EASY,1,0,0,0,0,0,6.848,8.128,6.848,8.128,10.492,10.132,10.492,10.132,6.865,8.135,10.495,10.125,184108.048065754,184108.048065754,1
8,7.5,5,strong_coherent,9,20462618,fixed_topK3,1,0.989923729752417,1,1,0.0543139024560002,0.0543139024560002,19998,19998,1,1,0,0,0,0,FIXED_TOPK3,FIXED_TOPK3,1,0,0,0,0,0,6.88,8.16,6.88,8.16,10.18,10.54,10.18,10.54,6.865,8.135,10.125,10.495,200486.539483933,200486.539483933,1
8,7.5,5,strong_coherent,9,20462618,c05_adaptive,1,0.989923729752417,1,1,0.0140712472794703,0.0140712472794703,9729,9729,1,1,2.91038304567337e-11,1.45073783858339e-16,0,0,EASY,EASY,1,0,0,0,0,0,6.848,8.128,6.848,8.128,10.132,10.492,10.132,10.492,6.865,8.135,10.125,10.495,200613.988845517,200613.988845517,1
8,7.5,5,strong_coherent,10,20462619,fixed_topK3,-1,0.989796386604714,1,1,0.0543139024560002,0.0543139024560002,19998,19998,1,1,2.91038304567337e-11,1.58389069412392e-16,0,0,FIXED_TOPK3,FIXED_TOPK3,1,0,0,0,0,0,6.88,8.16,6.88,8.16,10.54,10.18,10.54,10.18,6.865,8.135,10.495,10.125,183748.983213969,183748.983213969,1
8,7.5,5,strong_coherent,10,20462619,c05_adaptive,-1,0.989796386604714,1,1,0.0140712472794703,0.0140712472794703,9729,9729,1,1,2.91038304567337e-11,1.58226239364965e-16,0,0,EASY,EASY,1,0,0,0,0,0,6.848,8.128,6.848,8.128,10.492,10.132,10.492,10.132,6.865,8.135,10.495,10.125,183938.078624258,183938.078624258,1
8,7.5,5,hard_phase,1,20463610,fixed_topK3,1,0.989890370460901,1,1,0.0595818764390641,0.0595818764390641,18540,18540,1,1,2.91038304567337e-11,2.04036692846567e-16,0,0,FIXED_TOPK3,FIXED_TOPK3,1,0,0,0,0,0,7.04,7.92,7.04,7.92,10.18,10.54,10.18,10.54,7.085,7.915,10.125,10.495,142640.179326076,142640.179326076,1
8,7.5,5,hard_phase,1,20463610,c05_adaptive,1,0.989890370460901,1,1,0.0199499373432601,0.0199499373432601,9729,9729,1,1,0,0,0,0,EASY,EASY,1,0,0,0,0,0,7.088,7.888,7.088,7.888,10.132,10.492,10.132,10.492,7.085,7.915,10.125,10.495,142788.732920597,142788.732920597,1
8,7.5,5,hard_phase,2,20463611,fixed_topK3,-1,0.989924390366166,1,1,0.0561248608016083,0.0561248608016083,18612,18612,1,1,0,0,0,0,FIXED_TOPK3,FIXED_TOPK3,1,0,0,0,0,0,7.12,7.92,7.12,7.92,10.54,10.18,10.54,10.18,7.085,7.915,10.495,10.125,166106.494251812,166106.494251812,1
8,7.5,5,hard_phase,2,20463611,c05_adaptive,-1,0.989924390366166,1,1,0.0199499373432601,0.0199499373432601,9729,9729,1,1,0,0,0,0,EASY,EASY,1,0,0,0,0,0,7.088,7.888,7.088,7.888,10.492,10.132,10.492,10.132,7.085,7.915,10.495,10.125,166291.789718716,166291.789718716,1
8,7.5,5,hard_phase,3,20463612,fixed_topK3,1,0.990122254720337,1,1,0.0595818764390641,0.0595818764390641,18540,18540,1,1,2.91038304567337e-11,2.04084562740798e-16,0,0,FIXED_TOPK3,FIXED_TOPK3,1,0,0,0,0,0,7.04,7.92,7.04,7.92,10.18,10.54,10.18,10.54,7.085,7.915,10.125,10.495,142606.721771982,142606.721771982,1
8,7.5,5,hard_phase,3,20463612,c05_adaptive,1,0.990122254720337,1,1,0.0199499373432601,0.0199499373432601,9729,9729,1,1,2.91038304567337e-11,2.03874502751243e-16,0,0,EASY,EASY,1,0,0,0,0,0,7.088,7.888,7.088,7.888,10.132,10.492,10.132,10.492,7.085,7.915,10.125,10.495,142753.6551358,142753.6551358,1
8,7.5,5,hard_phase,4,20463613,fixed_topK3,-1,0.990205027954836,1,1,0.0561248608016083,0.0561248608016083,18612,18612,1,1,5.82076609134674e-11,3.51318096134464e-16,0,0,FIXED_TOPK3,FIXED_TOPK3,1,0,0,0,0,0,7.12,7.92,7.12,7.92,10.54,10.18,10.54,10.18,7.085,7.915,10.495,10.125,165683.639852099,165683.639852099,1
8,7.5,5,hard_phase,4,20463613,c05_adaptive,-1,0.990205027954836,1,1,0.0199499373432601,0.0199499373432601,9729,9729,1,1,5.82076609134674e-11,3.50924715704143e-16,0,0,EASY,EASY,1,0,0,0,0,0,7.088,7.888,7.088,7.888,10.492,10.132,10.492,10.132,7.085,7.915,10.495,10.125,165869.368296478,165869.368296478,1
8,7.5,5,hard_phase,5,20463614,fixed_topK3,1,0.990157501391891,1,1,0.0595818764390641,0.0595818764390641,18540,18540,1,1,5.82076609134674e-11,4.08218321039372e-16,0,0,FIXED_TOPK3,FIXED_TOPK3,1,0,0,0,0,0,7.04,7.92,7.04,7.92,10.18,10.54,10.18,10.54,7.085,7.915,10.125,10.495,142589.535827946,142589.535827946,1
8,7.5,5,hard_phase,5,20463614,c05_adaptive,1,0.990157501391891,1,1,0.0199499373432601,0.0199499373432601,9729,9729,1,1,0,0,0,0,EASY,EASY,1,0,0,0,0,0,7.088,7.888,7.088,7.888,10.132,10.492,10.132,10.492,7.085,7.915,10.125,10.495,142737.751219947,142737.751219947,1
8,7.5,5,hard_phase,6,20463615,fixed_topK3,-1,0.990047972665442,1,1,0.0561248608016083,0.0561248608016083,18612,18612,1,1,2.91038304567337e-11,1.74025501749578e-16,0,0,FIXED_TOPK3,FIXED_TOPK3,1,0,0,0,0,0,7.12,7.92,7.12,7.92,10.54,10.18,10.54,10.18,7.085,7.915,10.495,10.125,167238.882601322,167238.882601322,1
8,7.5,5,hard_phase,6,20463615,c05_adaptive,-1,0.990047972665442,1,1,0.0199499373432601,0.0199499373432601,9729,9729,1,1,8.73114913702011e-11,5.21491045932703e-16,0,0,EASY,EASY,1,0,0,0,0,0,7.088,7.888,7.088,7.888,10.492,10.132,10.492,10.132,7.085,7.915,10.495,10.125,167426.635703863,167426.635703863,1
8,7.5,5,hard_phase,7,20463616,fixed_topK3,1,0.989957056294443,1,1,0.0595818764390641,0.0595818764390641,18540,18540,1,1,5.82076609134674e-11,4.08143504890016e-16,0,0,FIXED_TOPK3,FIXED_TOPK3,1,0,0,0,0,0,7.04,7.92,7.04,7.92,10.18,10.54,10.18,10.54,7.085,7.915,10.125,10.495,142615.673693381,142615.673693381,1
8,7.5,5,hard_phase,7,20463616,c05_adaptive,1,0.989957056294443,1,1,0.0199499373432601,0.0199499373432601,9729,9729,1,1,2.91038304567337e-11,2.03859362699419e-16,0,0,EASY,EASY,1,0,0,0,0,0,7.088,7.888,7.088,7.888,10.132,10.492,10.132,10.492,7.085,7.915,10.125,10.495,142764.257041487,142764.257041487,1
8,7.5,5,hard_phase,8,20463617,fixed_topK3,-1,0.989804040500608,1,1,0.0561248608016083,0.0561248608016083,18612,18612,1,1,2.91038304567337e-11,1.74977926541756e-16,0,0,FIXED_TOPK3,FIXED_TOPK3,1,0,0,0,0,0,7.12,7.92,7.12,7.92,10.54,10.18,10.54,10.18,7.085,7.915,10.495,10.125,166328.582307143,166328.582307143,1
8,7.5,5,hard_phase,8,20463617,c05_adaptive,-1,0.989804040500608,1,1,0.0199499373432601,0.0199499373432601,9729,9729,1,1,2.91038304567337e-11,1.74782120105342e-16,0,0,EASY,EASY,1,0,0,0,0,0,7.088,7.888,7.088,7.888,10.492,10.132,10.492,10.132,7.085,7.915,10.495,10.125,166514.918340575,166514.918340575,1
8,7.5,5,hard_phase,9,20463618,fixed_topK3,1,0.99045655948109,1,1,0.0595818764390641,0.0595818764390641,18540,18540,1,1,5.82076609134674e-11,4.08223441245227e-16,0,0,FIXED_TOPK3,FIXED_TOPK3,1,0,0,0,0,0,7.04,7.92,7.04,7.92,10.18,10.54,10.18,10.54,7.085,7.915,10.125,10.495,142587.747376567,142587.747376567,1
8,7.5,5,hard_phase,9,20463618,c05_adaptive,1,0.99045655948109,1,1,0.0199499373432601,0.0199499373432601,9729,9729,1,1,0,0,0,0,EASY,EASY,1,0,0,0,0,0,7.088,7.888,7.088,7.888,10.132,10.492,10.132,10.492,7.085,7.915,10.125,10.495,142735.425960034,142735.425960034,1
8,7.5,5,hard_phase,10,20463619,fixed_topK3,-1,0.990465001176393,1,1,0.0561248608016083,0.0561248608016083,18612,18612,1,1,2.91038304567337e-11,1.76065738470916e-16,0,0,FIXED_TOPK3,FIXED_TOPK3,1,0,0,0,0,0,7.12,7.92,7.12,7.92,10.54,10.18,10.54,10.18,7.085,7.915,10.495,10.125,165300.930831249,165300.930831249,1
8,7.5,5,hard_phase,10,20463619,c05_adaptive,-1,0.990465001176393,1,1,0.0199499373432601,0.0199499373432601,9729,9729,1,1,2.91038304567337e-11,1.75869894252964e-16,0,0,EASY,EASY,1,0,0,0,0,0,7.088,7.888,7.088,7.888,10.492,10.132,10.492,10.132,7.085,7.915,10.495,10.125,165485.005721741,165485.005721741,1
8,7.5,5,weak_secondary,1,20464610,fixed_topK3,1,0.989838333499401,0,0,0.141950695665783,0.141950695665783,23133,23133,1,1,2.91038304567337e-11,2.91756487695078e-16,0,0,FIXED_TOPK3,FIXED_TOPK3,1,0,0,0,0,0,7.04,8.08,7.04,8.08,10.12,10.6,10.12,10.6,7.085,7.915,10.125,10.495,99753.8415911795,99753.8415911795,1
8,7.5,5,weak_secondary,1,20464610,c05_adaptive,1,0.989838333499401,0,0,0.141950695665783,0.141950695665783,23133,23133,1,1,2.91038304567337e-11,2.91756487695078e-16,0,0,NORMAL,NORMAL,1,0,0,0,0,0,7.04,8.08,7.04,8.08,10.12,10.6,10.12,10.6,7.085,7.915,10.125,10.495,99753.8415911795,99753.8415911795,1
8,7.5,5,weak_secondary,2,20464611,fixed_topK3,-1,0.990058524139409,1,1,0.10074720839805,0.10074720839805,18837,18837,1,1,8.73114913702011e-11,8.30131334589128e-16,0,0,FIXED_TOPK3,FIXED_TOPK3,1,0,0,0,0,0,7.12,7.84,7.12,7.84,10.48,10.24,10.48,10.24,7.085,7.915,10.495,10.125,105177.925145321,105177.925145321,1
8,7.5,5,weak_secondary,2,20464611,c05_adaptive,-1,0.990058524139409,1,1,0.0199499373432601,0.0199499373432601,9729,9729,1,1,4.36557456851006e-11,4.14730122585082e-16,0,0,EASY,EASY,1,0,0,0,0,0,7.088,7.888,7.088,7.888,10.492,10.132,10.492,10.132,7.085,7.915,10.495,10.125,105263.021197947,105263.021197947,1
8,7.5,5,weak_secondary,3,20464612,fixed_topK3,1,0.989982900635978,0,0,0.141950695665783,0.141950695665783,23133,23133,1,1,1.45519152283669e-11,1.45897686400438e-16,0,0,FIXED_TOPK3,FIXED_TOPK3,1,0,0,0,0,0,7.04,8.08,7.04,8.08,10.12,10.6,10.12,10.6,7.085,7.915,10.125,10.495,99740.5482389007,99740.5482389008,1
8,7.5,5,weak_secondary,3,20464612,c05_adaptive,1,0.989982900635978,0,0,0.141950695665783,0.141950695665783,23133,23133,1,1,1.45519152283669e-11,1.45897686400438e-16,0,0,NORMAL,NORMAL,1,0,0,0,0,0,7.04,8.08,7.04,8.08,10.12,10.6,10.12,10.6,7.085,7.915,10.125,10.495,99740.5482389007,99740.5482389008,1
8,7.5,5,weak_secondary,4,20464613,fixed_topK3,-1,0.990332039607406,1,1,0.10074720839805,0.10074720839805,18837,18837,1,1,5.82076609134674e-11,5.53278654104468e-16,0,0,FIXED_TOPK3,FIXED_TOPK3,1,0,0,0,0,0,7.12,7.84,7.12,7.84,10.48,10.24,10.48,10.24,7.085,7.915,10.495,10.125,105204.964047785,105204.964047785,1
8,7.5,5,weak_secondary,4,20464613,c05_adaptive,-1,0.990332039607406,1,1,0.0199499373432601,0.0199499373432601,9729,9729,1,1,4.36557456851006e-11,4.14628731406196e-16,0,0,EASY,EASY,1,0,0,0,0,0,7.088,7.888,7.088,7.888,10.492,10.132,10.492,10.132,7.085,7.915,10.495,10.125,105288.761676124,105288.761676124,1
8,7.5,5,weak_secondary,5,20464614,fixed_topK3,1,0.990273252283647,0,0,0.141950695665783,0.141950695665783,23133,23133,1,1,2.91038304567337e-11,2.91908762329794e-16,0,0,FIXED_TOPK3,FIXED_TOPK3,1,0,0,0,0,0,7.04,8.08,7.04,8.08,10.12,10.6,10.12,10.6,7.085,7.915,10.125,10.495,99701.8048531637,99701.8048531637,1
8,7.5,5,weak_secondary,5,20464614,c05_adaptive,1,0.990273252283647,0,0,0.141950695665783,0.141950695665783,23133,23133,1,1,2.91038304567337e-11,2.91908762329794e-16,0,0,NORMAL,NORMAL,1,0,0,0,0,0,7.04,8.08,7.04,8.08,10.12,10.6,10.12,10.6,7.085,7.915,10.125,10.495,99701.8048531637,99701.8048531637,1
8,7.5,5,weak_secondary,6,20464615,fixed_topK3,-1,0.990128793636099,1,1,0.10074720839805,0.10074720839805,18837,18837,1,1,5.82076609134674e-11,5.56643788732481e-16,0,0,FIXED_TOPK3,FIXED_TOPK3,1,0,0,0,0,0,7.12,7.84,7.12,7.84,10.48,10.24,10.48,10.24,7.085,7.915,10.495,10.125,104568.957907553,104568.957907553,1
8,7.5,5,weak_secondary,6,20464615,c05_adaptive,-1,0.990128793636099,1,1,0.0199499373432601,0.0199499373432601,9729,9729,1,1,2.91038304567337e-11,2.78102572949958e-16,0,0,EASY,EASY,1,0,0,0,0,0,7.088,7.888,7.088,7.888,10.492,10.132,10.492,10.132,7.085,7.915,10.495,10.125,104651.42464529,104651.42464529,1
8,7.5,5,weak_secondary,7,20464616,fixed_topK3,1,0.989901928371346,0,0,0.141950695665783,0.141950695665783,23133,23133,1,1,2.91038304567337e-11,2.91768358773466e-16,0,0,FIXED_TOPK3,FIXED_TOPK3,1,0,0,0,0,0,7.04,8.08,7.04,8.08,10.12,10.6,10.12,10.6,7.085,7.915,10.125,10.495,99749.7829410982,99749.7829410981,1
8,7.5,5,weak_secondary,7,20464616,c05_adaptive,1,0.989901928371346,0,0,0.141950695665783,0.141950695665783,23133,23133,1,1,2.91038304567337e-11,2.91768358773466e-16,0,0,NORMAL,NORMAL,1,0,0,0,0,0,7.04,8.08,7.04,8.08,10.12,10.6,10.12,10.6,7.085,7.915,10.125,10.495,99749.7829410982,99749.7829410981,1
8,7.5,5,weak_secondary,8,20464617,fixed_topK3,-1,0.990038672976153,1,1,0.10074720839805,0.10074720839805,18837,18837,1,1,1.45519152283669e-11,1.38969738098601e-16,0,0,FIXED_TOPK3,FIXED_TOPK3,1,0,0,0,0,0,7.12,7.84,7.12,7.84,10.48,10.24,10.48,10.24,7.085,7.915,10.495,10.125,104712.834804668,104712.834804668,1
8,7.5,5,weak_secondary,8,20464617,c05_adaptive,-1,0.990038672976153,1,1,0.0199499373432601,0.0199499373432601,9729,9729,1,1,0,0,0,0,EASY,EASY,1,0,0,0,0,0,7.088,7.888,7.088,7.888,10.492,10.132,10.492,10.132,7.085,7.915,10.495,10.125,104794.996825425,104794.996825425,1
8,7.5,5,weak_secondary,9,20464618,fixed_topK3,1,0.99014489910428,0,0,0.141950695665783,0.141950695665783,23133,23133,1,1,1.45519152283669e-11,1.45905527327836e-16,0,0,FIXED_TOPK3,FIXED_TOPK3,1,0,0,0,0,0,7.04,8.08,7.04,8.08,10.12,10.6,10.12,10.6,7.085,7.915,10.125,10.495,99735.1882062017,99735.1882062016,1
8,7.5,5,weak_secondary,9,20464618,c05_adaptive,1,0.99014489910428,0,0,0.141950695665783,0.141950695665783,23133,23133,1,1,1.45519152283669e-11,1.45905527327836e-16,0,0,NORMAL,NORMAL,1,0,0,0,0,0,7.04,8.08,7.04,8.08,10.12,10.6,10.12,10.6,7.085,7.915,10.125,10.495,99735.1882062017,99735.1882062016,1
8,7.5,5,weak_secondary,10,20464619,fixed_topK3,-1,0.989872467089791,1,1,0.10074720839805,0.10074720839805,18837,18837,1,1,2.91038304567337e-11,2.77892721667573e-16,0,0,FIXED_TOPK3,FIXED_TOPK3,1,0,0,0,0,0,7.12,7.84,7.12,7.84,10.48,10.24,10.48,10.24,7.085,7.915,10.495,10.125,104730.452392161,104730.45239216,1
8,7.5,5,weak_secondary,10,20464619,c05_adaptive,-1,0.989872467089791,1,1,0.0199499373432601,0.0199499373432601,9729,9729,1,1,1.45519152283669e-11,1.38836360197625e-16,0,0,EASY,EASY,1,0,0,0,0,0,7.088,7.888,7.088,7.888,10.492,10.132,10.492,10.132,7.085,7.915,10.495,10.125,104813.430773128,104813.430773128,1
8,7.5,5,low_snr_hard,1,20465610,fixed_topK3,1,1,0,0,0.141950695665783,0.141950695665783,23133,23133,1,1,2.91038304567337e-11,2.92552076079925e-16,0,0,FIXED_TOPK3,FIXED_TOPK3,1,0,0,0,0,0,7.04,8.08,7.04,8.08,10.12,10.6,10.12,10.6,7.085,7.915,10.125,10.495,99482.5634010628,99482.5634010629,1
8,7.5,5,low_snr_hard,1,20465610,c05_adaptive,1,1,0,0,0.141950695665783,0.141950695665783,23133,23133,1,1,2.91038304567337e-11,2.92552076079925e-16,0,0,NORMAL,NORMAL,1,0,0,0,0,0,7.04,8.08,7.04,8.08,10.12,10.6,10.12,10.6,7.085,7.915,10.125,10.495,99482.5634010628,99482.5634010629,1
8,7.5,5,low_snr_hard,2,20465611,fixed_topK3,-1,1,1,1,0.10074720839805,0.10074720839805,18837,18837,1,1,1.45519152283669e-11,1.38785870924098e-16,0,0,FIXED_TOPK3,FIXED_TOPK3,1,0,0,0,0,0,7.12,7.84,7.12,7.84,10.48,10.24,10.48,10.24,7.085,7.915,10.495,10.125,104851.561124153,104851.561124153,1
8,7.5,5,low_snr_hard,2,20465611,c05_adaptive,-1,1,1,1,0.0199499373432601,0.0199499373432601,9729,9729,1,1,7.27595761418343e-11,6.93371310826943e-16,0,0,EASY,EASY,1,0,0,0,0,0,7.088,7.888,7.088,7.888,10.492,10.132,10.492,10.132,7.085,7.915,10.495,10.125,104935.94846758,104935.94846758,1
8,7.5,5,low_snr_hard,3,20465612,fixed_topK3,1,1,0,0,0.141950695665783,0.141950695665783,23133,23133,1,1,0,0,0,0,FIXED_TOPK3,FIXED_TOPK3,1,0,0,0,0,0,7.04,8.08,7.04,8.08,10.12,10.6,10.12,10.6,7.085,7.915,10.125,10.495,99538.2474939845,99538.2474939845,1
8,7.5,5,low_snr_hard,3,20465612,c05_adaptive,1,1,0,0,0.141950695665783,0.141950695665783,23133,23133,1,1,0,0,0,0,NORMAL,NORMAL,1,0,0,0,0,0,7.04,8.08,7.04,8.08,10.12,10.6,10.12,10.6,7.085,7.915,10.125,10.495,99538.2474939845,99538.2474939845,1
8,7.5,5,low_snr_hard,4,20465613,fixed_topK3,-1,1,1,1,0.10074720839805,0.10074720839805,18837,18837,1,1,0,0,0,0,FIXED_TOPK3,FIXED_TOPK3,1,0,0,0,0,0,7.12,7.84,7.12,7.84,10.48,10.24,10.48,10.24,7.085,7.915,10.495,10.125,104832.516873844,104832.516873844,1
8,7.5,5,low_snr_hard,4,20465613,c05_adaptive,-1,1,1,1,0.0199499373432601,0.0199499373432601,9729,9729,1,1,1.45519152283669e-11,1.38700511872308e-16,0,0,EASY,EASY,1,0,0,0,0,0,7.088,7.888,7.088,7.888,10.492,10.132,10.492,10.132,7.085,7.915,10.495,10.125,104916.088858877,104916.088858877,1
8,7.5,5,low_snr_hard,5,20465614,fixed_topK3,1,1,0,0,0.141950695665783,0.141950695665783,23133,23133,1,1,2.91038304567337e-11,2.92403871136881e-16,0,0,FIXED_TOPK3,FIXED_TOPK3,1,0,0,0,0,0,7.04,8.08,7.04,8.08,10.12,10.6,10.12,10.6,7.085,7.915,10.125,10.495,99532.9861522577,99532.9861522577,1
8,7.5,5,low_snr_hard,5,20465614,c05_adaptive,1,1,0,0,0.141950695665783,0.141950695665783,23133,23133,1,1,2.91038304567337e-11,2.92403871136881e-16,0,0,NORMAL,NORMAL,1,0,0,0,0,0,7.04,8.08,7.04,8.08,10.12,10.6,10.12,10.6,7.085,7.915,10.125,10.495,99532.9861522577,99532.9861522577,1
8,7.5,5,low_snr_hard,6,20465615,fixed_topK3,-1,1,1,1,0.10074720839805,0.10074720839805,18837,18837,1,1,2.91038304567337e-11,2.7762435285467e-16,0,0,FIXED_TOPK3,FIXED_TOPK3,1,0,0,0,0,0,7.12,7.84,7.12,7.84,10.48,10.24,10.48,10.24,7.085,7.915,10.495,10.125,104831.69130328,104831.69130328,1
8,7.5,5,low_snr_hard,6,20465615,c05_adaptive,-1,1,1,1,0.0199499373432601,0.0199499373432601,9729,9729,1,1,1.45519152283669e-11,1.38700742173052e-16,0,0,EASY,EASY,1,0,0,0,0,0,7.088,7.888,7.088,7.888,10.492,10.132,10.492,10.132,7.085,7.915,10.495,10.125,104915.914654667,104915.914654667,1
8,7.5,5,low_snr_hard,7,20465616,fixed_topK3,1,1,0,0,0.141950695665783,0.141950695665783,23133,23133,1,1,1.45519152283669e-11,1.4620012386923e-16,0,0,FIXED_TOPK3,FIXED_TOPK3,1,0,0,0,0,0,7.04,8.08,7.04,8.08,10.12,10.6,10.12,10.6,7.085,7.915,10.125,10.495,99534.2195563595,99534.2195563595,1
8,7.5,5,low_snr_hard,7,20465616,c05_adaptive,1,1,0,0,0.141950695665783,0.141950695665783,23133,23133,1,1,1.45519152283669e-11,1.4620012386923e-16,0,0,NORMAL,NORMAL,1,0,0,0,0,0,7.04,8.08,7.04,8.08,10.12,10.6,10.12,10.6,7.085,7.915,10.125,10.495,99534.2195563595,99534.2195563595,1
8,7.5,5,low_snr_hard,8,20465617,fixed_topK3,-1,1,1,1,0.10074720839805,0.10074720839805,18837,18837,1,1,0,0,0,0,FIXED_TOPK3,FIXED_TOPK3,1,0,0,0,0,0,7.12,7.84,7.12,7.84,10.48,10.24,10.48,10.24,7.085,7.915,10.495,10.125,104782.273240157,104782.273240157,1
8,7.5,5,low_snr_hard,8,20465617,c05_adaptive,-1,1,1,1,0.0199499373432601,0.0199499373432601,9729,9729,1,1,4.36557456851006e-11,4.16301363900997e-16,0,0,EASY,EASY,1,0,0,0,0,0,7.088,7.888,7.088,7.888,10.492,10.132,10.492,10.132,7.085,7.915,10.495,10.125,104865.728221545,104865.728221545,1
8,7.5,5,low_snr_hard,9,20465618,fixed_topK3,1,1,0,0,0.141950695665783,0.141950695665783,23133,23133,1,1,2.91038304567337e-11,2.92511242162507e-16,0,0,FIXED_TOPK3,FIXED_TOPK3,1,0,0,0,0,0,7.04,8.08,7.04,8.08,10.12,10.6,10.12,10.6,7.085,7.915,10.125,10.495,99496.4509451736,99496.4509451736,1
8,7.5,5,low_snr_hard,9,20465618,c05_adaptive,1,1,0,0,0.141950695665783,0.141950695665783,23133,23133,1,1,2.91038304567337e-11,2.92511242162507e-16,0,0,NORMAL,NORMAL,1,0,0,0,0,0,7.04,8.08,7.04,8.08,10.12,10.6,10.12,10.6,7.085,7.915,10.125,10.495,99496.4509451736,99496.4509451736,1
8,7.5,5,low_snr_hard,10,20465619,fixed_topK3,-1,1,1,1,0.10074720839805,0.10074720839805,18837,18837,1,1,4.36557456851006e-11,4.16350093805827e-16,0,0,FIXED_TOPK3,FIXED_TOPK3,1,0,0,0,0,0,7.12,7.84,7.12,7.84,10.48,10.24,10.48,10.24,7.085,7.915,10.495,10.125,104853.45466371,104853.45466371,1
8,7.5,5,low_snr_hard,10,20465619,c05_adaptive,-1,1,1,1,0.0199499373432601,0.0199499373432601,9729,9729,1,1,1.45519152283669e-11,1.3867370254683e-16,0,0,EASY,EASY,1,0,0,0,0,0,7.088,7.888,7.088,7.888,10.492,10.132,10.492,10.132,7.085,7.915,10.495,10.125,104936.371937229,104936.371937229,1
15,15,9,easy_noncoherent,1,20561610,fixed_topK3,1,0.0964174540968539,1,1,0.0595818764390647,0.0595818764390647,18612,18612,1,1,2.91038304567337e-11,1.35612601997619e-16,0,0,FIXED_TOPK3,FIXED_TOPK3,1,0,0,0,0,0,14.38,15.66,14.38,15.66,10,10.72,10,10.72,14.365,15.635,9.975,10.645,214610.073311953,214610.073311953,1
15,15,9,easy_noncoherent,1,20561610,c05_adaptive,1,0.0964174540968539,1,1,0.0373898381916806,0.0373898381916806,9729,9729,1,1,2.91038304567337e-11,1.35496647973597e-16,0,0,EASY,EASY,1,0,0,0,0,0,14.348,15.628,14.348,15.628,10.012,10.612,10.012,10.612,14.365,15.635,9.975,10.645,214793.7302656,214793.7302656,1
15,15,9,easy_noncoherent,2,20561611,fixed_topK3,-1,0.0924215470672462,1,1,0.0595818764390647,0.0595818764390647,17154,17154,1,1,0,0,0,0,FIXED_TOPK3,FIXED_TOPK3,1,0,0,0,0,0,14.38,15.66,14.38,15.66,10.72,10,10.72,10,14.365,15.635,10.645,9.975,187545.540396568,187545.540396568,1
15,15,9,easy_noncoherent,2,20561611,c05_adaptive,-1,0.0924215470672462,1,1,0.0282488937836504,0.0282488937836504,9729,9729,1,1,8.73114913702011e-11,4.65283761803593e-16,0,0,EASY,EASY,1,0,0,0,0,0,14.348,15.628,14.348,15.628,10.672,9.952,10.672,9.952,14.365,15.635,10.645,9.975,187652.135186822,187652.135186822,1
15,15,9,easy_noncoherent,3,20561612,fixed_topK3,1,0.126096645412756,1,1,0.0595818764390647,0.0595818764390647,18612,18612,1,1,0,0,0,0,FIXED_TOPK3,FIXED_TOPK3,1,0,0,0,0,0,14.38,15.66,14.38,15.66,10,10.72,10,10.72,14.365,15.635,9.975,10.645,215162.592324528,215162.592324528,1
15,15,9,easy_noncoherent,3,20561612,c05_adaptive,1,0.126096645412756,1,1,0.0373898381916806,0.0373898381916806,9729,9729,1,1,5.82076609134674e-11,2.70307998033409e-16,0,0,EASY,EASY,1,0,0,0,0,0,14.348,15.628,14.348,15.628,10.012,10.612,10.012,10.612,14.365,15.635,9.975,10.645,215338.285722027,215338.285722027,1
15,15,9,easy_noncoherent,4,20561613,fixed_topK3,-1,0.122374678768707,1,1,0.0595818764390647,0.0595818764390647,17154,17154,1,1,2.91038304567337e-11,1.5517950653881e-16,0,0,FIXED_TOPK3,FIXED_TOPK3,1,0,0,0,0,0,14.38,15.66,14.38,15.66,10.72,10,10.72,10,14.365,15.635,10.645,9.975,187549.445837778,187549.445837778,1
15,15,9,easy_noncoherent,4,20561613,c05_adaptive,-1,0.122374678768707,1,1,0.0282488937836504,0.0282488937836504,9729,9729,1,1,5.82076609134674e-11,3.10185356851801e-16,0,0,EASY,EASY,1,0,0,0,0,0,14.348,15.628,14.348,15.628,10.672,9.952,10.672,9.952,14.365,15.635,10.645,9.975,187654.444762451,187654.444762451,1
15,15,9,easy_noncoherent,5,20561614,fixed_topK3,1,0.0709130760537258,1,1,0.0595818764390647,0.0595818764390647,18612,18612,1,1,2.91038304567337e-11,1.35197436772515e-16,0,0,FIXED_TOPK3,FIXED_TOPK3,1,0,0,0,0,0,14.38,15.66,14.38,15.66,10,10.72,10,10.72,14.365,15.635,9.975,10.645,215269.099411287,215269.099411287,1
15,15,9,easy_noncoherent,5,20561614,c05_adaptive,1,0.0709130760537258,1,1,0.0373898381916806,0.0373898381916806,9729,9729,1,1,5.82076609134674e-11,2.70155970959757e-16,0,0,EASY,EASY,1,0,0,0,0,0,14.348,15.628,14.348,15.628,10.012,10.612,10.012,10.612,14.365,15.635,9.975,10.645,215459.464792426,215459.464792426,1
15,15,9,easy_noncoherent,6,20561615,fixed_topK3,-1,0.0508239254985577,1,1,0.0595818764390647,0.0595818764390647,17154,17154,1,1,0,0,0,0,FIXED_TOPK3,FIXED_TOPK3,1,0,0,0,0,0,14.38,15.66,14.38,15.66,10.72,10,10.72,10,14.365,15.635,10.645,9.975,188591.680040556,188591.680040556,1
15,15,9,easy_noncoherent,6,20561615,c05_adaptive,-1,0.0508239254985577,1,1,0.0282488937836504,0.0282488937836504,9729,9729,1,1,0,0,0,0,EASY,EASY,1,0,0,0,0,0,14.348,15.628,14.348,15.628,10.672,9.952,10.672,9.952,14.365,15.635,10.645,9.975,188702.657215518,188702.657215518,1
15,15,9,easy_noncoherent,7,20561616,fixed_topK3,1,0.150309887530764,1,1,0.0595818764390647,0.0595818764390647,18612,18612,1,1,0,0,0,0,FIXED_TOPK3,FIXED_TOPK3,1,0,0,0,0,0,14.38,15.66,14.38,15.66,10,10.72,10,10.72,14.365,15.635,9.975,10.645,212067.139175022,212067.139175022,1
15,15,9,easy_noncoherent,7,20561616,c05_adaptive,1,0.150309887530764,1,1,0.0595818764390647,0.0595818764390647,20394,20394,1,1,0,0,0,0,SCORE_AMBIGUOUS,SCORE_AMBIGUOUS,1,0,0,0,0,0,14.38,15.66,14.38,15.66,10,10.72,10,10.72,14.365,15.635,9.975,10.645,212067.139175022,212067.139175022,1
15,15,9,easy_noncoherent,8,20561617,fixed_topK3,-1,0.0527204539207244,1,1,0.0595818764390647,0.0595818764390647,17154,17154,1,1,5.82076609134674e-11,3.10504773564531e-16,0,0,FIXED_TOPK3,FIXED_TOPK3,1,0,0,0,0,0,14.38,15.66,14.38,15.66,10.72,10,10.72,10,14.365,15.635,10.645,9.975,187461.404361857,187461.404361857,1
15,15,9,easy_noncoherent,8,20561617,c05_adaptive,-1,0.0527204539207244,1,1,0.0282488937836504,0.0282488937836504,9729,9729,1,1,8.73114913702011e-11,4.65497343271974e-16,0,0,EASY,EASY,1,0,0,0,0,0,14.348,15.628,14.348,15.628,10.672,9.952,10.672,9.952,14.365,15.635,10.645,9.975,187566.035837047,187566.035837047,1
15,15,9,easy_noncoherent,9,20561618,fixed_topK3,1,0.160332178674549,1,1,0.0595818764390647,0.0595818764390647,18612,18612,1,1,2.91038304567337e-11,1.34578137646756e-16,0,0,FIXED_TOPK3,FIXED_TOPK3,1,0,0,0,0,0,14.38,15.66,14.38,15.66,10,10.72,10,10.72,14.365,15.635,9.975,10.645,216259.720677115,216259.720677115,1
15,15,9,easy_noncoherent,9,20561618,c05_adaptive,1,0.160332178674549,1,1,0.0373898381916806,0.0373898381916806,9729,9729,1,1,2.91038304567337e-11,1.34459287197247e-16,0,0,EASY,EASY,1,0,0,0,0,0,14.348,15.628,14.348,15.628,10.012,10.612,10.012,10.612,14.365,15.635,9.975,10.645,216450.875676883,216450.875676883,1
15,15,9,easy_noncoherent,10,20561619,fixed_topK3,-1,0.0859642364998632,1,1,0.0595818764390647,0.0595818764390647,17154,17154,1,1,2.91038304567337e-11,1.53794239430486e-16,0,0,FIXED_TOPK3,FIXED_TOPK3,1,0,0,0,0,0,14.38,15.66,14.38,15.66,10.72,10,10.72,10,14.365,15.635,10.645,9.975,189238.755394922,189238.755394922,1
15,15,9,easy_noncoherent,10,20561619,c05_adaptive,-1,0.0859642364998632,1,1,0.0282488937836504,0.0282488937836504,9729,9729,1,1,8.73114913702011e-11,4.61100574929672e-16,0,0,EASY,EASY,1,0,0,0,0,0,14.348,15.628,14.348,15.628,10.672,9.952,10.672,9.952,14.365,15.635,10.645,9.975,189354.548914883,189354.548914883,1
15,15,9,strong_coherent,1,20562610,fixed_topK3,1,0.990256874428704,1,1,0.0543139024560003,0.0543139024560003,19998,19998,1,1,2.91038304567337e-11,1.45284574670356e-16,0,0,FIXED_TOPK3,FIXED_TOPK3,1,0,0,0,0,0,14.38,15.66,14.38,15.66,10.18,10.54,10.18,10.54,14.365,15.635,10.125,10.495,200322.921568025,200322.921568025,1
15,15,9,strong_coherent,1,20562610,c05_adaptive,1,0.990256874428704,1,1,0.0140712472794698,0.0140712472794698,9729,9729,1,1,0,0,0,0,EASY,EASY,1,0,0,0,0,0,14.348,15.628,14.348,15.628,10.132,10.492,10.132,10.492,14.365,15.635,10.125,10.495,200449.976518749,200449.976518749,1
15,15,9,strong_coherent,2,20562611,fixed_topK3,-1,0.989836979504934,1,1,0.0543139024560003,0.0543139024560003,19998,19998,1,1,2.91038304567337e-11,1.58343872035534e-16,0,0,FIXED_TOPK3,FIXED_TOPK3,1,0,0,0,0,0,14.38,15.66,14.38,15.66,10.54,10.18,10.54,10.18,14.365,15.635,10.495,10.125,183801.432177954,183801.432177953,1
15,15,9,strong_coherent,2,20562611,c05_adaptive,-1,0.989836979504934,1,1,0.0140712472794698,0.0140712472794698,9729,9729,1,1,2.91038304567337e-11,1.58180718435303e-16,0,0,EASY,EASY,1,0,0,0,0,0,14.348,15.628,14.348,15.628,10.492,10.132,10.492,10.132,14.365,15.635,10.495,10.125,183991.011955337,183991.011955337,1
15,15,9,strong_coherent,3,20562612,fixed_topK3,1,0.990028861915367,1,1,0.0543139024560003,0.0543139024560003,19998,19998,1,1,2.91038304567337e-11,1.45277687239083e-16,0,0,FIXED_TOPK3,FIXED_TOPK3,1,0,0,0,0,0,14.38,15.66,14.38,15.66,10.18,10.54,10.18,10.54,14.365,15.635,10.125,10.495,200332.418624187,200332.418624187,1
15,15,9,strong_coherent,3,20562612,c05_adaptive,1,0.990028861915367,1,1,0.0140712472794698,0.0140712472794698,9729,9729,1,1,2.91038304567337e-11,1.45186490922608e-16,0,0,EASY,EASY,1,0,0,0,0,0,14.348,15.628,14.348,15.628,10.132,10.492,10.132,10.492,14.365,15.635,10.125,10.495,200458.253876027,200458.253876027,1
15,15,9,strong_coherent,4,20562613,fixed_topK3,-1,0.990039510134676,1,1,0.0543139024560003,0.0543139024560003,19998,19998,1,1,5.82076609134674e-11,3.16484432326322e-16,0,0,FIXED_TOPK3,FIXED_TOPK3,1,0,0,0,0,0,14.38,15.66,14.38,15.66,10.54,10.18,10.54,10.18,14.365,15.635,10.495,10.125,183919.507463957,183919.507463957,1
15,15,9,strong_coherent,4,20562613,c05_adaptive,-1,0.990039510134676,1,1,0.0140712472794698,0.0140712472794698,9729,9729,1,1,5.82076609134674e-11,3.16159913656969e-16,0,0,EASY,EASY,1,0,0,0,0,0,14.348,15.628,14.348,15.628,10.492,10.132,10.492,10.132,14.365,15.635,10.495,10.125,184108.289505109,184108.289505109,1
15,15,9,strong_coherent,5,20562614,fixed_topK3,1,0.989989253471888,1,1,0.0543139024560003,0.0543139024560003,19998,19998,1,1,5.82076609134674e-11,2.90764160332428e-16,0,0,FIXED_TOPK3,FIXED_TOPK3,1,0,0,0,0,0,14.38,15.66,14.38,15.66,10.18,10.54,10.18,10.54,14.365,15.635,10.125,10.495,200188.568105915,200188.568105915,1
15,15,9,strong_coherent,5,20562614,c05_adaptive,1,0.989989253471888,1,1,0.0140712472794698,0.0140712472794698,9729,9729,1,1,0,0,0,0,EASY,EASY,1,0,0,0,0,0,14.348,15.628,14.348,15.628,10.132,10.492,10.132,10.492,14.365,15.635,10.125,10.495,200313.544318959,200313.544318959,1
15,15,9,strong_coherent,6,20562615,fixed_topK3,-1,0.990037093378443,1,1,0.0543139024560003,0.0543139024560003,19998,19998,1,1,1.16415321826935e-10,6.32491695306226e-16,0,0,FIXED_TOPK3,FIXED_TOPK3,1,0,0,0,0,0,14.38,15.66,14.38,15.66,10.54,10.18,10.54,10.18,14.365,15.635,10.495,10.125,184058.261461554,184058.261461554,1
15,15,9,strong_coherent,6,20562615,c05_adaptive,-1,0.990037093378443,1,1,0.0140712472794698,0.0140712472794698,9729,9729,1,1,0,0,0,0,EASY,EASY,1,0,0,0,0,0,14.348,15.628,14.348,15.628,10.492,10.132,10.492,10.132,14.365,15.635,10.495,10.125,184248.051170518,184248.051170518,1
15,15,9,strong_coherent,7,20562616,fixed_topK3,1,0.990028639414607,1,1,0.0543139024560003,0.0543139024560003,19998,19998,1,1,5.82076609134674e-11,2.90486040243224e-16,0,0,FIXED_TOPK3,FIXED_TOPK3,1,0,0,0,0,0,14.38,15.66,14.38,15.66,10.18,10.54,10.18,10.54,14.365,15.635,10.125,10.495,200380.234674032,200380.234674032,1
15,15,9,strong_coherent,7,20562616,c05_adaptive,1,0.990028639414607,1,1,0.0140712472794698,0.0140712472794698,9729,9729,1,1,5.82076609134674e-11,2.90301885478419e-16,0,0,EASY,EASY,1,0,0,0,0,0,14.348,15.628,14.348,15.628,10.132,10.492,10.132,10.492,14.365,15.635,10.125,10.495,200507.347093323,200507.347093323,1
15,15,9,strong_coherent,8,20562617,fixed_topK3,-1,0.990925678225927,1,1,0.0543139024560003,0.0543139024560003,19998,19998,1,1,8.73114913702011e-11,4.74370098169523e-16,0,0,FIXED_TOPK3,FIXED_TOPK3,1,0,0,0,0,0,14.38,15.66,14.38,15.66,10.54,10.18,10.54,10.18,14.365,15.635,10.495,10.125,184057.746698442,184057.746698442,1
15,15,9,strong_coherent,8,20562617,c05_adaptive,-1,0.990925678225927,1,1,0.0140712472794698,0.0140712472794698,9729,9729,1,1,0,0,0,0,EASY,EASY,1,0,0,0,0,0,14.348,15.628,14.348,15.628,10.492,10.132,10.492,10.132,14.365,15.635,10.495,10.125,184246.858519972,184246.858519972,1
15,15,9,strong_coherent,9,20562618,fixed_topK3,1,0.989939079018925,1,1,0.0543139024560003,0.0543139024560003,19998,19998,1,1,5.82076609134674e-11,2.90221777759786e-16,0,0,FIXED_TOPK3,FIXED_TOPK3,1,0,0,0,0,0,14.38,15.66,14.38,15.66,10.18,10.54,10.18,10.54,14.365,15.635,10.125,10.495,200562.691617323,200562.691617323,1
15,15,9,strong_coherent,9,20562618,c05_adaptive,1,0.989939079018925,1,1,0.0140712472794698,0.0140712472794698,9729,9729,1,1,8.73114913702011e-11,4.35054662123704e-16,0,0,EASY,EASY,1,0,0,0,0,0,14.348,15.628,14.348,15.628,10.132,10.492,10.132,10.492,14.365,15.635,10.125,10.495,200690.853291844,200690.853291844,1
15,15,9,strong_coherent,10,20562619,fixed_topK3,-1,0.99011041127186,1,1,0.0543139024560003,0.0543139024560003,19998,19998,1,1,0,0,0,0,FIXED_TOPK3,FIXED_TOPK3,1,0,0,0,0,0,14.38,15.66,14.38,15.66,10.54,10.18,10.54,10.18,14.365,15.635,10.495,10.125,183720.561872952,183720.561872952,1
15,15,9,strong_coherent,10,20562619,c05_adaptive,-1,0.99011041127186,1,1,0.0140712472794698,0.0140712472794698,9729,9729,1,1,0,0,0,0,EASY,EASY,1,0,0,0,0,0,14.348,15.628,14.348,15.628,10.492,10.132,10.492,10.132,14.365,15.635,10.495,10.125,183910.396632231,183910.396632231,1
15,15,9,hard_phase,1,20563610,fixed_topK3,1,0.990096530416103,1,1,0.0595818764390648,0.0595818764390648,18540,18540,1,1,2.91038304567337e-11,2.04044508469993e-16,0,0,FIXED_TOPK3,FIXED_TOPK3,1,0,0,0,0,0,14.54,15.42,14.54,15.42,10.18,10.54,10.18,10.54,14.585,15.415,10.125,10.495,142634.715704754,142634.715704754,1
15,15,9,hard_phase,1,20563610,c05_adaptive,1,0.990096530416103,1,1,0.0199499373432593,0.0199499373432593,9729,9729,1,1,2.91038304567337e-11,2.03832741343255e-16,0,0,EASY,EASY,1,0,0,0,0,0,14.588,15.388,14.588,15.388,10.132,10.492,10.132,10.492,14.585,15.415,10.125,10.495,142782.902613878,142782.902613878,1
15,15,9,hard_phase,2,20563611,fixed_topK3,-1,0.990211379366151,1,1,0.0561248608016078,0.0561248608016078,18612,18612,1,1,8.73114913702011e-11,5.24171439647513e-16,0,0,FIXED_TOPK3,FIXED_TOPK3,1,0,0,0,0,0,14.62,15.42,14.62,15.42,10.54,10.18,10.54,10.18,14.585,15.415,10.495,10.125,166570.485848895,166570.485848895,1
15,15,9,hard_phase,2,20563611,c05_adaptive,-1,0.990211379366151,1,1,0.0199499373432593,0.0199499373432593,9729,9729,1,1,0,0,0,0,EASY,EASY,1,0,0,0,0,0,14.588,15.388,14.588,15.388,10.492,10.132,10.492,10.132,14.585,15.415,10.495,10.125,166757.403496532,166757.403496532,1
15,15,9,hard_phase,3,20563612,fixed_topK3,1,0.990422433886784,1,1,0.0595818764390648,0.0595818764390648,18540,18540,1,1,2.91038304567337e-11,2.04093325112819e-16,0,0,FIXED_TOPK3,FIXED_TOPK3,1,0,0,0,0,0,14.54,15.42,14.54,15.42,10.18,10.54,10.18,10.54,14.585,15.415,10.125,10.495,142600.599214333,142600.599214333,1
15,15,9,hard_phase,3,20563612,c05_adaptive,1,0.990422433886784,1,1,0.0199499373432593,0.0199499373432593,9729,9729,1,1,2.91038304567337e-11,2.03881353957997e-16,0,0,EASY,EASY,1,0,0,0,0,0,14.588,15.388,14.588,15.388,10.132,10.492,10.132,10.492,14.585,15.415,10.125,10.495,142748.858057562,142748.858057562,1
15,15,9,hard_phase,4,20563613,fixed_topK3,-1,0.989934604842339,1,1,0.0561248608016078,0.0561248608016078,18612,18612,1,1,2.91038304567337e-11,1.75557821344406e-16,0,0,FIXED_TOPK3,FIXED_TOPK3,1,0,0,0,0,0,14.62,15.42,14.62,15.42,10.54,10.18,10.54,10.18,14.585,15.415,10.495,10.125,165779.173117205,165779.173117205,1
15,15,9,hard_phase,4,20563613,c05_adaptive,-1,0.989934604842339,1,1,0.0199499373432593,0.0199499373432593,9729,9729,1,1,2.91038304567337e-11,1.75361279439714e-16,0,0,EASY,EASY,1,0,0,0,0,0,14.588,15.388,14.588,15.388,10.492,10.132,10.492,10.132,14.585,15.415,10.495,10.125,165964.975562003,165964.975562002,1
15,15,9,hard_phase,5,20563614,fixed_topK3,1,0.990408975889872,1,1,0.0595818764390648,0.0595818764390648,18540,18540,1,1,2.91038304567337e-11,2.04099706872826e-16,0,0,FIXED_TOPK3,FIXED_TOPK3,1,0,0,0,0,0,14.54,15.42,14.54,15.42,10.18,10.54,10.18,10.54,14.585,15.415,10.125,10.495,142596.140399497,142596.140399497,1
15,15,9,hard_phase,5,20563614,c05_adaptive,1,0.990408975889872,1,1,0.0199499373432593,0.0199499373432593,9729,9729,1,1,5.82076609134674e-11,4.07780898954964e-16,0,0,EASY,EASY,1,0,0,0,0,0,14.588,15.388,14.588,15.388,10.132,10.492,10.132,10.492,14.585,15.415,10.125,10.495,142742.490054435,142742.490054435,1
15,15,9,hard_phase,6,20563615,fixed_topK3,-1,0.990391284513069,1,1,0.0561248608016078,0.0561248608016078,18612,18612,1,1,5.82076609134674e-11,3.50303820315057e-16,0,0,FIXED_TOPK3,FIXED_TOPK3,1,0,0,0,0,0,14.62,15.42,14.62,15.42,10.54,10.18,10.54,10.18,14.585,15.415,10.495,10.125,166163.363166056,166163.363166055,1
15,15,9,hard_phase,6,20563615,c05_adaptive,-1,0.990391284513069,1,1,0.0199499373432593,0.0199499373432593,9729,9729,1,1,2.91038304567337e-11,1.74956225243121e-16,0,0,EASY,EASY,1,0,0,0,0,0,14.588,15.388,14.588,15.388,10.492,10.132,10.492,10.132,14.585,15.415,10.495,10.125,166349.213446339,166349.213446339,1
15,15,9,hard_phase,7,20563616,fixed_topK3,1,0.990154768824844,1,1,0.0595818764390648,0.0595818764390648,18540,18540,1,1,0,0,0,0,FIXED_TOPK3,FIXED_TOPK3,1,0,0,0,0,0,14.54,15.42,14.54,15.42,10.18,10.54,10.18,10.54,14.585,15.415,10.125,10.495,142586.335839976,142586.335839976,1
15,15,9,hard_phase,7,20563616,c05_adaptive,1,0.990154768824844,1,1,0.0199499373432593,0.0199499373432593,9729,9729,1,1,0,0,0,0,EASY,EASY,1,0,0,0,0,0,14.588,15.388,14.588,15.388,10.132,10.492,10.132,10.492,14.585,15.415,10.125,10.495,142734.296516352,142734.296516352,1
15,15,9,hard_phase,8,20563617,fixed_topK3,-1,0.990066085256238,1,1,0.0561248608016078,0.0561248608016078,18612,18612,1,1,2.91038304567337e-11,1.73658830396453e-16,0,0,FIXED_TOPK3,FIXED_TOPK3,1,0,0,0,0,0,14.62,15.42,14.62,15.42,10.54,10.18,10.54,10.18,14.585,15.415,10.495,10.125,167591.998577275,167591.998577275,1
15,15,9,hard_phase,8,20563617,c05_adaptive,-1,0.990066085256238,1,1,0.0199499373432593,0.0199499373432593,9729,9729,1,1,2.91038304567337e-11,1.73465660302451e-16,0,0,EASY,EASY,1,0,0,0,0,0,14.588,15.388,14.588,15.388,10.492,10.132,10.492,10.132,14.585,15.415,10.495,10.125,167778.627804425,167778.627804425,1
15,15,9,hard_phase,9,20563618,fixed_topK3,1,0.989802570759959,1,1,0.0595818764390648,0.0595818764390648,18540,18540,1,1,5.82076609134674e-11,4.07992771856389e-16,0,0,FIXED_TOPK3,FIXED_TOPK3,1,0,0,0,0,0,14.54,15.42,14.54,15.42,10.18,10.54,10.18,10.54,14.585,15.415,10.125,10.495,142668.363090403,142668.363090403,1
15,15,9,hard_phase,9,20563618,c05_adaptive,1,0.989802570759959,1,1,0.0199499373432593,0.0199499373432593,9729,9729,1,1,2.91038304567337e-11,2.03782900462252e-16,0,0,EASY,EASY,1,0,0,0,0,0,14.588,15.388,14.588,15.388,10.132,10.492,10.132,10.492,14.585,15.415,10.125,10.495,142817.824217419,142817.824217419,1
15,15,9,hard_phase,10,20563619,fixed_topK3,-1,0.990382476940421,1,1,0.0561248608016078,0.0561248608016078,18612,18612,1,1,2.91038304567337e-11,1.73368796435587e-16,0,0,FIXED_TOPK3,FIXED_TOPK3,1,0,0,0,0,0,14.62,15.42,14.62,15.42,10.54,10.18,10.54,10.18,14.585,15.415,10.495,10.125,167872.368356361,167872.368356361,1
15,15,9,hard_phase,10,20563619,c05_adaptive,-1,0.990382476940421,1,1,0.0199499373432593,0.0199499373432593,9729,9729,1,1,2.91038304567337e-11,1.73176431914068e-16,0,0,EASY,EASY,1,0,0,0,0,0,14.588,15.388,14.588,15.388,10.492,10.132,10.492,10.132,14.585,15.415,10.495,10.125,168058.841119763,168058.841119763,1
15,15,9,weak_secondary,1,20564610,fixed_topK3,1,0.990129813406843,0,0,0.141950695665784,0.141950695665784,23133,23133,1,1,2.91038304567337e-11,2.91849346532706e-16,0,0,FIXED_TOPK3,FIXED_TOPK3,1,0,0,0,0,0,14.54,15.58,14.54,15.58,10.12,10.6,10.12,10.6,14.585,15.415,10.125,10.495,99722.1025248115,99722.1025248115,1
15,15,9,weak_secondary,1,20564610,c05_adaptive,1,0.990129813406843,0,0,0.141950695665784,0.141950695665784,23133,23133,1,1,2.91038304567337e-11,2.91849346532706e-16,0,0,NORMAL,NORMAL,1,0,0,0,0,0,14.54,15.58,14.54,15.58,10.12,10.6,10.12,10.6,14.585,15.415,10.125,10.495,99722.1025248115,99722.1025248115,1
15,15,9,weak_secondary,2,20564611,fixed_topK3,-1,0.989939719655222,1,1,0.100747208398049,0.100747208398049,18837,18837,1,1,4.36557456851006e-11,4.1503111420299e-16,0,0,FIXED_TOPK3,FIXED_TOPK3,1,0,0,0,0,0,14.62,15.34,14.62,15.34,10.48,10.24,10.48,10.24,14.585,15.415,10.495,10.125,105186.681651412,105186.681651412,1
15,15,9,weak_secondary,2,20564611,c05_adaptive,-1,0.989939719655222,1,1,0.0199499373432593,0.0199499373432593,9729,9729,1,1,2.91038304567337e-11,2.76466120759505e-16,0,0,EASY,EASY,1,0,0,0,0,0,14.588,15.388,14.588,15.388,10.492,10.132,10.492,10.132,14.585,15.415,10.495,10.125,105270.875059772,105270.875059772,1
15,15,9,weak_secondary,3,20564612,fixed_topK3,1,0.989882824023295,0,0,0.141950695665784,0.141950695665784,23133,23133,1,1,1.45519152283669e-11,1.45938005368319e-16,0,0,FIXED_TOPK3,FIXED_TOPK3,1,0,0,0,0,0,14.54,15.58,14.54,15.58,10.12,10.6,10.12,10.6,14.585,15.415,10.125,10.495,99712.9924562192,99712.9924562192,1
15,15,9,weak_secondary,3,20564612,c05_adaptive,1,0.989882824023295,0,0,0.141950695665784,0.141950695665784,23133,23133,1,1,1.45519152283669e-11,1.45938005368319e-16,0,0,NORMAL,NORMAL,1,0,0,0,0,0,14.54,15.58,14.54,15.58,10.12,10.6,10.12,10.6,14.585,15.415,10.125,10.495,99712.9924562192,99712.9924562192,1
15,15,9,weak_secondary,4,20564613,fixed_topK3,-1,0.989966177173218,1,1,0.100747208398049,0.100747208398049,18837,18837,1,1,0,0,0,0,FIXED_TOPK3,FIXED_TOPK3,1,0,0,0,0,0,14.62,15.34,14.62,15.34,10.48,10.24,10.48,10.24,14.585,15.415,10.495,10.125,104959.304597432,104959.304597432,1
15,15,9,weak_secondary,4,20564613,c05_adaptive,-1,0.989966177173218,1,1,0.0199499373432593,0.0199499373432593,9729,9729,1,1,1.45519152283669e-11,1.38533503403999e-16,0,0,EASY,EASY,1,0,0,0,0,0,14.588,15.388,14.588,15.388,10.492,10.132,10.492,10.132,14.585,15.415,10.495,10.125,105042.569997886,105042.569997886,1
15,15,9,weak_secondary,5,20564614,fixed_topK3,1,0.989876379682299,0,0,0.141950695665784,0.141950695665784,23133,23133,1,1,1.45519152283669e-11,1.4588864838792e-16,0,0,FIXED_TOPK3,FIXED_TOPK3,1,0,0,0,0,0,14.54,15.58,14.54,15.58,10.12,10.6,10.12,10.6,14.585,15.415,10.125,10.495,99746.7273099488,99746.7273099488,1
15,15,9,weak_secondary,5,20564614,c05_adaptive,1,0.989876379682299,0,0,0.141950695665784,0.141950695665784,23133,23133,1,1,1.45519152283669e-11,1.4588864838792e-16,0,0,NORMAL,NORMAL,1,0,0,0,0,0,14.54,15.58,14.54,15.58,10.12,10.6,10.12,10.6,14.585,15.415,10.125,10.495,99746.7273099488,99746.7273099488,1
15,15,9,weak_secondary,6,20564615,fixed_topK3,-1,0.989846746478136,1,1,0.100747208398049,0.100747208398049,18837,18837,1,1,5.82076609134674e-11,5.54994503636702e-16,0,0,FIXED_TOPK3,FIXED_TOPK3,1,0,0,0,0,0,14.62,15.34,14.62,15.34,10.48,10.24,10.48,10.24,14.585,15.415,10.495,10.125,104879.706973765,104879.706973765,1
15,15,9,weak_secondary,6,20564615,c05_adaptive,-1,0.989846746478136,1,1,0.0199499373432593,0.0199499373432593,9729,9729,1,1,2.91038304567337e-11,2.77278285038503e-16,0,0,EASY,EASY,1,0,0,0,0,0,14.588,15.388,14.588,15.388,10.492,10.132,10.492,10.132,14.585,15.415,10.495,10.125,104962.530523053,104962.530523053,1
15,15,9,weak_secondary,7,20564616,fixed_topK3,1,0.990175580257985,0,0,0.141950695665784,0.141950695665784,23133,23133,1,1,2.91038304567337e-11,2.9177204355011e-16,0,0,FIXED_TOPK3,FIXED_TOPK3,1,0,0,0,0,0,14.54,15.58,14.54,15.58,10.12,10.6,10.12,10.6,14.585,15.415,10.125,10.495,99748.5232053609,99748.5232053609,1
15,15,9,weak_secondary,7,20564616,c05_adaptive,1,0.990175580257985,0,0,0.141950695665784,0.141950695665784,23133,23133,1,1,2.91038304567337e-11,2.9177204355011e-16,0,0,NORMAL,NORMAL,1,0,0,0,0,0,14.54,15.58,14.54,15.58,10.12,10.6,10.12,10.6,14.585,15.415,10.125,10.495,99748.5232053609,99748.5232053609,1
15,15,9,weak_secondary,8,20564617,fixed_topK3,-1,0.990142604427257,1,1,0.100747208398049,0.100747208398049,18837,18837,1,1,0,0,0,0,FIXED_TOPK3,FIXED_TOPK3,1,0,0,0,0,0,14.62,15.34,14.62,15.34,10.48,10.24,10.48,10.24,14.585,15.415,10.495,10.125,105383.178382205,105383.178382205,1
15,15,9,weak_secondary,8,20564617,c05_adaptive,-1,0.990142604427257,1,1,0.0199499373432593,0.0199499373432593,9729,9729,1,1,1.45519152283669e-11,1.37974132037994e-16,0,0,EASY,EASY,1,0,0,0,0,0,14.588,15.388,14.588,15.388,10.492,10.132,10.492,10.132,14.585,15.415,10.495,10.125,105468.431027054,105468.431027054,1
15,15,9,weak_secondary,9,20564618,fixed_topK3,1,0.989876289624915,0,0,0.141950695665784,0.141950695665784,23133,23133,1,1,4.36557456851006e-11,4.37751110688402e-16,0,0,FIXED_TOPK3,FIXED_TOPK3,1,0,0,0,0,0,14.54,15.58,14.54,15.58,10.12,10.6,10.12,10.6,14.585,15.415,10.125,10.495,99727.3213457942,99727.3213457941,1
15,15,9,weak_secondary,9,20564618,c05_adaptive,1,0.989876289624915,0,0,0.141950695665784,0.141950695665784,23133,23133,1,1,4.36557456851006e-11,4.37751110688402e-16,0,0,NORMAL,NORMAL,1,0,0,0,0,0,14.54,15.58,14.54,15.58,10.12,10.6,10.12,10.6,14.585,15.415,10.125,10.495,99727.3213457942,99727.3213457941,1
15,15,9,weak_secondary,10,20564619,fixed_topK3,-1,0.989995524596169,1,1,0.100747208398049,0.100747208398049,18837,18837,1,1,1.45519152283669e-11,1.38834765993935e-16,0,0,FIXED_TOPK3,FIXED_TOPK3,1,0,0,0,0,0,14.62,15.34,14.62,15.34,10.48,10.24,10.48,10.24,14.585,15.415,10.495,10.125,104814.63431863,104814.63431863,1
15,15,9,weak_secondary,10,20564619,c05_adaptive,-1,0.989995524596169,1,1,0.0199499373432593,0.0199499373432593,9729,9729,1,1,0,0,0,0,EASY,EASY,1,0,0,0,0,0,14.588,15.388,14.588,15.388,10.492,10.132,10.492,10.132,14.585,15.415,10.495,10.125,104897.44988758,104897.44988758,1
15,15,9,low_snr_hard,1,20565610,fixed_topK3,1,1,0,0,0.141950695665784,0.141950695665784,23133,23133,1,1,0,0,0,0,FIXED_TOPK3,FIXED_TOPK3,1,0,0,0,0,0,14.54,15.58,14.54,15.58,10.12,10.6,10.12,10.6,14.585,15.415,10.125,10.495,99591.9164508883,99591.9164508883,1
15,15,9,low_snr_hard,1,20565610,c05_adaptive,1,1,0,0,0.141950695665784,0.141950695665784,23133,23133,1,1,0,0,0,0,NORMAL,NORMAL,1,0,0,0,0,0,14.54,15.58,14.54,15.58,10.12,10.6,10.12,10.6,14.585,15.415,10.125,10.495,99591.9164508883,99591.9164508883,1
15,15,9,low_snr_hard,2,20565611,fixed_topK3,-1,1,1,1,0.100747208398049,0.100747208398049,18837,18837,1,1,0,0,0,0,FIXED_TOPK3,FIXED_TOPK3,1,0,0,0,0,0,14.62,15.34,14.62,15.34,10.48,10.24,10.48,10.24,14.585,15.415,10.495,10.125,104850.53893853,104850.53893853,1
15,15,9,low_snr_hard,2,20565611,c05_adaptive,-1,1,1,1,0.0199499373432593,0.0199499373432593,9729,9729,1,1,1.45519152283669e-11,1.38679585439083e-16,0,0,EASY,EASY,1,0,0,0,0,0,14.588,15.388,14.588,15.388,10.492,10.132,10.492,10.132,14.585,15.415,10.495,10.125,104931.920457456,104931.920457456,1
15,15,9,low_snr_hard,3,20565612,fixed_topK3,1,1,0,0,0.141950695665784,0.141950695665784,23133,23133,1,1,7.27595761418343e-11,7.30878076126758e-16,0,0,FIXED_TOPK3,FIXED_TOPK3,1,0,0,0,0,0,14.54,15.58,14.54,15.58,10.12,10.6,10.12,10.6,14.585,15.415,10.125,10.495,99550.908035741,99550.908035741,1
15,15,9,low_snr_hard,3,20565612,c05_adaptive,1,1,0,0,0.141950695665784,0.141950695665784,23133,23133,1,1,7.27595761418343e-11,7.30878076126758e-16,0,0,NORMAL,NORMAL,1,0,0,0,0,0,14.54,15.58,14.54,15.58,10.12,10.6,10.12,10.6,14.585,15.415,10.125,10.495,99550.908035741,99550.908035741,1
15,15,9,low_snr_hard,4,20565613,fixed_topK3,-1,1,1,1,0.100747208398049,0.100747208398049,18837,18837,1,1,1.45519152283669e-11,1.38846004464172e-16,0,0,FIXED_TOPK3,FIXED_TOPK3,1,0,0,0,0,0,14.62,15.34,14.62,15.34,10.48,10.24,10.48,10.24,14.585,15.415,10.495,10.125,104806.150414806,104806.150414806,1
15,15,9,low_snr_hard,4,20565613,c05_adaptive,-1,1,1,1,0.0199499373432593,0.0199499373432593,9729,9729,1,1,1.45519152283669e-11,1.3873379179408e-16,0,0,EASY,EASY,1,0,0,0,0,0,14.588,15.388,14.588,15.388,10.492,10.132,10.492,10.132,14.585,15.415,10.495,10.125,104890.921239766,104890.921239766,1
15,15,9,low_snr_hard,5,20565614,fixed_topK3,1,1,0,0,0.141950695665784,0.141950695665784,23133,23133,1,1,2.91038304567337e-11,2.92435189439571e-16,0,0,FIXED_TOPK3,FIXED_TOPK3,1,0,0,0,0,0,14.54,15.58,14.54,15.58,10.12,10.6,10.12,10.6,14.585,15.415,10.125,10.495,99522.3266820553,99522.3266820553,1
15,15,9,low_snr_hard,5,20565614,c05_adaptive,1,1,0,0,0.141950695665784,0.141950695665784,23133,23133,1,1,2.91038304567337e-11,2.92435189439571e-16,0,0,NORMAL,NORMAL,1,0,0,0,0,0,14.54,15.58,14.54,15.58,10.12,10.6,10.12,10.6,14.585,15.415,10.125,10.495,99522.3266820553,99522.3266820553,1
15,15,9,low_snr_hard,6,20565615,fixed_topK3,-1,1,1,1,0.100747208398049,0.100747208398049,18837,18837,1,1,5.82076609134674e-11,5.55183581324301e-16,0,0,FIXED_TOPK3,FIXED_TOPK3,1,0,0,0,0,0,14.62,15.34,14.62,15.34,10.48,10.24,10.48,10.24,14.585,15.415,10.495,10.125,104843.988315761,104843.988315761,1
15,15,9,low_snr_hard,6,20565615,c05_adaptive,-1,1,1,1,0.0199499373432593,0.0199499373432593,9729,9729,1,1,2.91038304567337e-11,2.77368862523844e-16,0,0,EASY,EASY,1,0,0,0,0,0,14.588,15.388,14.588,15.388,10.492,10.132,10.492,10.132,14.585,15.415,10.495,10.125,104928.253993297,104928.253993297,1
15,15,9,low_snr_hard,7,20565616,fixed_topK3,1,1,0,0,0.141950695665784,0.141950695665784,23133,23133,1,1,2.91038304567337e-11,2.92574304843916e-16,0,0,FIXED_TOPK3,FIXED_TOPK3,1,0,0,0,0,0,14.54,15.58,14.54,15.58,10.12,10.6,10.12,10.6,14.585,15.415,10.125,10.495,99475.0050666965,99475.0050666964,1
15,15,9,low_snr_hard,7,20565616,c05_adaptive,1,1,0,0,0.141950695665784,0.141950695665784,23133,23133,1,1,2.91038304567337e-11,2.92574304843916e-16,0,0,NORMAL,NORMAL,1,0,0,0,0,0,14.54,15.58,14.54,15.58,10.12,10.6,10.12,10.6,14.585,15.415,10.125,10.495,99475.0050666965,99475.0050666964,1
15,15,9,low_snr_hard,8,20565617,fixed_topK3,-1,1,1,1,0.100747208398049,0.100747208398049,18837,18837,1,1,2.91038304567337e-11,2.77432394873456e-16,0,0,FIXED_TOPK3,FIXED_TOPK3,1,0,0,0,0,0,14.62,15.34,14.62,15.34,10.48,10.24,10.48,10.24,14.585,15.415,10.495,10.125,104904.225297874,104904.225297874,1
15,15,9,low_snr_hard,8,20565617,c05_adaptive,-1,1,1,1,0.0199499373432593,0.0199499373432593,9729,9729,1,1,1.45519152283669e-11,1.38608390118592e-16,0,0,EASY,EASY,1,0,0,0,0,0,14.588,15.388,14.588,15.388,10.492,10.132,10.492,10.132,14.585,15.415,10.495,10.125,104985.818072891,104985.818072891,1
15,15,9,low_snr_hard,9,20565618,fixed_topK3,1,1,0,0,0.141950695665784,0.141950695665784,23133,23133,1,1,1.45519152283669e-11,1.46127006258802e-16,0,0,FIXED_TOPK3,FIXED_TOPK3,1,0,0,0,0,0,14.54,15.58,14.54,15.58,10.12,10.6,10.12,10.6,14.585,15.415,10.125,10.495,99584.023521253,99584.023521253,1
15,15,9,low_snr_hard,9,20565618,c05_adaptive,1,1,0,0,0.141950695665784,0.141950695665784,23133,23133,1,1,1.45519152283669e-11,1.46127006258802e-16,0,0,NORMAL,NORMAL,1,0,0,0,0,0,14.54,15.58,14.54,15.58,10.12,10.6,10.12,10.6,14.585,15.415,10.125,10.495,99584.023521253,99584.023521253,1
15,15,9,low_snr_hard,10,20565619,fixed_topK3,-1,1,1,1,0.100747208398049,0.100747208398049,18837,18837,1,1,1.45519152283669e-11,1.38777027321776e-16,0,0,FIXED_TOPK3,FIXED_TOPK3,1,0,0,0,0,0,14.62,15.34,14.62,15.34,10.48,10.24,10.48,10.24,14.585,15.415,10.495,10.125,104858.242817278,104858.242817278,1
15,15,9,low_snr_hard,10,20565619,c05_adaptive,-1,1,1,1,0.0199499373432593,0.0199499373432593,9729,9729,1,1,4.36557456851006e-11,4.15997529868079e-16,0,0,EASY,EASY,1,0,0,0,0,0,14.588,15.388,14.588,15.388,10.492,10.132,10.492,10.132,14.585,15.415,10.495,10.125,104942.319486716,104942.319486716,1
