method_name,B,beam_count,projection_loss,projected_energy_ratio,mean_corr,median_corr,p90_corr,max_corr,min_corr,num_pairs,cond_WHW,rank_W,min_sv,max_sv,effective_rank,mean_cond_GHG,max_cond_GHG,method_type,selection_note,selected_idx_text
regular_3dB_grid,9,9,0.416905908172554,0.826189463730818,0.569393018833094,0.568810075360877,0.75374862243907,0.75506127532399,0.376172858705939,10,256705.411875064,9,0.00511720085598305,2.59269127039426,2.08592950196637,4.62680956998839,7.16530837973458,regular,az3_el3,[45 46 47 58 59 60 71 72 73]
greedy_projection,9,9,0.460204444553322,0.788211869213368,0.213555123336967,0.207474961306181,0.291627811336945,0.294023589064002,0.124911469298172,10,19.3498400235435,9,0.372438038662575,1.63829731859774,6.45583585185208,1.58972379927939,1.89182868302023,greedy_projection,greedy_projection,[60 57 62 54 22 19 17 113 110]
greedy_lowcorr,9,9,0.831627690199814,0.308395384892923,0.236493337954895,0.232321869663826,0.314479296517467,0.335832914832266,0.148941088635562,10,4.59805211972638,9,0.611027146926772,1.31022973284207,8.31201677247693,2.65557825541481,4.84500609112664,greedy_lowcorr,greedy_lowcorr,[9 6 92 116 3 107 11 1 110]
greedy_combined,9,9,0.493758441038186,0.75620260190354,0.233776060798218,0.236787401266209,0.24914606706282,0.249406406984317,0.210571881781569,10,13.5679285154592,9,0.412555042158774,1.51963284890913,6.82696446462799,1.74115974201276,1.90948074494558,greedy_combined,greedy_combined,[60 57 36 6 55 89 108 8 113]
svd_upper_bound,9,9,0.155262400405404,0.975893587020352,0.203658928374985,0.197027909596371,0.290796394477091,0.312638231577082,0.113554256256945,10,1,9,0.999999999999999,1,9,1.53308547907152,1.9096759438379,svd_upper_bound,svd_upper_bound,[1 2 3 4 5 6 7 8 9]
random_pool_baseline,9,9,0.625751563721727,0.608434980499814,0.243737141912058,0.244758660765941,0.274701027470108,0.277718238572699,0.203311369976799,10,180.820647509412,9,0.122754908110154,1.65067995329076,6.21572678349867,1.86649147250133,2.42894036347261,random_pool_baseline,random_pool_baseline,[27 55 64 70 73 103 106 114 115]
regular_3dB_grid,15,15,0.279777845899341,0.921724356943925,0.247513424418227,0.248269749708337,0.479335916101926,0.480886658542504,0.00676232407685763,10,47736627.5365346,15,0.000404932648819729,2.79860143682973,2.92895688133611,1.91744458482809,2.85272351731292,regular,az5_el3,[44 45 46 47 48 57 58 59 60 61 70 71 72 73 74]
greedy_projection,15,15,0.38938610783644,0.848378459023988,0.2175576318704,0.210906447637635,0.322522407404096,0.324009235768376,0.104357842009146,10,49.8880958985186,15,0.252629777276495,1.7843621553807,9.30382103306555,1.61403292749989,1.99464588772129,greedy_projection,greedy_projection,[60 57 62 54 22 19 17 113 110 37 94 90 27 115 92]
greedy_lowcorr,15,15,0.698303264233764,0.51237255116047,0.23320979323405,0.24029533563806,0.283038608181692,0.283129884481769,0.161108883649458,10,1320.09606815011,15,0.0427339612289208,1.55265845394251,10.3539089922547,1.75102107671847,1.86961209830895,greedy_lowcorr,greedy_lowcorr,[9 6 92 116 3 107 11 1 110 113 13 117 81 37 8]
greedy_combined,15,15,0.413016896694748,0.82941704304464,0.229455600030428,0.231934273829198,0.248170503712992,0.253030314285175,0.186631857092184,10,86.4049489112802,15,0.176286124546498,1.63865466978065,10.078851261487,1.62370454675516,1.68777484457499,greedy_combined,greedy_combined,[60 57 36 6 55 89 108 8 113 110 4 11 116 106 13]
svd_upper_bound,15,15,0.0302125469740836,0.999087202005339,0.202471497370435,0.191583923729169,0.300451568062038,0.324103076119676,0.108371888536868,10,1,15,1,1,15,1.5348938307734,1.95903107314163,svd_upper_bound,svd_upper_bound,[1 2 3 4 5 6 7 8 9 10 11 12 13 14 15]
random_pool_baseline,15,15,0.478016761000097,0.771499976202976,0.257849777599531,0.235465349361379,0.331468714945412,0.339702405111775,0.202895768689393,10,9362.14040620849,15,0.0227909964606262,2.20521496239367,7.13774462567958,2.92398614815821,3.5243318205036,random_pool_baseline,random_pool_baseline,[12 15 18 20 61 64 66 74 85 89 100 101 102 105 115]
regular_3dB_grid,25,25,0.121341194434393,0.985276314533235,0.244934108613625,0.24267408369098,0.474707179408221,0.476965684437554,0.00634214724963261,10,23364816165.5552,25,2.04013135765145e-05,3.47293203730268,3.57800884758816,1.90007539658459,2.82384104125993,regular,az5_el5,[31 32 33 34 35 44 45 46 47 48 57 58 59 60 61 70 71 72 73 74 83 84 85 86 87]
greedy_projection,25,25,0.204994372957222,0.957977307055875,0.215037499237611,0.208750634513194,0.322909366240997,0.324383714805614,0.0980087497283122,10,2010.64284408374,25,0.0491920447565465,2.20578079129067,10.4247715468929,1.59666312401078,1.96026043176003,greedy_projection,greedy_projection,[60 57 62 54 22 19 17 113 110 37 94 90 27 115 92 87 84 4 91 12 53 11 116 1 2]
greedy_lowcorr,25,25,0.52659083227875,0.722702095359973,0.257199174780879,0.260282701541032,0.302935773618671,0.304113956049458,0.190764256463355,10,22131.3635025462,25,0.014730874356448,2.19145577680148,9.99539548183473,1.98816452420687,2.15593788599387,greedy_lowcorr,greedy_lowcorr,[9 6 92 116 3 107 11 1 110 113 13 117 81 37 8 106 16 102 103 105 15 112 38 24 94]
greedy_combined,25,25,0.186246043263757,0.965312411368595,0.226897003147641,0.232644093116346,0.24533589182095,0.250602286634387,0.179569508279247,10,3273.79033918378,25,0.0362097791411471,2.07181667339177,10.6042291348664,1.59566087539693,1.67142508816086,greedy_combined,greedy_combined,[60 57 36 6 55 89 108 8 113 110 4 11 116 106 13 81 18 21 25 2 115 67 105 97 100]
svd_upper_bound,25,25,0.00276935816630376,0.999992330655347,0.202223012317167,0.191048584523074,0.299905817127994,0.323886368776356,0.108749789971208,10,1,25,0.999999999999999,1,25,1.53385490985477,1.95808264711408,svd_upper_bound,svd_upper_bound,[1 2 3 4 5 6 7 8 9 10 11 12 13 14 15 16 17 18 19 20 21 22 23 24 25]
random_pool_baseline,25,25,0.169522332598294,0.971262178750433,0.243604358117273,0.236249489377879,0.38374692444673,0.385964158904737,0.102088506572301,10,39056.1107506729,25,0.0118063877569654,2.33325226032538,8.55076563373689,1.773388237111,2.29380738729273,random_pool_baseline,random_pool_baseline,[4 6 10 19 24 28 29 35 37 46 54 57 60 65 67 70 71 73 77 78 89 102 110 113 114]
