trial_index,obs_id,obs_global_index,chunk_id,total_chunks,run_tag,scenario_name,center_az,trial_id,quant_mode,K,K_actual,topK_order_same_flag,topK_set_same_flag,topK_jaccard,topK_miss_count,topK_miss_rate,reliable_margin_flag,reliable_topK_same_flag
7,cp00p00_easy_noncoherent_t0007,7,7,120,formal_tps30,easy_noncoherent,0,7,double_baseline,1,1,1,1,1,0,0,0,0
7,cp00p00_easy_noncoherent_t0007,7,7,120,formal_tps30,easy_noncoherent,0,7,double_baseline,3,3,1,1,1,0,0,0,0
7,cp00p00_easy_noncoherent_t0007,7,7,120,formal_tps30,easy_noncoherent,0,7,double_baseline,5,5,1,1,1,0,0,0,0
7,cp00p00_easy_noncoherent_t0007,7,7,120,formal_tps30,easy_noncoherent,0,7,double_baseline,10,10,1,1,1,0,0,0,0
7,cp00p00_easy_noncoherent_t0007,7,7,120,formal_tps30,easy_noncoherent,0,7,float32_all,1,1,1,1,1,0,0,0,0
7,cp00p00_easy_noncoherent_t0007,7,7,120,formal_tps30,easy_noncoherent,0,7,float32_all,3,3,1,1,1,0,0,0,0
7,cp00p00_easy_noncoherent_t0007,7,7,120,formal_tps30,easy_noncoherent,0,7,float32_all,5,5,1,1,1,0,0,0,0
7,cp00p00_easy_noncoherent_t0007,7,7,120,formal_tps30,easy_noncoherent,0,7,float32_all,10,10,1,1,1,0,0,0,0
7,cp00p00_easy_noncoherent_t0007,7,7,120,formal_tps30,easy_noncoherent,0,7,combined_int16,1,1,1,1,1,0,0,0,0
7,cp00p00_easy_noncoherent_t0007,7,7,120,formal_tps30,easy_noncoherent,0,7,combined_int16,3,3,1,1,1,0,0,0,0
7,cp00p00_easy_noncoherent_t0007,7,7,120,formal_tps30,easy_noncoherent,0,7,combined_int16,5,5,1,1,1,0,0,0,0
7,cp00p00_easy_noncoherent_t0007,7,7,120,formal_tps30,easy_noncoherent,0,7,combined_int16,10,10,1,1,1,0,0,0,0
7,cp00p00_easy_noncoherent_t0007,7,7,120,formal_tps30,easy_noncoherent,0,7,combined_int18,1,1,1,1,1,0,0,0,0
7,cp00p00_easy_noncoherent_t0007,7,7,120,formal_tps30,easy_noncoherent,0,7,combined_int18,3,3,1,1,1,0,0,0,0
7,cp00p00_easy_noncoherent_t0007,7,7,120,formal_tps30,easy_noncoherent,0,7,combined_int18,5,5,1,1,1,0,0,0,0
7,cp00p00_easy_noncoherent_t0007,7,7,120,formal_tps30,easy_noncoherent,0,7,combined_int18,10,10,1,1,1,0,0,0,0
7,cp00p00_easy_noncoherent_t0007,7,7,120,formal_tps30,easy_noncoherent,0,7,combined_int24,1,1,1,1,1,0,0,0,0
7,cp00p00_easy_noncoherent_t0007,7,7,120,formal_tps30,easy_noncoherent,0,7,combined_int24,3,3,1,1,1,0,0,0,0
7,cp00p00_easy_noncoherent_t0007,7,7,120,formal_tps30,easy_noncoherent,0,7,combined_int24,5,5,1,1,1,0,0,0,0
7,cp00p00_easy_noncoherent_t0007,7,7,120,formal_tps30,easy_noncoherent,0,7,combined_int24,10,10,1,1,1,0,0,0,0
7,cp00p00_easy_noncoherent_t0007,7,7,120,formal_tps30,easy_noncoherent,0,7,mixed_Z16_G24_Rz24,1,1,1,1,1,0,0,0,0
7,cp00p00_easy_noncoherent_t0007,7,7,120,formal_tps30,easy_noncoherent,0,7,mixed_Z16_G24_Rz24,3,3,1,1,1,0,0,0,0
7,cp00p00_easy_noncoherent_t0007,7,7,120,formal_tps30,easy_noncoherent,0,7,mixed_Z16_G24_Rz24,5,5,1,1,1,0,0,0,0
7,cp00p00_easy_noncoherent_t0007,7,7,120,formal_tps30,easy_noncoherent,0,7,mixed_Z16_G24_Rz24,10,10,1,1,1,0,0,0,0
7,cp00p00_easy_noncoherent_t0007,7,7,120,formal_tps30,easy_noncoherent,0,7,combined_int14,1,1,1,1,1,0,0,0,0
7,cp00p00_easy_noncoherent_t0007,7,7,120,formal_tps30,easy_noncoherent,0,7,combined_int14,3,3,1,1,1,0,0,0,0
7,cp00p00_easy_noncoherent_t0007,7,7,120,formal_tps30,easy_noncoherent,0,7,combined_int14,5,5,1,1,1,0,0,0,0
7,cp00p00_easy_noncoherent_t0007,7,7,120,formal_tps30,easy_noncoherent,0,7,combined_int14,10,10,1,1,1,0,0,0,0
7,cp00p00_easy_noncoherent_t0007,7,7,120,formal_tps30,easy_noncoherent,0,7,W_int18_G24_Z16,1,1,1,1,1,0,0,0,0
7,cp00p00_easy_noncoherent_t0007,7,7,120,formal_tps30,easy_noncoherent,0,7,W_int18_G24_Z16,3,3,1,1,1,0,0,0,0
7,cp00p00_easy_noncoherent_t0007,7,7,120,formal_tps30,easy_noncoherent,0,7,W_int18_G24_Z16,5,5,1,1,1,0,0,0,0
7,cp00p00_easy_noncoherent_t0007,7,7,120,formal_tps30,easy_noncoherent,0,7,W_int18_G24_Z16,10,10,1,1,1,0,0,0,0
127,cp00p00_low_snr_hard_t0007,127,7,120,formal_tps30,low_snr_hard,0,7,double_baseline,1,1,1,1,1,0,0,0,0
127,cp00p00_low_snr_hard_t0007,127,7,120,formal_tps30,low_snr_hard,0,7,double_baseline,3,3,1,1,1,0,0,0,0
127,cp00p00_low_snr_hard_t0007,127,7,120,formal_tps30,low_snr_hard,0,7,double_baseline,5,5,1,1,1,0,0,0,0
127,cp00p00_low_snr_hard_t0007,127,7,120,formal_tps30,low_snr_hard,0,7,double_baseline,10,10,1,1,1,0,0,0,0
127,cp00p00_low_snr_hard_t0007,127,7,120,formal_tps30,low_snr_hard,0,7,float32_all,1,1,1,1,1,0,0,0,0
127,cp00p00_low_snr_hard_t0007,127,7,120,formal_tps30,low_snr_hard,0,7,float32_all,3,3,1,1,1,0,0,0,0
127,cp00p00_low_snr_hard_t0007,127,7,120,formal_tps30,low_snr_hard,0,7,float32_all,5,5,1,1,1,0,0,0,0
127,cp00p00_low_snr_hard_t0007,127,7,120,formal_tps30,low_snr_hard,0,7,float32_all,10,10,1,1,1,0,0,0,0
127,cp00p00_low_snr_hard_t0007,127,7,120,formal_tps30,low_snr_hard,0,7,combined_int16,1,1,1,1,1,0,0,0,0
127,cp00p00_low_snr_hard_t0007,127,7,120,formal_tps30,low_snr_hard,0,7,combined_int16,3,3,1,1,1,0,0,0,0
127,cp00p00_low_snr_hard_t0007,127,7,120,formal_tps30,low_snr_hard,0,7,combined_int16,5,5,1,1,1,0,0,0,0
127,cp00p00_low_snr_hard_t0007,127,7,120,formal_tps30,low_snr_hard,0,7,combined_int16,10,10,1,1,1,0,0,0,0
127,cp00p00_low_snr_hard_t0007,127,7,120,formal_tps30,low_snr_hard,0,7,combined_int18,1,1,1,1,1,0,0,0,0
127,cp00p00_low_snr_hard_t0007,127,7,120,formal_tps30,low_snr_hard,0,7,combined_int18,3,3,1,1,1,0,0,0,0
127,cp00p00_low_snr_hard_t0007,127,7,120,formal_tps30,low_snr_hard,0,7,combined_int18,5,5,1,1,1,0,0,0,0
127,cp00p00_low_snr_hard_t0007,127,7,120,formal_tps30,low_snr_hard,0,7,combined_int18,10,10,1,1,1,0,0,0,0
127,cp00p00_low_snr_hard_t0007,127,7,120,formal_tps30,low_snr_hard,0,7,combined_int24,1,1,1,1,1,0,0,0,0
127,cp00p00_low_snr_hard_t0007,127,7,120,formal_tps30,low_snr_hard,0,7,combined_int24,3,3,1,1,1,0,0,0,0
127,cp00p00_low_snr_hard_t0007,127,7,120,formal_tps30,low_snr_hard,0,7,combined_int24,5,5,1,1,1,0,0,0,0
127,cp00p00_low_snr_hard_t0007,127,7,120,formal_tps30,low_snr_hard,0,7,combined_int24,10,10,1,1,1,0,0,0,0
127,cp00p00_low_snr_hard_t0007,127,7,120,formal_tps30,low_snr_hard,0,7,mixed_Z16_G24_Rz24,1,1,1,1,1,0,0,0,0
127,cp00p00_low_snr_hard_t0007,127,7,120,formal_tps30,low_snr_hard,0,7,mixed_Z16_G24_Rz24,3,3,1,1,1,0,0,0,0
127,cp00p00_low_snr_hard_t0007,127,7,120,formal_tps30,low_snr_hard,0,7,mixed_Z16_G24_Rz24,5,5,1,1,1,0,0,0,0
127,cp00p00_low_snr_hard_t0007,127,7,120,formal_tps30,low_snr_hard,0,7,mixed_Z16_G24_Rz24,10,10,1,1,1,0,0,0,0
127,cp00p00_low_snr_hard_t0007,127,7,120,formal_tps30,low_snr_hard,0,7,combined_int14,1,1,1,1,1,0,0,0,0
127,cp00p00_low_snr_hard_t0007,127,7,120,formal_tps30,low_snr_hard,0,7,combined_int14,3,3,1,1,1,0,0,0,0
127,cp00p00_low_snr_hard_t0007,127,7,120,formal_tps30,low_snr_hard,0,7,combined_int14,5,5,1,1,1,0,0,0,0
127,cp00p00_low_snr_hard_t0007,127,7,120,formal_tps30,low_snr_hard,0,7,combined_int14,10,10,1,1,1,0,0,0,0
127,cp00p00_low_snr_hard_t0007,127,7,120,formal_tps30,low_snr_hard,0,7,W_int18_G24_Z16,1,1,1,1,1,0,0,0,0
127,cp00p00_low_snr_hard_t0007,127,7,120,formal_tps30,low_snr_hard,0,7,W_int18_G24_Z16,3,3,1,1,1,0,0,0,0
127,cp00p00_low_snr_hard_t0007,127,7,120,formal_tps30,low_snr_hard,0,7,W_int18_G24_Z16,5,5,1,1,1,0,0,0,0
127,cp00p00_low_snr_hard_t0007,127,7,120,formal_tps30,low_snr_hard,0,7,W_int18_G24_Z16,10,10,1,1,1,0,0,0,0
247,cp00p00_cache_boundary_center_t0007,247,7,120,formal_tps30,cache_boundary_center,0,7,double_baseline,1,1,1,1,1,0,0,1,1
247,cp00p00_cache_boundary_center_t0007,247,7,120,formal_tps30,cache_boundary_center,0,7,double_baseline,3,3,1,1,1,0,0,1,1
247,cp00p00_cache_boundary_center_t0007,247,7,120,formal_tps30,cache_boundary_center,0,7,double_baseline,5,5,1,1,1,0,0,1,1
247,cp00p00_cache_boundary_center_t0007,247,7,120,formal_tps30,cache_boundary_center,0,7,double_baseline,10,10,1,1,1,0,0,1,1
247,cp00p00_cache_boundary_center_t0007,247,7,120,formal_tps30,cache_boundary_center,0,7,float32_all,1,1,1,1,1,0,0,1,1
247,cp00p00_cache_boundary_center_t0007,247,7,120,formal_tps30,cache_boundary_center,0,7,float32_all,3,3,1,1,1,0,0,1,1
247,cp00p00_cache_boundary_center_t0007,247,7,120,formal_tps30,cache_boundary_center,0,7,float32_all,5,5,1,1,1,0,0,1,1
247,cp00p00_cache_boundary_center_t0007,247,7,120,formal_tps30,cache_boundary_center,0,7,float32_all,10,10,1,1,1,0,0,1,1
247,cp00p00_cache_boundary_center_t0007,247,7,120,formal_tps30,cache_boundary_center,0,7,combined_int16,1,1,1,1,1,0,0,1,1
247,cp00p00_cache_boundary_center_t0007,247,7,120,formal_tps30,cache_boundary_center,0,7,combined_int16,3,3,1,1,1,0,0,1,1
247,cp00p00_cache_boundary_center_t0007,247,7,120,formal_tps30,cache_boundary_center,0,7,combined_int16,5,5,1,1,1,0,0,1,1
247,cp00p00_cache_boundary_center_t0007,247,7,120,formal_tps30,cache_boundary_center,0,7,combined_int16,10,10,1,1,1,0,0,1,1
247,cp00p00_cache_boundary_center_t0007,247,7,120,formal_tps30,cache_boundary_center,0,7,combined_int18,1,1,1,1,1,0,0,1,1
247,cp00p00_cache_boundary_center_t0007,247,7,120,formal_tps30,cache_boundary_center,0,7,combined_int18,3,3,1,1,1,0,0,1,1
247,cp00p00_cache_boundary_center_t0007,247,7,120,formal_tps30,cache_boundary_center,0,7,combined_int18,5,5,1,1,1,0,0,1,1
247,cp00p00_cache_boundary_center_t0007,247,7,120,formal_tps30,cache_boundary_center,0,7,combined_int18,10,10,1,1,1,0,0,1,1
247,cp00p00_cache_boundary_center_t0007,247,7,120,formal_tps30,cache_boundary_center,0,7,combined_int24,1,1,1,1,1,0,0,1,1
247,cp00p00_cache_boundary_center_t0007,247,7,120,formal_tps30,cache_boundary_center,0,7,combined_int24,3,3,1,1,1,0,0,1,1
247,cp00p00_cache_boundary_center_t0007,247,7,120,formal_tps30,cache_boundary_center,0,7,combined_int24,5,5,1,1,1,0,0,1,1
247,cp00p00_cache_boundary_center_t0007,247,7,120,formal_tps30,cache_boundary_center,0,7,combined_int24,10,10,1,1,1,0,0,1,1
247,cp00p00_cache_boundary_center_t0007,247,7,120,formal_tps30,cache_boundary_center,0,7,mixed_Z16_G24_Rz24,1,1,1,1,1,0,0,1,1
247,cp00p00_cache_boundary_center_t0007,247,7,120,formal_tps30,cache_boundary_center,0,7,mixed_Z16_G24_Rz24,3,3,1,1,1,0,0,1,1
247,cp00p00_cache_boundary_center_t0007,247,7,120,formal_tps30,cache_boundary_center,0,7,mixed_Z16_G24_Rz24,5,5,1,1,1,0,0,1,1
247,cp00p00_cache_boundary_center_t0007,247,7,120,formal_tps30,cache_boundary_center,0,7,mixed_Z16_G24_Rz24,10,10,1,1,1,0,0,1,1
247,cp00p00_cache_boundary_center_t0007,247,7,120,formal_tps30,cache_boundary_center,0,7,combined_int14,1,1,1,1,1,0,0,1,1
247,cp00p00_cache_boundary_center_t0007,247,7,120,formal_tps30,cache_boundary_center,0,7,combined_int14,3,3,1,1,1,0,0,1,1
247,cp00p00_cache_boundary_center_t0007,247,7,120,formal_tps30,cache_boundary_center,0,7,combined_int14,5,5,1,1,1,0,0,1,1
247,cp00p00_cache_boundary_center_t0007,247,7,120,formal_tps30,cache_boundary_center,0,7,combined_int14,10,10,0,1,1,0,0,1,1
247,cp00p00_cache_boundary_center_t0007,247,7,120,formal_tps30,cache_boundary_center,0,7,W_int18_G24_Z16,1,1,1,1,1,0,0,1,1
247,cp00p00_cache_boundary_center_t0007,247,7,120,formal_tps30,cache_boundary_center,0,7,W_int18_G24_Z16,3,3,1,1,1,0,0,1,1
247,cp00p00_cache_boundary_center_t0007,247,7,120,formal_tps30,cache_boundary_center,0,7,W_int18_G24_Z16,5,5,1,1,1,0,0,1,1
247,cp00p00_cache_boundary_center_t0007,247,7,120,formal_tps30,cache_boundary_center,0,7,W_int18_G24_Z16,10,10,1,1,1,0,0,1,1
367,cp04p00_hard_phase_t0007,367,7,120,formal_tps30,hard_phase,3.75,7,double_baseline,1,1,1,1,1,0,0,1,1
367,cp04p00_hard_phase_t0007,367,7,120,formal_tps30,hard_phase,3.75,7,double_baseline,3,3,1,1,1,0,0,1,1
367,cp04p00_hard_phase_t0007,367,7,120,formal_tps30,hard_phase,3.75,7,double_baseline,5,5,1,1,1,0,0,1,1
367,cp04p00_hard_phase_t0007,367,7,120,formal_tps30,hard_phase,3.75,7,double_baseline,10,10,1,1,1,0,0,1,1
367,cp04p00_hard_phase_t0007,367,7,120,formal_tps30,hard_phase,3.75,7,float32_all,1,1,1,1,1,0,0,1,1
367,cp04p00_hard_phase_t0007,367,7,120,formal_tps30,hard_phase,3.75,7,float32_all,3,3,1,1,1,0,0,1,1
367,cp04p00_hard_phase_t0007,367,7,120,formal_tps30,hard_phase,3.75,7,float32_all,5,5,1,1,1,0,0,1,1
367,cp04p00_hard_phase_t0007,367,7,120,formal_tps30,hard_phase,3.75,7,float32_all,10,10,1,1,1,0,0,1,1
367,cp04p00_hard_phase_t0007,367,7,120,formal_tps30,hard_phase,3.75,7,combined_int16,1,1,1,1,1,0,0,1,1
367,cp04p00_hard_phase_t0007,367,7,120,formal_tps30,hard_phase,3.75,7,combined_int16,3,3,1,1,1,0,0,1,1
367,cp04p00_hard_phase_t0007,367,7,120,formal_tps30,hard_phase,3.75,7,combined_int16,5,5,1,1,1,0,0,1,1
367,cp04p00_hard_phase_t0007,367,7,120,formal_tps30,hard_phase,3.75,7,combined_int16,10,10,1,1,1,0,0,1,1
367,cp04p00_hard_phase_t0007,367,7,120,formal_tps30,hard_phase,3.75,7,combined_int18,1,1,1,1,1,0,0,1,1
367,cp04p00_hard_phase_t0007,367,7,120,formal_tps30,hard_phase,3.75,7,combined_int18,3,3,1,1,1,0,0,1,1
367,cp04p00_hard_phase_t0007,367,7,120,formal_tps30,hard_phase,3.75,7,combined_int18,5,5,1,1,1,0,0,1,1
367,cp04p00_hard_phase_t0007,367,7,120,formal_tps30,hard_phase,3.75,7,combined_int18,10,10,1,1,1,0,0,1,1
367,cp04p00_hard_phase_t0007,367,7,120,formal_tps30,hard_phase,3.75,7,combined_int24,1,1,1,1,1,0,0,1,1
367,cp04p00_hard_phase_t0007,367,7,120,formal_tps30,hard_phase,3.75,7,combined_int24,3,3,1,1,1,0,0,1,1
367,cp04p00_hard_phase_t0007,367,7,120,formal_tps30,hard_phase,3.75,7,combined_int24,5,5,1,1,1,0,0,1,1
367,cp04p00_hard_phase_t0007,367,7,120,formal_tps30,hard_phase,3.75,7,combined_int24,10,10,1,1,1,0,0,1,1
367,cp04p00_hard_phase_t0007,367,7,120,formal_tps30,hard_phase,3.75,7,mixed_Z16_G24_Rz24,1,1,1,1,1,0,0,1,1
367,cp04p00_hard_phase_t0007,367,7,120,formal_tps30,hard_phase,3.75,7,mixed_Z16_G24_Rz24,3,3,1,1,1,0,0,1,1
367,cp04p00_hard_phase_t0007,367,7,120,formal_tps30,hard_phase,3.75,7,mixed_Z16_G24_Rz24,5,5,1,1,1,0,0,1,1
367,cp04p00_hard_phase_t0007,367,7,120,formal_tps30,hard_phase,3.75,7,mixed_Z16_G24_Rz24,10,10,1,1,1,0,0,1,1
367,cp04p00_hard_phase_t0007,367,7,120,formal_tps30,hard_phase,3.75,7,combined_int14,1,1,1,1,1,0,0,1,1
367,cp04p00_hard_phase_t0007,367,7,120,formal_tps30,hard_phase,3.75,7,combined_int14,3,3,1,1,1,0,0,1,1
367,cp04p00_hard_phase_t0007,367,7,120,formal_tps30,hard_phase,3.75,7,combined_int14,5,5,1,1,1,0,0,1,1
367,cp04p00_hard_phase_t0007,367,7,120,formal_tps30,hard_phase,3.75,7,combined_int14,10,10,1,1,1,0,0,1,1
367,cp04p00_hard_phase_t0007,367,7,120,formal_tps30,hard_phase,3.75,7,W_int18_G24_Z16,1,1,1,1,1,0,0,1,1
367,cp04p00_hard_phase_t0007,367,7,120,formal_tps30,hard_phase,3.75,7,W_int18_G24_Z16,3,3,1,1,1,0,0,1,1
367,cp04p00_hard_phase_t0007,367,7,120,formal_tps30,hard_phase,3.75,7,W_int18_G24_Z16,5,5,1,1,1,0,0,1,1
367,cp04p00_hard_phase_t0007,367,7,120,formal_tps30,hard_phase,3.75,7,W_int18_G24_Z16,10,10,1,1,1,0,0,1,1
487,cp04p00_medium_beta_coherent_t0007,487,7,120,formal_tps30,medium_beta_coherent,3.75,7,double_baseline,1,1,1,1,1,0,0,1,1
487,cp04p00_medium_beta_coherent_t0007,487,7,120,formal_tps30,medium_beta_coherent,3.75,7,double_baseline,3,3,1,1,1,0,0,1,1
487,cp04p00_medium_beta_coherent_t0007,487,7,120,formal_tps30,medium_beta_coherent,3.75,7,double_baseline,5,5,1,1,1,0,0,1,1
487,cp04p00_medium_beta_coherent_t0007,487,7,120,formal_tps30,medium_beta_coherent,3.75,7,double_baseline,10,10,1,1,1,0,0,1,1
487,cp04p00_medium_beta_coherent_t0007,487,7,120,formal_tps30,medium_beta_coherent,3.75,7,float32_all,1,1,1,1,1,0,0,1,1
487,cp04p00_medium_beta_coherent_t0007,487,7,120,formal_tps30,medium_beta_coherent,3.75,7,float32_all,3,3,1,1,1,0,0,1,1
487,cp04p00_medium_beta_coherent_t0007,487,7,120,formal_tps30,medium_beta_coherent,3.75,7,float32_all,5,5,1,1,1,0,0,1,1
487,cp04p00_medium_beta_coherent_t0007,487,7,120,formal_tps30,medium_beta_coherent,3.75,7,float32_all,10,10,1,1,1,0,0,1,1
487,cp04p00_medium_beta_coherent_t0007,487,7,120,formal_tps30,medium_beta_coherent,3.75,7,combined_int16,1,1,1,1,1,0,0,1,1
487,cp04p00_medium_beta_coherent_t0007,487,7,120,formal_tps30,medium_beta_coherent,3.75,7,combined_int16,3,3,1,1,1,0,0,1,1
487,cp04p00_medium_beta_coherent_t0007,487,7,120,formal_tps30,medium_beta_coherent,3.75,7,combined_int16,5,5,1,1,1,0,0,1,1
487,cp04p00_medium_beta_coherent_t0007,487,7,120,formal_tps30,medium_beta_coherent,3.75,7,combined_int16,10,10,1,1,1,0,0,1,1
487,cp04p00_medium_beta_coherent_t0007,487,7,120,formal_tps30,medium_beta_coherent,3.75,7,combined_int18,1,1,1,1,1,0,0,1,1
487,cp04p00_medium_beta_coherent_t0007,487,7,120,formal_tps30,medium_beta_coherent,3.75,7,combined_int18,3,3,1,1,1,0,0,1,1
487,cp04p00_medium_beta_coherent_t0007,487,7,120,formal_tps30,medium_beta_coherent,3.75,7,combined_int18,5,5,1,1,1,0,0,1,1
487,cp04p00_medium_beta_coherent_t0007,487,7,120,formal_tps30,medium_beta_coherent,3.75,7,combined_int18,10,10,1,1,1,0,0,1,1
487,cp04p00_medium_beta_coherent_t0007,487,7,120,formal_tps30,medium_beta_coherent,3.75,7,combined_int24,1,1,1,1,1,0,0,1,1
487,cp04p00_medium_beta_coherent_t0007,487,7,120,formal_tps30,medium_beta_coherent,3.75,7,combined_int24,3,3,1,1,1,0,0,1,1
487,cp04p00_medium_beta_coherent_t0007,487,7,120,formal_tps30,medium_beta_coherent,3.75,7,combined_int24,5,5,1,1,1,0,0,1,1
487,cp04p00_medium_beta_coherent_t0007,487,7,120,formal_tps30,medium_beta_coherent,3.75,7,combined_int24,10,10,1,1,1,0,0,1,1
487,cp04p00_medium_beta_coherent_t0007,487,7,120,formal_tps30,medium_beta_coherent,3.75,7,mixed_Z16_G24_Rz24,1,1,1,1,1,0,0,1,1
487,cp04p00_medium_beta_coherent_t0007,487,7,120,formal_tps30,medium_beta_coherent,3.75,7,mixed_Z16_G24_Rz24,3,3,1,1,1,0,0,1,1
487,cp04p00_medium_beta_coherent_t0007,487,7,120,formal_tps30,medium_beta_coherent,3.75,7,mixed_Z16_G24_Rz24,5,5,1,1,1,0,0,1,1
487,cp04p00_medium_beta_coherent_t0007,487,7,120,formal_tps30,medium_beta_coherent,3.75,7,mixed_Z16_G24_Rz24,10,10,1,1,1,0,0,1,1
487,cp04p00_medium_beta_coherent_t0007,487,7,120,formal_tps30,medium_beta_coherent,3.75,7,combined_int14,1,1,1,1,1,0,0,1,1
487,cp04p00_medium_beta_coherent_t0007,487,7,120,formal_tps30,medium_beta_coherent,3.75,7,combined_int14,3,3,1,1,1,0,0,1,1
487,cp04p00_medium_beta_coherent_t0007,487,7,120,formal_tps30,medium_beta_coherent,3.75,7,combined_int14,5,5,1,1,1,0,0,1,1
487,cp04p00_medium_beta_coherent_t0007,487,7,120,formal_tps30,medium_beta_coherent,3.75,7,combined_int14,10,10,1,1,1,0,0,1,1
487,cp04p00_medium_beta_coherent_t0007,487,7,120,formal_tps30,medium_beta_coherent,3.75,7,W_int18_G24_Z16,1,1,1,1,1,0,0,1,1
487,cp04p00_medium_beta_coherent_t0007,487,7,120,formal_tps30,medium_beta_coherent,3.75,7,W_int18_G24_Z16,3,3,1,1,1,0,0,1,1
487,cp04p00_medium_beta_coherent_t0007,487,7,120,formal_tps30,medium_beta_coherent,3.75,7,W_int18_G24_Z16,5,5,1,1,1,0,0,1,1
487,cp04p00_medium_beta_coherent_t0007,487,7,120,formal_tps30,medium_beta_coherent,3.75,7,W_int18_G24_Z16,10,10,1,1,1,0,0,1,1
607,cp08p00_easy_noncoherent_t0007,607,7,120,formal_tps30,easy_noncoherent,7.5,7,double_baseline,1,1,1,1,1,0,0,0,0
607,cp08p00_easy_noncoherent_t0007,607,7,120,formal_tps30,easy_noncoherent,7.5,7,double_baseline,3,3,1,1,1,0,0,0,0
607,cp08p00_easy_noncoherent_t0007,607,7,120,formal_tps30,easy_noncoherent,7.5,7,double_baseline,5,5,1,1,1,0,0,0,0
607,cp08p00_easy_noncoherent_t0007,607,7,120,formal_tps30,easy_noncoherent,7.5,7,double_baseline,10,10,1,1,1,0,0,0,0
607,cp08p00_easy_noncoherent_t0007,607,7,120,formal_tps30,easy_noncoherent,7.5,7,float32_all,1,1,1,1,1,0,0,0,0
607,cp08p00_easy_noncoherent_t0007,607,7,120,formal_tps30,easy_noncoherent,7.5,7,float32_all,3,3,1,1,1,0,0,0,0
607,cp08p00_easy_noncoherent_t0007,607,7,120,formal_tps30,easy_noncoherent,7.5,7,float32_all,5,5,1,1,1,0,0,0,0
607,cp08p00_easy_noncoherent_t0007,607,7,120,formal_tps30,easy_noncoherent,7.5,7,float32_all,10,10,1,1,1,0,0,0,0
607,cp08p00_easy_noncoherent_t0007,607,7,120,formal_tps30,easy_noncoherent,7.5,7,combined_int16,1,1,1,1,1,0,0,0,0
607,cp08p00_easy_noncoherent_t0007,607,7,120,formal_tps30,easy_noncoherent,7.5,7,combined_int16,3,3,1,1,1,0,0,0,0
607,cp08p00_easy_noncoherent_t0007,607,7,120,formal_tps30,easy_noncoherent,7.5,7,combined_int16,5,5,1,1,1,0,0,0,0
607,cp08p00_easy_noncoherent_t0007,607,7,120,formal_tps30,easy_noncoherent,7.5,7,combined_int16,10,10,1,1,1,0,0,0,0
607,cp08p00_easy_noncoherent_t0007,607,7,120,formal_tps30,easy_noncoherent,7.5,7,combined_int18,1,1,1,1,1,0,0,0,0
607,cp08p00_easy_noncoherent_t0007,607,7,120,formal_tps30,easy_noncoherent,7.5,7,combined_int18,3,3,1,1,1,0,0,0,0
607,cp08p00_easy_noncoherent_t0007,607,7,120,formal_tps30,easy_noncoherent,7.5,7,combined_int18,5,5,1,1,1,0,0,0,0
607,cp08p00_easy_noncoherent_t0007,607,7,120,formal_tps30,easy_noncoherent,7.5,7,combined_int18,10,10,1,1,1,0,0,0,0
607,cp08p00_easy_noncoherent_t0007,607,7,120,formal_tps30,easy_noncoherent,7.5,7,combined_int24,1,1,1,1,1,0,0,0,0
607,cp08p00_easy_noncoherent_t0007,607,7,120,formal_tps30,easy_noncoherent,7.5,7,combined_int24,3,3,1,1,1,0,0,0,0
607,cp08p00_easy_noncoherent_t0007,607,7,120,formal_tps30,easy_noncoherent,7.5,7,combined_int24,5,5,1,1,1,0,0,0,0
607,cp08p00_easy_noncoherent_t0007,607,7,120,formal_tps30,easy_noncoherent,7.5,7,combined_int24,10,10,1,1,1,0,0,0,0
607,cp08p00_easy_noncoherent_t0007,607,7,120,formal_tps30,easy_noncoherent,7.5,7,mixed_Z16_G24_Rz24,1,1,1,1,1,0,0,0,0
607,cp08p00_easy_noncoherent_t0007,607,7,120,formal_tps30,easy_noncoherent,7.5,7,mixed_Z16_G24_Rz24,3,3,1,1,1,0,0,0,0
607,cp08p00_easy_noncoherent_t0007,607,7,120,formal_tps30,easy_noncoherent,7.5,7,mixed_Z16_G24_Rz24,5,5,1,1,1,0,0,0,0
607,cp08p00_easy_noncoherent_t0007,607,7,120,formal_tps30,easy_noncoherent,7.5,7,mixed_Z16_G24_Rz24,10,10,1,1,1,0,0,0,0
607,cp08p00_easy_noncoherent_t0007,607,7,120,formal_tps30,easy_noncoherent,7.5,7,combined_int14,1,1,1,1,1,0,0,0,0
607,cp08p00_easy_noncoherent_t0007,607,7,120,formal_tps30,easy_noncoherent,7.5,7,combined_int14,3,3,1,1,1,0,0,0,0
607,cp08p00_easy_noncoherent_t0007,607,7,120,formal_tps30,easy_noncoherent,7.5,7,combined_int14,5,5,1,1,1,0,0,0,0
607,cp08p00_easy_noncoherent_t0007,607,7,120,formal_tps30,easy_noncoherent,7.5,7,combined_int14,10,10,1,1,1,0,0,0,0
607,cp08p00_easy_noncoherent_t0007,607,7,120,formal_tps30,easy_noncoherent,7.5,7,W_int18_G24_Z16,1,1,1,1,1,0,0,0,0
607,cp08p00_easy_noncoherent_t0007,607,7,120,formal_tps30,easy_noncoherent,7.5,7,W_int18_G24_Z16,3,3,1,1,1,0,0,0,0
607,cp08p00_easy_noncoherent_t0007,607,7,120,formal_tps30,easy_noncoherent,7.5,7,W_int18_G24_Z16,5,5,1,1,1,0,0,0,0
607,cp08p00_easy_noncoherent_t0007,607,7,120,formal_tps30,easy_noncoherent,7.5,7,W_int18_G24_Z16,10,10,1,1,1,0,0,0,0
727,cp08p00_low_snr_hard_t0007,727,7,120,formal_tps30,low_snr_hard,7.5,7,double_baseline,1,1,1,1,1,0,0,0,0
727,cp08p00_low_snr_hard_t0007,727,7,120,formal_tps30,low_snr_hard,7.5,7,double_baseline,3,3,1,1,1,0,0,0,0
727,cp08p00_low_snr_hard_t0007,727,7,120,formal_tps30,low_snr_hard,7.5,7,double_baseline,5,5,1,1,1,0,0,0,0
727,cp08p00_low_snr_hard_t0007,727,7,120,formal_tps30,low_snr_hard,7.5,7,double_baseline,10,10,1,1,1,0,0,0,0
727,cp08p00_low_snr_hard_t0007,727,7,120,formal_tps30,low_snr_hard,7.5,7,float32_all,1,1,1,1,1,0,0,0,0
727,cp08p00_low_snr_hard_t0007,727,7,120,formal_tps30,low_snr_hard,7.5,7,float32_all,3,3,1,1,1,0,0,0,0
727,cp08p00_low_snr_hard_t0007,727,7,120,formal_tps30,low_snr_hard,7.5,7,float32_all,5,5,1,1,1,0,0,0,0
727,cp08p00_low_snr_hard_t0007,727,7,120,formal_tps30,low_snr_hard,7.5,7,float32_all,10,10,1,1,1,0,0,0,0
727,cp08p00_low_snr_hard_t0007,727,7,120,formal_tps30,low_snr_hard,7.5,7,combined_int16,1,1,1,1,1,0,0,0,0
727,cp08p00_low_snr_hard_t0007,727,7,120,formal_tps30,low_snr_hard,7.5,7,combined_int16,3,3,1,1,1,0,0,0,0
727,cp08p00_low_snr_hard_t0007,727,7,120,formal_tps30,low_snr_hard,7.5,7,combined_int16,5,5,1,1,1,0,0,0,0
727,cp08p00_low_snr_hard_t0007,727,7,120,formal_tps30,low_snr_hard,7.5,7,combined_int16,10,10,1,1,1,0,0,0,0
727,cp08p00_low_snr_hard_t0007,727,7,120,formal_tps30,low_snr_hard,7.5,7,combined_int18,1,1,1,1,1,0,0,0,0
727,cp08p00_low_snr_hard_t0007,727,7,120,formal_tps30,low_snr_hard,7.5,7,combined_int18,3,3,1,1,1,0,0,0,0
727,cp08p00_low_snr_hard_t0007,727,7,120,formal_tps30,low_snr_hard,7.5,7,combined_int18,5,5,1,1,1,0,0,0,0
727,cp08p00_low_snr_hard_t0007,727,7,120,formal_tps30,low_snr_hard,7.5,7,combined_int18,10,10,1,1,1,0,0,0,0
727,cp08p00_low_snr_hard_t0007,727,7,120,formal_tps30,low_snr_hard,7.5,7,combined_int24,1,1,1,1,1,0,0,0,0
727,cp08p00_low_snr_hard_t0007,727,7,120,formal_tps30,low_snr_hard,7.5,7,combined_int24,3,3,1,1,1,0,0,0,0
727,cp08p00_low_snr_hard_t0007,727,7,120,formal_tps30,low_snr_hard,7.5,7,combined_int24,5,5,1,1,1,0,0,0,0
727,cp08p00_low_snr_hard_t0007,727,7,120,formal_tps30,low_snr_hard,7.5,7,combined_int24,10,10,1,1,1,0,0,0,0
727,cp08p00_low_snr_hard_t0007,727,7,120,formal_tps30,low_snr_hard,7.5,7,mixed_Z16_G24_Rz24,1,1,1,1,1,0,0,0,0
727,cp08p00_low_snr_hard_t0007,727,7,120,formal_tps30,low_snr_hard,7.5,7,mixed_Z16_G24_Rz24,3,3,1,1,1,0,0,0,0
727,cp08p00_low_snr_hard_t0007,727,7,120,formal_tps30,low_snr_hard,7.5,7,mixed_Z16_G24_Rz24,5,5,1,1,1,0,0,0,0
727,cp08p00_low_snr_hard_t0007,727,7,120,formal_tps30,low_snr_hard,7.5,7,mixed_Z16_G24_Rz24,10,10,1,1,1,0,0,0,0
727,cp08p00_low_snr_hard_t0007,727,7,120,formal_tps30,low_snr_hard,7.5,7,combined_int14,1,1,1,1,1,0,0,0,0
727,cp08p00_low_snr_hard_t0007,727,7,120,formal_tps30,low_snr_hard,7.5,7,combined_int14,3,3,0,1,1,0,0,0,0
727,cp08p00_low_snr_hard_t0007,727,7,120,formal_tps30,low_snr_hard,7.5,7,combined_int14,5,5,0,1,1,0,0,0,0
727,cp08p00_low_snr_hard_t0007,727,7,120,formal_tps30,low_snr_hard,7.5,7,combined_int14,10,10,0,1,1,0,0,0,0
727,cp08p00_low_snr_hard_t0007,727,7,120,formal_tps30,low_snr_hard,7.5,7,W_int18_G24_Z16,1,1,1,1,1,0,0,0,0
727,cp08p00_low_snr_hard_t0007,727,7,120,formal_tps30,low_snr_hard,7.5,7,W_int18_G24_Z16,3,3,1,1,1,0,0,0,0
727,cp08p00_low_snr_hard_t0007,727,7,120,formal_tps30,low_snr_hard,7.5,7,W_int18_G24_Z16,5,5,1,1,1,0,0,0,0
727,cp08p00_low_snr_hard_t0007,727,7,120,formal_tps30,low_snr_hard,7.5,7,W_int18_G24_Z16,10,10,1,1,1,0,0,0,0
847,cp08p00_cache_boundary_center_t0007,847,7,120,formal_tps30,cache_boundary_center,7.5,7,double_baseline,1,1,1,1,1,0,0,1,1
847,cp08p00_cache_boundary_center_t0007,847,7,120,formal_tps30,cache_boundary_center,7.5,7,double_baseline,3,3,1,1,1,0,0,1,1
847,cp08p00_cache_boundary_center_t0007,847,7,120,formal_tps30,cache_boundary_center,7.5,7,double_baseline,5,5,1,1,1,0,0,1,1
847,cp08p00_cache_boundary_center_t0007,847,7,120,formal_tps30,cache_boundary_center,7.5,7,double_baseline,10,10,1,1,1,0,0,1,1
847,cp08p00_cache_boundary_center_t0007,847,7,120,formal_tps30,cache_boundary_center,7.5,7,float32_all,1,1,1,1,1,0,0,1,1
847,cp08p00_cache_boundary_center_t0007,847,7,120,formal_tps30,cache_boundary_center,7.5,7,float32_all,3,3,1,1,1,0,0,1,1
847,cp08p00_cache_boundary_center_t0007,847,7,120,formal_tps30,cache_boundary_center,7.5,7,float32_all,5,5,1,1,1,0,0,1,1
847,cp08p00_cache_boundary_center_t0007,847,7,120,formal_tps30,cache_boundary_center,7.5,7,float32_all,10,10,1,1,1,0,0,1,1
847,cp08p00_cache_boundary_center_t0007,847,7,120,formal_tps30,cache_boundary_center,7.5,7,combined_int16,1,1,1,1,1,0,0,1,1
847,cp08p00_cache_boundary_center_t0007,847,7,120,formal_tps30,cache_boundary_center,7.5,7,combined_int16,3,3,1,1,1,0,0,1,1
847,cp08p00_cache_boundary_center_t0007,847,7,120,formal_tps30,cache_boundary_center,7.5,7,combined_int16,5,5,1,1,1,0,0,1,1
847,cp08p00_cache_boundary_center_t0007,847,7,120,formal_tps30,cache_boundary_center,7.5,7,combined_int16,10,10,1,1,1,0,0,1,1
847,cp08p00_cache_boundary_center_t0007,847,7,120,formal_tps30,cache_boundary_center,7.5,7,combined_int18,1,1,1,1,1,0,0,1,1
847,cp08p00_cache_boundary_center_t0007,847,7,120,formal_tps30,cache_boundary_center,7.5,7,combined_int18,3,3,1,1,1,0,0,1,1
847,cp08p00_cache_boundary_center_t0007,847,7,120,formal_tps30,cache_boundary_center,7.5,7,combined_int18,5,5,1,1,1,0,0,1,1
847,cp08p00_cache_boundary_center_t0007,847,7,120,formal_tps30,cache_boundary_center,7.5,7,combined_int18,10,10,1,1,1,0,0,1,1
847,cp08p00_cache_boundary_center_t0007,847,7,120,formal_tps30,cache_boundary_center,7.5,7,combined_int24,1,1,1,1,1,0,0,1,1
847,cp08p00_cache_boundary_center_t0007,847,7,120,formal_tps30,cache_boundary_center,7.5,7,combined_int24,3,3,1,1,1,0,0,1,1
847,cp08p00_cache_boundary_center_t0007,847,7,120,formal_tps30,cache_boundary_center,7.5,7,combined_int24,5,5,1,1,1,0,0,1,1
847,cp08p00_cache_boundary_center_t0007,847,7,120,formal_tps30,cache_boundary_center,7.5,7,combined_int24,10,10,1,1,1,0,0,1,1
847,cp08p00_cache_boundary_center_t0007,847,7,120,formal_tps30,cache_boundary_center,7.5,7,mixed_Z16_G24_Rz24,1,1,1,1,1,0,0,1,1
847,cp08p00_cache_boundary_center_t0007,847,7,120,formal_tps30,cache_boundary_center,7.5,7,mixed_Z16_G24_Rz24,3,3,1,1,1,0,0,1,1
847,cp08p00_cache_boundary_center_t0007,847,7,120,formal_tps30,cache_boundary_center,7.5,7,mixed_Z16_G24_Rz24,5,5,1,1,1,0,0,1,1
847,cp08p00_cache_boundary_center_t0007,847,7,120,formal_tps30,cache_boundary_center,7.5,7,mixed_Z16_G24_Rz24,10,10,1,1,1,0,0,1,1
847,cp08p00_cache_boundary_center_t0007,847,7,120,formal_tps30,cache_boundary_center,7.5,7,combined_int14,1,1,1,1,1,0,0,1,1
847,cp08p00_cache_boundary_center_t0007,847,7,120,formal_tps30,cache_boundary_center,7.5,7,combined_int14,3,3,1,1,1,0,0,1,1
847,cp08p00_cache_boundary_center_t0007,847,7,120,formal_tps30,cache_boundary_center,7.5,7,combined_int14,5,5,1,1,1,0,0,1,1
847,cp08p00_cache_boundary_center_t0007,847,7,120,formal_tps30,cache_boundary_center,7.5,7,combined_int14,10,10,1,1,1,0,0,1,1
847,cp08p00_cache_boundary_center_t0007,847,7,120,formal_tps30,cache_boundary_center,7.5,7,W_int18_G24_Z16,1,1,1,1,1,0,0,1,1
847,cp08p00_cache_boundary_center_t0007,847,7,120,formal_tps30,cache_boundary_center,7.5,7,W_int18_G24_Z16,3,3,1,1,1,0,0,1,1
847,cp08p00_cache_boundary_center_t0007,847,7,120,formal_tps30,cache_boundary_center,7.5,7,W_int18_G24_Z16,5,5,1,1,1,0,0,1,1
847,cp08p00_cache_boundary_center_t0007,847,7,120,formal_tps30,cache_boundary_center,7.5,7,W_int18_G24_Z16,10,10,1,1,1,0,0,1,1
967,cp15p00_hard_phase_t0007,967,7,120,formal_tps30,hard_phase,15,7,double_baseline,1,1,1,1,1,0,0,1,1
967,cp15p00_hard_phase_t0007,967,7,120,formal_tps30,hard_phase,15,7,double_baseline,3,3,1,1,1,0,0,1,1
967,cp15p00_hard_phase_t0007,967,7,120,formal_tps30,hard_phase,15,7,double_baseline,5,5,1,1,1,0,0,1,1
967,cp15p00_hard_phase_t0007,967,7,120,formal_tps30,hard_phase,15,7,double_baseline,10,10,1,1,1,0,0,1,1
967,cp15p00_hard_phase_t0007,967,7,120,formal_tps30,hard_phase,15,7,float32_all,1,1,1,1,1,0,0,1,1
967,cp15p00_hard_phase_t0007,967,7,120,formal_tps30,hard_phase,15,7,float32_all,3,3,1,1,1,0,0,1,1
967,cp15p00_hard_phase_t0007,967,7,120,formal_tps30,hard_phase,15,7,float32_all,5,5,1,1,1,0,0,1,1
967,cp15p00_hard_phase_t0007,967,7,120,formal_tps30,hard_phase,15,7,float32_all,10,10,1,1,1,0,0,1,1
967,cp15p00_hard_phase_t0007,967,7,120,formal_tps30,hard_phase,15,7,combined_int16,1,1,1,1,1,0,0,1,1
967,cp15p00_hard_phase_t0007,967,7,120,formal_tps30,hard_phase,15,7,combined_int16,3,3,1,1,1,0,0,1,1
967,cp15p00_hard_phase_t0007,967,7,120,formal_tps30,hard_phase,15,7,combined_int16,5,5,1,1,1,0,0,1,1
967,cp15p00_hard_phase_t0007,967,7,120,formal_tps30,hard_phase,15,7,combined_int16,10,10,1,1,1,0,0,1,1
967,cp15p00_hard_phase_t0007,967,7,120,formal_tps30,hard_phase,15,7,combined_int18,1,1,1,1,1,0,0,1,1
967,cp15p00_hard_phase_t0007,967,7,120,formal_tps30,hard_phase,15,7,combined_int18,3,3,1,1,1,0,0,1,1
967,cp15p00_hard_phase_t0007,967,7,120,formal_tps30,hard_phase,15,7,combined_int18,5,5,1,1,1,0,0,1,1
967,cp15p00_hard_phase_t0007,967,7,120,formal_tps30,hard_phase,15,7,combined_int18,10,10,1,1,1,0,0,1,1
967,cp15p00_hard_phase_t0007,967,7,120,formal_tps30,hard_phase,15,7,combined_int24,1,1,1,1,1,0,0,1,1
967,cp15p00_hard_phase_t0007,967,7,120,formal_tps30,hard_phase,15,7,combined_int24,3,3,1,1,1,0,0,1,1
967,cp15p00_hard_phase_t0007,967,7,120,formal_tps30,hard_phase,15,7,combined_int24,5,5,1,1,1,0,0,1,1
967,cp15p00_hard_phase_t0007,967,7,120,formal_tps30,hard_phase,15,7,combined_int24,10,10,1,1,1,0,0,1,1
967,cp15p00_hard_phase_t0007,967,7,120,formal_tps30,hard_phase,15,7,mixed_Z16_G24_Rz24,1,1,1,1,1,0,0,1,1
967,cp15p00_hard_phase_t0007,967,7,120,formal_tps30,hard_phase,15,7,mixed_Z16_G24_Rz24,3,3,1,1,1,0,0,1,1
967,cp15p00_hard_phase_t0007,967,7,120,formal_tps30,hard_phase,15,7,mixed_Z16_G24_Rz24,5,5,1,1,1,0,0,1,1
967,cp15p00_hard_phase_t0007,967,7,120,formal_tps30,hard_phase,15,7,mixed_Z16_G24_Rz24,10,10,1,1,1,0,0,1,1
967,cp15p00_hard_phase_t0007,967,7,120,formal_tps30,hard_phase,15,7,combined_int14,1,1,1,1,1,0,0,1,1
967,cp15p00_hard_phase_t0007,967,7,120,formal_tps30,hard_phase,15,7,combined_int14,3,3,1,1,1,0,0,1,1
967,cp15p00_hard_phase_t0007,967,7,120,formal_tps30,hard_phase,15,7,combined_int14,5,5,1,1,1,0,0,1,1
967,cp15p00_hard_phase_t0007,967,7,120,formal_tps30,hard_phase,15,7,combined_int14,10,10,1,1,1,0,0,1,1
967,cp15p00_hard_phase_t0007,967,7,120,formal_tps30,hard_phase,15,7,W_int18_G24_Z16,1,1,1,1,1,0,0,1,1
967,cp15p00_hard_phase_t0007,967,7,120,formal_tps30,hard_phase,15,7,W_int18_G24_Z16,3,3,1,1,1,0,0,1,1
967,cp15p00_hard_phase_t0007,967,7,120,formal_tps30,hard_phase,15,7,W_int18_G24_Z16,5,5,1,1,1,0,0,1,1
967,cp15p00_hard_phase_t0007,967,7,120,formal_tps30,hard_phase,15,7,W_int18_G24_Z16,10,10,1,1,1,0,0,1,1
1087,cp15p00_medium_beta_coherent_t0007,1087,7,120,formal_tps30,medium_beta_coherent,15,7,double_baseline,1,1,1,1,1,0,0,1,1
1087,cp15p00_medium_beta_coherent_t0007,1087,7,120,formal_tps30,medium_beta_coherent,15,7,double_baseline,3,3,1,1,1,0,0,1,1
1087,cp15p00_medium_beta_coherent_t0007,1087,7,120,formal_tps30,medium_beta_coherent,15,7,double_baseline,5,5,1,1,1,0,0,1,1
1087,cp15p00_medium_beta_coherent_t0007,1087,7,120,formal_tps30,medium_beta_coherent,15,7,double_baseline,10,10,1,1,1,0,0,1,1
1087,cp15p00_medium_beta_coherent_t0007,1087,7,120,formal_tps30,medium_beta_coherent,15,7,float32_all,1,1,1,1,1,0,0,1,1
1087,cp15p00_medium_beta_coherent_t0007,1087,7,120,formal_tps30,medium_beta_coherent,15,7,float32_all,3,3,1,1,1,0,0,1,1
1087,cp15p00_medium_beta_coherent_t0007,1087,7,120,formal_tps30,medium_beta_coherent,15,7,float32_all,5,5,1,1,1,0,0,1,1
1087,cp15p00_medium_beta_coherent_t0007,1087,7,120,formal_tps30,medium_beta_coherent,15,7,float32_all,10,10,1,1,1,0,0,1,1
1087,cp15p00_medium_beta_coherent_t0007,1087,7,120,formal_tps30,medium_beta_coherent,15,7,combined_int16,1,1,1,1,1,0,0,1,1
1087,cp15p00_medium_beta_coherent_t0007,1087,7,120,formal_tps30,medium_beta_coherent,15,7,combined_int16,3,3,1,1,1,0,0,1,1
1087,cp15p00_medium_beta_coherent_t0007,1087,7,120,formal_tps30,medium_beta_coherent,15,7,combined_int16,5,5,1,1,1,0,0,1,1
1087,cp15p00_medium_beta_coherent_t0007,1087,7,120,formal_tps30,medium_beta_coherent,15,7,combined_int16,10,10,1,1,1,0,0,1,1
1087,cp15p00_medium_beta_coherent_t0007,1087,7,120,formal_tps30,medium_beta_coherent,15,7,combined_int18,1,1,1,1,1,0,0,1,1
1087,cp15p00_medium_beta_coherent_t0007,1087,7,120,formal_tps30,medium_beta_coherent,15,7,combined_int18,3,3,1,1,1,0,0,1,1
1087,cp15p00_medium_beta_coherent_t0007,1087,7,120,formal_tps30,medium_beta_coherent,15,7,combined_int18,5,5,1,1,1,0,0,1,1
1087,cp15p00_medium_beta_coherent_t0007,1087,7,120,formal_tps30,medium_beta_coherent,15,7,combined_int18,10,10,1,1,1,0,0,1,1
1087,cp15p00_medium_beta_coherent_t0007,1087,7,120,formal_tps30,medium_beta_coherent,15,7,combined_int24,1,1,1,1,1,0,0,1,1
1087,cp15p00_medium_beta_coherent_t0007,1087,7,120,formal_tps30,medium_beta_coherent,15,7,combined_int24,3,3,1,1,1,0,0,1,1
1087,cp15p00_medium_beta_coherent_t0007,1087,7,120,formal_tps30,medium_beta_coherent,15,7,combined_int24,5,5,1,1,1,0,0,1,1
1087,cp15p00_medium_beta_coherent_t0007,1087,7,120,formal_tps30,medium_beta_coherent,15,7,combined_int24,10,10,1,1,1,0,0,1,1
1087,cp15p00_medium_beta_coherent_t0007,1087,7,120,formal_tps30,medium_beta_coherent,15,7,mixed_Z16_G24_Rz24,1,1,1,1,1,0,0,1,1
1087,cp15p00_medium_beta_coherent_t0007,1087,7,120,formal_tps30,medium_beta_coherent,15,7,mixed_Z16_G24_Rz24,3,3,1,1,1,0,0,1,1
1087,cp15p00_medium_beta_coherent_t0007,1087,7,120,formal_tps30,medium_beta_coherent,15,7,mixed_Z16_G24_Rz24,5,5,1,1,1,0,0,1,1
1087,cp15p00_medium_beta_coherent_t0007,1087,7,120,formal_tps30,medium_beta_coherent,15,7,mixed_Z16_G24_Rz24,10,10,1,1,1,0,0,1,1
1087,cp15p00_medium_beta_coherent_t0007,1087,7,120,formal_tps30,medium_beta_coherent,15,7,combined_int14,1,1,1,1,1,0,0,1,1
1087,cp15p00_medium_beta_coherent_t0007,1087,7,120,formal_tps30,medium_beta_coherent,15,7,combined_int14,3,3,0,0,0.5,1,0.333333333333333,1,0
1087,cp15p00_medium_beta_coherent_t0007,1087,7,120,formal_tps30,medium_beta_coherent,15,7,combined_int14,5,5,0,1,1,0,0,1,1
1087,cp15p00_medium_beta_coherent_t0007,1087,7,120,formal_tps30,medium_beta_coherent,15,7,combined_int14,10,10,0,1,1,0,0,1,1
1087,cp15p00_medium_beta_coherent_t0007,1087,7,120,formal_tps30,medium_beta_coherent,15,7,W_int18_G24_Z16,1,1,1,1,1,0,0,1,1
1087,cp15p00_medium_beta_coherent_t0007,1087,7,120,formal_tps30,medium_beta_coherent,15,7,W_int18_G24_Z16,3,3,1,1,1,0,0,1,1
1087,cp15p00_medium_beta_coherent_t0007,1087,7,120,formal_tps30,medium_beta_coherent,15,7,W_int18_G24_Z16,5,5,1,1,1,0,0,1,1
1087,cp15p00_medium_beta_coherent_t0007,1087,7,120,formal_tps30,medium_beta_coherent,15,7,W_int18_G24_Z16,10,10,1,1,1,0,0,1,1
